-- phpMyAdmin SQL Dump
-- version 4.7.8
-- https://www.phpmyadmin.net/
--
-- Máy chủ: db
-- Thời gian đã tạo: Th3 19, 2018 lúc 03:38 PM
-- Phiên bản máy phục vụ: 5.7.21
-- Phiên bản PHP: 7.2.2

SET SQL_MODE = "NO_AUTO_VALUE_ON_ZERO";
SET AUTOCOMMIT = 0;
START TRANSACTION;
SET time_zone = "+00:00";


/*!40101 SET @OLD_CHARACTER_SET_CLIENT=@@CHARACTER_SET_CLIENT */;
/*!40101 SET @OLD_CHARACTER_SET_RESULTS=@@CHARACTER_SET_RESULTS */;
/*!40101 SET @OLD_COLLATION_CONNECTION=@@COLLATION_CONNECTION */;
/*!40101 SET NAMES utf8mb4 */;

--
-- Cơ sở dữ liệu: `hhdulich_demo`
--

-- --------------------------------------------------------

--
-- Cấu trúc bảng cho bảng `achievementFiles`
--

CREATE TABLE `achievementFiles` (
  `id` int(10) UNSIGNED NOT NULL,
  `memberId` int(10) UNSIGNED NOT NULL,
  `fileId` int(10) UNSIGNED NOT NULL,
  `createdAt` timestamp NULL DEFAULT NULL,
  `updatedAt` timestamp NULL DEFAULT NULL
) ENGINE=InnoDB DEFAULT CHARSET=utf8mb4 COLLATE=utf8mb4_unicode_ci;

-- --------------------------------------------------------

--
-- Cấu trúc bảng cho bảng `code`
--

CREATE TABLE `code` (
  `id` int(11) NOT NULL,
  `prefix` char(10) DEFAULT NULL,
  `current_code` int(11) DEFAULT NULL,
  `created_at` datetime DEFAULT NULL,
  `updated_at` timestamp NULL DEFAULT NULL ON UPDATE CURRENT_TIMESTAMP
) ENGINE=InnoDB DEFAULT CHARSET=latin1;

--
-- Đang đổ dữ liệu cho bảng `code`
--

INSERT INTO `code` (`id`, `prefix`, `current_code`, `created_at`, `updated_at`) VALUES
(1, 'C', 47, '2018-03-13 03:29:20', '2018-03-19 09:27:28'),
(2, '3', 4, '2018-03-13 07:37:31', '2018-03-15 10:13:42'),
(3, '1', 3, '2018-03-13 08:06:16', '2018-03-15 10:13:54'),
(4, '2', 22, '2018-03-13 08:06:47', '2018-03-16 08:04:54');

-- --------------------------------------------------------

--
-- Cấu trúc bảng cho bảng `educationBranches`
--

CREATE TABLE `educationBranches` (
  `id` int(10) UNSIGNED NOT NULL,
  `branchName` varchar(191) COLLATE utf8mb4_unicode_ci DEFAULT NULL,
  `createdAt` timestamp NULL DEFAULT NULL,
  `updatedAt` timestamp NULL DEFAULT NULL,
  `status` tinyint(4) DEFAULT NULL
) ENGINE=InnoDB DEFAULT CHARSET=utf8mb4 COLLATE=utf8mb4_unicode_ci;

--
-- Đang đổ dữ liệu cho bảng `educationBranches`
--

INSERT INTO `educationBranches` (`id`, `branchName`, `createdAt`, `updatedAt`, `status`) VALUES
(1, 'Du lịch', '2017-11-30 17:08:35', '2017-11-30 17:08:35', 1),
(2, 'Kinh tế/Khoa học xã hội', '2017-11-30 17:08:35', '2017-11-30 17:08:35', 1),
(3, 'Kỹ thuật/Khoa học tự nhiên', '2017-12-29 17:00:00', '2017-12-29 17:00:00', 1);

-- --------------------------------------------------------

--
-- Cấu trúc bảng cho bảng `educationDegrees`
--

CREATE TABLE `educationDegrees` (
  `id` int(10) UNSIGNED NOT NULL,
  `degree` varchar(191) COLLATE utf8mb4_unicode_ci DEFAULT NULL,
  `createdAt` timestamp NULL DEFAULT NULL,
  `updatedAt` timestamp NULL DEFAULT NULL,
  `status` tinyint(4) DEFAULT NULL
) ENGINE=InnoDB DEFAULT CHARSET=utf8mb4 COLLATE=utf8mb4_unicode_ci;

--
-- Đang đổ dữ liệu cho bảng `educationDegrees`
--

INSERT INTO `educationDegrees` (`id`, `degree`, `createdAt`, `updatedAt`, `status`) VALUES
(1, 'Trung cấp sửa', '2017-11-30 17:08:35', '2017-11-30 17:08:35', 0),
(2, 'Cao đẳng', '2017-11-30 17:08:35', '2017-11-30 17:08:35', 1),
(3, 'Đại học', '2017-12-01 02:26:24', '2017-12-30 03:27:30', 1),
(4, 'Trên Đại học', '0000-00-00 00:00:00', '0000-00-00 00:00:00', 1);

-- --------------------------------------------------------

--
-- Cấu trúc bảng cho bảng `educations`
--

CREATE TABLE `educations` (
  `id` int(10) UNSIGNED NOT NULL,
  `memberId` int(10) UNSIGNED NOT NULL,
  `branchId` int(10) UNSIGNED NOT NULL DEFAULT '1',
  `degreeId` int(10) UNSIGNED NOT NULL,
  `fileId` int(10) UNSIGNED DEFAULT NULL,
  `createdAt` timestamp NULL DEFAULT NULL,
  `updatedAt` timestamp NULL DEFAULT NULL
) ENGINE=InnoDB DEFAULT CHARSET=utf8mb4 COLLATE=utf8mb4_unicode_ci;

--
-- Đang đổ dữ liệu cho bảng `educations`
--

INSERT INTO `educations` (`id`, `memberId`, `branchId`, `degreeId`, `fileId`, `createdAt`, `updatedAt`) VALUES
(1, 1, 3, 4, NULL, '2018-03-13 02:53:09', '2018-03-16 10:10:07'),
(2, 2, 3, 4, NULL, '2018-03-13 02:59:56', '2018-03-13 02:59:56'),
(3, 3, 1, 4, NULL, '2018-03-13 03:05:04', '2018-03-13 03:05:04'),
(4, 4, 3, 3, NULL, '2018-03-13 03:10:03', '2018-03-13 03:10:03'),
(5, 5, 2, 4, NULL, '2018-03-13 03:11:17', '2018-03-13 03:11:17'),
(6, 6, 2, 4, NULL, '2018-03-13 03:11:40', '2018-03-13 03:11:40'),
(7, 7, 3, 4, NULL, '2018-03-13 03:14:55', '2018-03-13 03:14:55'),
(8, 8, 1, 2, NULL, '2018-03-13 03:35:52', '2018-03-13 03:35:52'),
(9, 9, 2, 4, NULL, '2018-03-13 04:42:24', '2018-03-13 04:42:24'),
(10, 10, 2, 4, NULL, '2018-03-13 06:57:24', '2018-03-13 06:57:24'),
(11, 11, 2, 2, NULL, '2018-03-13 07:00:48', '2018-03-13 07:00:48'),
(12, 12, 2, 2, NULL, '2018-03-13 07:13:06', '2018-03-13 07:13:06'),
(13, 13, 2, 4, NULL, '2018-03-13 07:16:53', '2018-03-13 07:16:53'),
(14, 14, 2, 3, NULL, '2018-03-13 07:20:27', '2018-03-13 07:20:27'),
(15, 15, 2, 3, NULL, '2018-03-13 07:22:15', '2018-03-13 07:22:15'),
(16, 16, 2, 2, NULL, '2018-03-13 15:29:33', '2018-03-16 08:39:20'),
(17, 17, 1, 3, NULL, '2018-03-14 02:37:17', '2018-03-19 01:50:33'),
(18, 18, 2, 2, NULL, '2018-03-14 02:42:54', '2018-03-14 02:42:54'),
(19, 19, 2, 2, NULL, '2018-03-14 03:31:48', '2018-03-14 03:31:48'),
(20, 20, 2, 2, NULL, '2018-03-14 03:34:11', '2018-03-14 03:34:11'),
(21, 21, 2, 3, NULL, '2018-03-14 03:37:23', '2018-03-14 03:37:23'),
(22, 22, 2, 3, NULL, '2018-03-14 03:40:40', '2018-03-14 03:40:40'),
(23, 23, 2, 2, NULL, '2018-03-14 03:58:44', '2018-03-14 03:58:44'),
(24, 24, 2, 3, NULL, '2018-03-14 04:01:34', '2018-03-14 04:01:34'),
(25, 25, 2, 2, NULL, '2018-03-14 04:03:19', '2018-03-14 04:03:19'),
(26, 26, 2, 3, NULL, '2018-03-14 04:04:03', '2018-03-14 04:04:03'),
(27, 27, 2, 2, NULL, '2018-03-14 04:05:08', '2018-03-14 04:05:08'),
(28, 28, 2, 2, NULL, '2018-03-14 04:08:33', '2018-03-14 04:08:33'),
(29, 29, 2, 3, NULL, '2018-03-14 04:10:14', '2018-03-14 04:10:14'),
(30, 30, 3, 3, NULL, '2018-03-14 04:11:30', '2018-03-14 04:11:30'),
(31, 31, 2, 4, NULL, '2018-03-14 04:12:00', '2018-03-16 09:28:16'),
(32, 32, 2, 3, NULL, '2018-03-14 04:15:27', '2018-03-14 04:15:27'),
(33, 33, 3, 3, NULL, '2018-03-14 04:17:53', '2018-03-14 04:17:53'),
(34, 34, 2, 2, NULL, '2018-03-14 04:20:04', '2018-03-14 04:20:04'),
(35, 35, 1, 3, NULL, '2018-03-14 04:22:42', '2018-03-14 04:22:42'),
(36, 36, 1, 2, NULL, '2018-03-14 04:25:18', '2018-03-14 04:25:18'),
(37, 37, 1, 2, NULL, '2018-03-14 10:29:23', '2018-03-14 10:29:23'),
(38, 38, 2, 2, NULL, '2018-03-14 10:30:16', '2018-03-14 10:30:16'),
(39, 38, 2, 2, NULL, '2018-03-14 10:31:14', '2018-03-14 10:31:14'),
(40, 39, 3, 4, NULL, '2018-03-15 03:53:49', '2018-03-15 03:53:49'),
(41, 40, 2, 2, NULL, '2018-03-15 04:00:38', '2018-03-15 04:00:38'),
(42, 40, 2, 2, NULL, '2018-03-15 04:01:06', '2018-03-15 04:01:06'),
(43, 41, 1, 2, NULL, '2018-03-15 04:29:04', '2018-03-15 04:29:04'),
(44, 42, 1, 2, NULL, '2018-03-15 04:29:59', '2018-03-15 04:29:59'),
(45, 43, 2, 2, NULL, '2018-03-15 04:31:40', '2018-03-15 04:31:40'),
(46, 41, 1, 2, NULL, '2018-03-15 04:32:31', '2018-03-15 04:32:31'),
(47, 44, 2, 2, NULL, '2018-03-15 04:36:10', '2018-03-15 04:36:10'),
(48, 45, 2, 4, NULL, '2018-03-15 04:38:59', '2018-03-15 04:38:59'),
(49, 46, 2, 3, NULL, '2018-03-15 04:39:11', '2018-03-15 04:39:11'),
(50, 47, 2, 4, NULL, '2018-03-15 04:52:59', '2018-03-15 04:52:59'),
(51, 48, 3, 3, NULL, '2018-03-15 04:52:59', '2018-03-15 04:52:59'),
(52, 49, 1, 2, NULL, '2018-03-15 06:38:43', '2018-03-15 06:38:43'),
(53, 50, 2, 3, NULL, '2018-03-15 06:44:37', '2018-03-15 06:44:37'),
(54, 51, 1, 4, NULL, '2018-03-15 06:53:07', '2018-03-15 06:53:07'),
(55, 51, 1, 4, NULL, '2018-03-15 06:54:19', '2018-03-15 06:54:19'),
(56, 52, 1, 2, NULL, '2018-03-15 07:30:20', '2018-03-15 07:30:20'),
(57, 53, 2, 4, NULL, '2018-03-15 07:33:57', '2018-03-16 04:31:30'),
(58, 54, 3, 4, NULL, '2018-03-15 07:38:02', '2018-03-15 07:38:02'),
(59, 55, 1, 3, NULL, '2018-03-15 09:18:01', '2018-03-15 09:18:01'),
(60, 55, 1, 3, NULL, '2018-03-15 09:22:22', '2018-03-15 09:22:22'),
(61, 56, 1, 2, NULL, '2018-03-15 09:27:16', '2018-03-15 09:27:16'),
(62, 57, 2, 2, NULL, '2018-03-15 09:27:39', '2018-03-15 09:27:39'),
(63, 58, 1, 2, NULL, '2018-03-15 09:28:35', '2018-03-15 09:28:35'),
(64, 58, 1, 2, NULL, '2018-03-15 09:30:48', '2018-03-15 09:30:48'),
(65, 58, 1, 2, NULL, '2018-03-15 09:31:06', '2018-03-15 09:31:06'),
(66, 58, 1, 2, NULL, '2018-03-15 09:31:29', '2018-03-15 09:31:29'),
(67, 59, 1, 2, NULL, '2018-03-16 02:29:02', '2018-03-16 02:29:02'),
(68, 60, 2, 3, NULL, '2018-03-16 02:36:06', '2018-03-16 02:36:06'),
(69, 61, 1, 2, NULL, '2018-03-16 04:00:54', '2018-03-16 04:00:54'),
(70, 62, 1, 2, NULL, '2018-03-16 04:09:11', '2018-03-16 04:09:11'),
(71, 63, 1, 2, NULL, '2018-03-16 04:34:15', '2018-03-16 04:34:15'),
(72, 64, 3, 4, NULL, '2018-03-16 04:34:40', '2018-03-16 04:34:40'),
(73, 65, 2, 2, NULL, '2018-03-16 06:32:45', '2018-03-16 06:32:45'),
(74, 66, 2, 2, NULL, '2018-03-16 06:33:40', '2018-03-16 06:33:40'),
(75, 67, 2, 2, NULL, '2018-03-16 06:34:19', '2018-03-16 06:34:19'),
(76, 68, 2, 2, NULL, '2018-03-16 06:35:12', '2018-03-16 06:35:12'),
(77, 69, 2, 2, NULL, '2018-03-16 06:39:48', '2018-03-16 06:39:48'),
(78, 70, 2, 2, NULL, '2018-03-16 06:39:49', '2018-03-16 08:37:33'),
(79, 71, 2, 2, NULL, '2018-03-16 06:44:56', '2018-03-16 06:44:56'),
(80, 71, 2, 2, NULL, '2018-03-16 06:46:11', '2018-03-16 06:46:11'),
(81, 72, 2, 2, NULL, '2018-03-16 06:46:11', '2018-03-16 06:46:11'),
(82, 71, 2, 2, NULL, '2018-03-16 06:46:39', '2018-03-16 06:46:39'),
(83, 71, 2, 2, NULL, '2018-03-16 06:47:45', '2018-03-16 06:47:45'),
(84, 71, 2, 2, NULL, '2018-03-16 06:48:09', '2018-03-16 06:48:09'),
(85, 73, 2, 2, NULL, '2018-03-16 07:25:47', '2018-03-16 07:25:47'),
(86, 73, 2, 2, NULL, '2018-03-16 07:25:48', '2018-03-16 07:25:48'),
(87, 73, 2, 2, NULL, '2018-03-16 07:25:48', '2018-03-16 07:25:48'),
(88, 73, 2, 2, NULL, '2018-03-16 07:25:48', '2018-03-16 07:25:48'),
(89, 73, 2, 2, NULL, '2018-03-16 07:25:49', '2018-03-16 07:25:49'),
(90, 73, 2, 2, NULL, '2018-03-16 07:25:49', '2018-03-16 07:25:49'),
(91, 73, 2, 2, NULL, '2018-03-16 07:25:50', '2018-03-16 07:25:50'),
(92, 73, 2, 2, NULL, '2018-03-16 07:25:50', '2018-03-16 07:25:50'),
(93, 73, 2, 2, NULL, '2018-03-16 07:26:41', '2018-03-16 07:26:41'),
(94, 73, 2, 2, NULL, '2018-03-16 07:27:04', '2018-03-16 07:27:04'),
(95, 72, 2, 2, NULL, '2018-03-16 07:28:15', '2018-03-16 07:28:15'),
(96, 74, 2, 2, NULL, '2018-03-16 07:56:22', '2018-03-16 07:56:22'),
(97, 75, 2, 2, NULL, '2018-03-16 08:01:23', '2018-03-16 08:01:23'),
(98, 75, 2, 2, NULL, '2018-03-16 08:01:48', '2018-03-16 08:01:48'),
(99, 76, 2, 2, NULL, '2018-03-16 08:18:48', '2018-03-16 08:18:48'),
(100, 77, 2, 2, NULL, '2018-03-16 08:19:23', '2018-03-16 08:19:23'),
(101, 78, 2, 2, NULL, '2018-03-16 08:24:01', '2018-03-16 08:24:01'),
(102, 79, 1, 2, NULL, '2018-03-16 09:09:19', '2018-03-16 10:06:28'),
(103, 80, 2, 2, NULL, '2018-03-16 10:37:11', '2018-03-16 10:37:11'),
(104, 81, 3, 4, NULL, '2018-03-19 04:37:54', '2018-03-19 04:37:54'),
(105, 81, 3, 4, NULL, '2018-03-19 04:38:39', '2018-03-19 04:38:39'),
(106, 82, 3, 4, NULL, '2018-03-19 04:44:32', '2018-03-19 04:44:32'),
(107, 83, 3, 4, NULL, '2018-03-19 08:42:18', '2018-03-19 08:59:51');

-- --------------------------------------------------------

--
-- Cấu trúc bảng cho bảng `elements`
--

CREATE TABLE `elements` (
  `id` int(10) UNSIGNED NOT NULL,
  `memberId` int(10) UNSIGNED NOT NULL,
  `typeGuideId` int(10) UNSIGNED NOT NULL,
  `groupSizeId` int(10) UNSIGNED NOT NULL,
  `createdAt` timestamp NULL DEFAULT NULL,
  `updatedAt` timestamp NULL DEFAULT NULL
) ENGINE=InnoDB DEFAULT CHARSET=utf8mb4 COLLATE=utf8mb4_unicode_ci;

--
-- Đang đổ dữ liệu cho bảng `elements`
--

INSERT INTO `elements` (`id`, `memberId`, `typeGuideId`, `groupSizeId`, `createdAt`, `updatedAt`) VALUES
(1, 1, 7, 5, '2018-03-13 02:53:09', '2018-03-16 10:10:07'),
(2, 2, 7, 5, '2018-03-13 02:59:56', '2018-03-13 02:59:56'),
(3, 3, 3, 5, '2018-03-13 03:05:04', '2018-03-13 03:05:04'),
(4, 4, 5, 4, '2018-03-13 03:10:03', '2018-03-13 03:10:03'),
(5, 5, 7, 5, '2018-03-13 03:11:17', '2018-03-13 03:11:17'),
(6, 6, 6, 2, '2018-03-13 03:11:40', '2018-03-13 03:11:40'),
(7, 7, 7, 4, '2018-03-13 03:14:55', '2018-03-13 03:14:55'),
(8, 8, 8, 2, '2018-03-13 03:35:52', '2018-03-13 03:35:52'),
(9, 9, 7, 3, '2018-03-13 04:42:24', '2018-03-13 04:42:24'),
(10, 10, 7, 4, '2018-03-13 06:57:24', '2018-03-13 06:57:24'),
(11, 11, 4, 2, '2018-03-13 07:00:48', '2018-03-13 07:00:48'),
(12, 12, 6, 3, '2018-03-13 07:13:06', '2018-03-13 07:13:06'),
(13, 13, 7, 4, '2018-03-13 07:16:53', '2018-03-13 07:16:53'),
(14, 14, 6, 3, '2018-03-13 07:20:27', '2018-03-13 07:20:27'),
(15, 15, 6, 4, '2018-03-13 07:22:15', '2018-03-13 07:22:15'),
(16, 16, 3, 4, '2018-03-13 15:29:33', '2018-03-16 08:39:20'),
(17, 17, 2, 4, '2018-03-14 02:37:17', '2018-03-19 01:50:33'),
(18, 18, 7, 2, '2018-03-14 02:42:54', '2018-03-14 02:42:54'),
(19, 19, 3, 2, '2018-03-14 03:31:48', '2018-03-14 03:31:48'),
(20, 20, 7, 2, '2018-03-14 03:34:11', '2018-03-14 03:34:11'),
(21, 21, 7, 2, '2018-03-14 03:37:23', '2018-03-14 03:37:23'),
(22, 22, 5, 4, '2018-03-14 03:40:40', '2018-03-14 03:40:40'),
(23, 23, 2, 2, '2018-03-14 03:58:44', '2018-03-14 03:58:44'),
(24, 24, 2, 4, '2018-03-14 04:01:34', '2018-03-14 04:01:34'),
(25, 25, 7, 2, '2018-03-14 04:03:19', '2018-03-14 04:03:19'),
(26, 26, 6, 5, '2018-03-14 04:04:03', '2018-03-14 04:04:03'),
(27, 27, 7, 2, '2018-03-14 04:05:08', '2018-03-14 04:05:08'),
(28, 28, 3, 3, '2018-03-14 04:08:33', '2018-03-14 04:08:33'),
(29, 29, 2, 2, '2018-03-14 04:10:14', '2018-03-14 04:10:14'),
(30, 30, 6, 5, '2018-03-14 04:11:30', '2018-03-14 04:11:30'),
(31, 31, 8, 5, '2018-03-14 04:12:00', '2018-03-16 09:28:16'),
(32, 32, 6, 5, '2018-03-14 04:15:27', '2018-03-14 04:15:27'),
(33, 33, 6, 5, '2018-03-14 04:17:53', '2018-03-14 04:17:53'),
(34, 34, 5, 2, '2018-03-14 04:20:04', '2018-03-14 04:20:04'),
(35, 35, 5, 2, '2018-03-14 04:22:42', '2018-03-14 04:22:42'),
(36, 36, 5, 4, '2018-03-14 04:25:18', '2018-03-14 04:25:18'),
(37, 37, 5, 2, '2018-03-14 10:29:23', '2018-03-14 10:29:23'),
(38, 38, 2, 3, '2018-03-14 10:30:16', '2018-03-14 10:30:16'),
(39, 38, 2, 3, '2018-03-14 10:31:14', '2018-03-14 10:31:14'),
(40, 39, 4, 4, '2018-03-15 03:53:49', '2018-03-15 03:53:49'),
(41, 40, 5, 3, '2018-03-15 04:00:38', '2018-03-15 04:00:38'),
(42, 40, 5, 3, '2018-03-15 04:01:06', '2018-03-15 04:01:06'),
(43, 41, 7, 4, '2018-03-15 04:29:04', '2018-03-15 04:29:04'),
(44, 42, 8, 5, '2018-03-15 04:29:59', '2018-03-15 04:29:59'),
(45, 43, 2, 3, '2018-03-15 04:31:40', '2018-03-15 04:31:40'),
(46, 41, 7, 4, '2018-03-15 04:32:31', '2018-03-15 04:32:31'),
(47, 44, 7, 3, '2018-03-15 04:36:10', '2018-03-15 04:36:10'),
(48, 45, 2, 2, '2018-03-15 04:38:59', '2018-03-15 04:38:59'),
(49, 46, 2, 2, '2018-03-15 04:39:11', '2018-03-15 04:39:11'),
(50, 47, 3, 4, '2018-03-15 04:52:59', '2018-03-15 04:52:59'),
(51, 48, 5, 2, '2018-03-15 04:52:59', '2018-03-15 04:52:59'),
(52, 49, 6, 3, '2018-03-15 06:38:43', '2018-03-15 06:38:43'),
(53, 50, 3, 5, '2018-03-15 06:44:37', '2018-03-15 06:44:37'),
(54, 51, 7, 5, '2018-03-15 06:53:07', '2018-03-15 06:53:07'),
(55, 51, 7, 5, '2018-03-15 06:54:19', '2018-03-15 06:54:19'),
(56, 52, 7, 3, '2018-03-15 07:30:20', '2018-03-15 07:30:20'),
(57, 53, 2, 5, '2018-03-15 07:33:57', '2018-03-16 04:31:30'),
(58, 54, 8, 3, '2018-03-15 07:38:02', '2018-03-15 07:38:02'),
(59, 55, 5, 4, '2018-03-15 09:18:01', '2018-03-15 09:18:01'),
(60, 55, 5, 4, '2018-03-15 09:22:22', '2018-03-15 09:22:22'),
(61, 56, 5, 3, '2018-03-15 09:27:16', '2018-03-15 09:27:16'),
(62, 57, 2, 2, '2018-03-15 09:27:39', '2018-03-15 09:27:39'),
(63, 58, 5, 3, '2018-03-15 09:28:35', '2018-03-15 09:28:35'),
(64, 58, 5, 3, '2018-03-15 09:30:48', '2018-03-15 09:30:48'),
(65, 58, 5, 3, '2018-03-15 09:31:06', '2018-03-15 09:31:06'),
(66, 58, 5, 3, '2018-03-15 09:31:29', '2018-03-15 09:31:29'),
(67, 59, 7, 4, '2018-03-16 02:29:02', '2018-03-16 02:29:02'),
(68, 60, 2, 3, '2018-03-16 02:36:06', '2018-03-16 02:36:06'),
(69, 61, 7, 4, '2018-03-16 04:00:54', '2018-03-16 04:00:54'),
(70, 62, 7, 4, '2018-03-16 04:09:11', '2018-03-16 04:09:11'),
(71, 63, 7, 4, '2018-03-16 04:34:15', '2018-03-16 04:34:15'),
(72, 64, 5, 4, '2018-03-16 04:34:40', '2018-03-16 04:34:40'),
(73, 65, 6, 2, '2018-03-16 06:32:45', '2018-03-16 06:32:45'),
(74, 66, 6, 2, '2018-03-16 06:33:40', '2018-03-16 06:33:40'),
(75, 67, 6, 2, '2018-03-16 06:34:19', '2018-03-16 06:34:19'),
(76, 68, 6, 2, '2018-03-16 06:35:12', '2018-03-16 06:35:12'),
(77, 69, 2, 2, '2018-03-16 06:39:48', '2018-03-16 06:39:48'),
(78, 70, 6, 2, '2018-03-16 06:39:49', '2018-03-16 08:37:33'),
(79, 71, 4, 5, '2018-03-16 06:44:56', '2018-03-16 06:44:56'),
(80, 71, 4, 5, '2018-03-16 06:46:11', '2018-03-16 06:46:11'),
(81, 72, 6, 2, '2018-03-16 06:46:11', '2018-03-16 06:46:11'),
(82, 71, 4, 5, '2018-03-16 06:46:39', '2018-03-16 06:46:39'),
(83, 71, 4, 5, '2018-03-16 06:47:45', '2018-03-16 06:47:45'),
(84, 71, 4, 5, '2018-03-16 06:48:09', '2018-03-16 06:48:09'),
(85, 73, 6, 5, '2018-03-16 07:25:47', '2018-03-16 07:25:47'),
(86, 73, 6, 5, '2018-03-16 07:25:48', '2018-03-16 07:25:48'),
(87, 73, 6, 5, '2018-03-16 07:25:48', '2018-03-16 07:25:48'),
(88, 73, 6, 5, '2018-03-16 07:25:48', '2018-03-16 07:25:48'),
(89, 73, 6, 5, '2018-03-16 07:25:49', '2018-03-16 07:25:49'),
(90, 73, 6, 5, '2018-03-16 07:25:49', '2018-03-16 07:25:49'),
(91, 73, 6, 5, '2018-03-16 07:25:50', '2018-03-16 07:25:50'),
(92, 73, 6, 5, '2018-03-16 07:25:50', '2018-03-16 07:25:50'),
(93, 73, 6, 5, '2018-03-16 07:26:41', '2018-03-16 07:26:41'),
(94, 73, 6, 5, '2018-03-16 07:27:04', '2018-03-16 07:27:04'),
(95, 72, 6, 2, '2018-03-16 07:28:15', '2018-03-16 07:28:15'),
(96, 74, 6, 2, '2018-03-16 07:56:22', '2018-03-16 07:56:22'),
(97, 75, 6, 2, '2018-03-16 08:01:23', '2018-03-16 08:01:23'),
(98, 75, 6, 2, '2018-03-16 08:01:48', '2018-03-16 08:01:48'),
(99, 76, 6, 2, '2018-03-16 08:18:48', '2018-03-16 08:18:48'),
(100, 77, 6, 2, '2018-03-16 08:19:24', '2018-03-16 08:19:24'),
(101, 78, 6, 2, '2018-03-16 08:24:01', '2018-03-16 08:24:01'),
(102, 79, 8, 5, '2018-03-16 09:09:19', '2018-03-16 10:06:28'),
(103, 80, 2, 2, '2018-03-16 10:37:11', '2018-03-16 10:37:11'),
(104, 81, 7, 5, '2018-03-19 04:37:54', '2018-03-19 04:37:54'),
(105, 81, 7, 5, '2018-03-19 04:38:39', '2018-03-19 04:38:39'),
(106, 82, 7, 5, '2018-03-19 04:44:32', '2018-03-19 04:44:32'),
(107, 83, 5, 2, '2018-03-19 08:42:18', '2018-03-19 08:59:51');

-- --------------------------------------------------------

--
-- Cấu trúc bảng cho bảng `failed_jobs`
--

CREATE TABLE `failed_jobs` (
  `id` bigint(20) UNSIGNED NOT NULL,
  `connection` text COLLATE utf8mb4_unicode_ci NOT NULL,
  `queue` text COLLATE utf8mb4_unicode_ci NOT NULL,
  `payload` longtext COLLATE utf8mb4_unicode_ci NOT NULL,
  `exception` longtext COLLATE utf8mb4_unicode_ci NOT NULL,
  `failed_at` timestamp NOT NULL DEFAULT CURRENT_TIMESTAMP
) ENGINE=InnoDB DEFAULT CHARSET=utf8mb4 COLLATE=utf8mb4_unicode_ci;

-- --------------------------------------------------------

--
-- Cấu trúc bảng cho bảng `files`
--

CREATE TABLE `files` (
  `id` int(10) UNSIGNED NOT NULL,
  `originalName` varchar(191) COLLATE utf8mb4_unicode_ci DEFAULT NULL,
  `absPath` varchar(191) COLLATE utf8mb4_unicode_ci DEFAULT NULL,
  `relativeUrl` varchar(191) COLLATE utf8mb4_unicode_ci DEFAULT NULL,
  `mime` varchar(191) COLLATE utf8mb4_unicode_ci DEFAULT NULL,
  `size` varchar(191) COLLATE utf8mb4_unicode_ci DEFAULT NULL,
  `createdAt` timestamp NULL DEFAULT NULL,
  `updatedAt` timestamp NULL DEFAULT NULL,
  `status` tinyint(4) DEFAULT NULL
) ENGINE=InnoDB DEFAULT CHARSET=utf8mb4 COLLATE=utf8mb4_unicode_ci;

--
-- Đang đổ dữ liệu cho bảng `files`
--

INSERT INTO `files` (`id`, `originalName`, `absPath`, `relativeUrl`, `mime`, `size`, `createdAt`, `updatedAt`, `status`) VALUES
(1, 'NGUYEN DUC HANH.jpg', '/var/www/html/public/files/collection/2018/02/24/img_1519451167_5a90fc1fcf16c3.79462674.jpeg', 'collection/2018/02/24/img_1519451167_5a90fc1fcf16c3.79462674.jpeg', 'image/jpeg', '243185', '2018-02-24 05:46:07', '2018-02-24 05:46:07', 1),
(2, 'TranVanTrinh.jpg', '/var/www/html/public/files/collection/2018/02/24/img_1519451203_5a90fc431d1248.79172703.jpeg', 'collection/2018/02/24/img_1519451203_5a90fc431d1248.79172703.jpeg', 'image/jpeg', '34932', '2018-02-24 05:46:43', '2018-02-24 05:46:43', 1),
(3, 'DAO DUY KHANH TUNG.jpg', '/var/www/html/public/files/collection/2018/02/24/img_1519451321_5a90fcb93a5dd7.69756380.jpeg', 'collection/2018/02/24/img_1519451321_5a90fcb93a5dd7.69756380.jpeg', 'image/jpeg', '100723', '2018-02-24 05:48:41', '2018-02-24 05:48:41', 1),
(4, 'NGUYEN DUC HANH.jpg', '/var/www/html/public/files/collection/2018/02/24/img_1519451412_5a90fd1467a600.08515929.jpeg', 'collection/2018/02/24/img_1519451412_5a90fd1467a600.08515929.jpeg', 'image/jpeg', '243185', '2018-02-24 05:50:12', '2018-02-24 05:50:12', 1),
(5, 'NGUYEN DUC HANH.jpg', '/var/www/html/public/files/collection/2018/02/24/img_1519451419_5a90fd1b3e49c1.66191795.jpeg', 'collection/2018/02/24/img_1519451419_5a90fd1b3e49c1.66191795.jpeg', 'image/jpeg', '243185', '2018-02-24 05:50:19', '2018-02-24 05:50:19', 1),
(6, 'tải xuống (1).jpg', '/var/www/html/public/files/collection/2018/02/24/img_1519454500_5a910924ecf468.76533821.jpeg', 'collection/2018/02/24/img_1519454500_5a910924ecf468.76533821.jpeg', 'image/jpeg', '8797', '2018-02-24 06:41:40', '2018-02-24 06:41:40', 1),
(7, 'ip.png', '/var/www/html/public/files/collection/2018/02/24/img_1519456638_5a91117eaae866.31338780.png', 'collection/2018/02/24/img_1519456638_5a91117eaae866.31338780.png', 'image/png', '23489', '2018-02-24 07:17:18', '2018-02-24 07:17:18', 1),
(8, 'ip.png', '/var/www/html/public/files/collection/2018/02/24/img_1519457700_5a9115a402da64.77237649.png', 'collection/2018/02/24/img_1519457700_5a9115a402da64.77237649.png', 'image/png', '23489', '2018-02-24 07:35:00', '2018-02-24 07:35:00', 1),
(9, 'ip.png', '/var/www/html/public/files/collection/2018/02/24/img_1519457805_5a91160d546610.77412253.png', 'collection/2018/02/24/img_1519457805_5a91160d546610.77412253.png', 'image/png', '23489', '2018-02-24 07:36:45', '2018-02-24 07:36:45', 1),
(10, 'ip.png', '/var/www/html/public/files/collection/2018/02/24/img_1519457897_5a9116690a10b2.79534223.png', 'collection/2018/02/24/img_1519457897_5a9116690a10b2.79534223.png', 'image/png', '23489', '2018-02-24 07:38:17', '2018-02-24 07:38:17', 1),
(11, 'ip.png', '/var/www/html/public/files/collection/2018/02/24/img_1519457998_5a9116ce0174b1.44027310.png', 'collection/2018/02/24/img_1519457998_5a9116ce0174b1.44027310.png', 'image/png', '23489', '2018-02-24 07:39:58', '2018-02-24 07:39:58', 1),
(12, 'ip.png', '/var/www/html/public/files/collection/2018/02/24/img_1519458202_5a91179a078ce9.90395819.png', 'collection/2018/02/24/img_1519458202_5a91179a078ce9.90395819.png', 'image/png', '23489', '2018-02-24 07:43:22', '2018-02-24 07:43:22', 1),
(13, 'ip.png', '/var/www/html/public/files/collection/2018/02/24/img_1519458335_5a91181f296032.75680834.png', 'collection/2018/02/24/img_1519458335_5a91181f296032.75680834.png', 'image/png', '23489', '2018-02-24 07:45:35', '2018-02-24 07:45:35', 1),
(14, '5a92dd894598e_1519574409_20180225.jpg', 'files/decision/2018/02/5a92dd894598e_1519574409_20180225.jpg', 'files/decision/2018/02/5a92dd894598e_1519574409_20180225.jpg', 'image/jpeg', '11122', '2018-02-25 16:00:09', '2018-02-25 16:00:09', 1),
(15, '5a92eaba9dfa8_1519577786_20180225.jpg', 'files/decision/2018/02/5a92eaba9dfa8_1519577786_20180225.jpg', 'files/decision/2018/02/5a92eaba9dfa8_1519577786_20180225.jpg', 'image/jpeg', '1934362', '2018-02-25 16:56:26', '2018-02-25 16:56:26', 1),
(16, '15-thumb.jpg', '/var/www/html/public/files/collection/2018/02/26/img_1519611441_5a936e31e6e684.04251287.jpeg', 'collection/2018/02/26/img_1519611441_5a936e31e6e684.04251287.jpeg', 'image/jpeg', '126194', '2018-02-26 02:17:21', '2018-02-26 02:17:21', 1),
(17, '13.png', '/var/www/html/public/files/collection/2018/02/26/img_1519612808_5a9373889c4be5.03437785.png', 'collection/2018/02/26/img_1519612808_5a9373889c4be5.03437785.png', 'image/png', '596463', '2018-02-26 02:40:08', '2018-02-26 02:40:08', 1),
(18, '13.png', '/var/www/html/public/files/collection/2018/02/26/img_1519612975_5a93742f2634e5.81380154.png', 'collection/2018/02/26/img_1519612975_5a93742f2634e5.81380154.png', 'image/png', '596463', '2018-02-26 02:42:55', '2018-02-26 02:42:55', 1),
(19, 'cr.png', '/var/www/html/public/files/collection/2018/02/26/img_1519621769_5a939689d6e5a8.05789966.png', 'collection/2018/02/26/img_1519621769_5a939689d6e5a8.05789966.png', 'image/png', '188588', '2018-02-26 05:09:29', '2018-02-26 05:09:29', 1),
(20, 'cr.png', '/var/www/html/public/files/collection/2018/02/26/img_1519621778_5a939692bc4006.44694624.png', 'collection/2018/02/26/img_1519621778_5a939692bc4006.44694624.png', 'image/png', '188588', '2018-02-26 05:09:38', '2018-02-26 05:09:38', 1),
(21, 'cr.png', '/var/www/html/public/files/collection/2018/02/26/img_1519621826_5a9396c2891a51.61705432.png', 'collection/2018/02/26/img_1519621826_5a9396c2891a51.61705432.png', 'image/png', '188588', '2018-02-26 05:10:26', '2018-02-26 05:10:26', 1),
(22, 'cr.png', '/var/www/html/public/files/collection/2018/02/26/img_1519621857_5a9396e18ce861.51794698.png', 'collection/2018/02/26/img_1519621857_5a9396e18ce861.51794698.png', 'image/png', '188588', '2018-02-26 05:10:57', '2018-02-26 05:10:57', 1),
(23, 'cr.png', '/var/www/html/public/files/collection/2018/02/26/img_1519621863_5a9396e7f279c7.11585345.png', 'collection/2018/02/26/img_1519621863_5a9396e7f279c7.11585345.png', 'image/png', '188588', '2018-02-26 05:11:04', '2018-02-26 05:11:04', 1),
(24, 'cr.png', '/var/www/html/public/files/collection/2018/02/26/img_1519622879_5a939adfba43e7.76143131.png', 'collection/2018/02/26/img_1519622879_5a939adfba43e7.76143131.png', 'image/png', '188588', '2018-02-26 05:27:59', '2018-02-26 05:27:59', 1),
(25, 'cr.png', '/var/www/html/public/files/collection/2018/02/26/img_1519622901_5a939af55eae35.29623507.png', 'collection/2018/02/26/img_1519622901_5a939af55eae35.29623507.png', 'image/png', '188588', '2018-02-26 05:28:21', '2018-02-26 05:28:21', 1),
(26, '5a93c167bb189_1519632743_20180226.png', 'files/decision/2018/02/5a93c167bb189_1519632743_20180226.png', 'files/decision/2018/02/5a93c167bb189_1519632743_20180226.png', 'image/png', '90744', '2018-02-26 08:12:23', '2018-02-26 08:12:23', 1),
(27, '5a93cb152a704_1519635221_20180226.JPG', 'files/decision/2018/02/5a93cb152a704_1519635221_20180226.JPG', 'files/decision/2018/02/5a93cb152a704_1519635221_20180226.JPG', 'image/jpeg', '1726372', '2018-02-26 08:53:41', '2018-02-26 08:53:41', 1),
(28, 'Chrysanthemum.jpg', '/var/www/html/public/files/collection/2018/02/26/img_1519635918_5a93cdce6a29a8.70429118.jpeg', 'collection/2018/02/26/img_1519635918_5a93cdce6a29a8.70429118.jpeg', 'image/jpeg', '879394', '2018-02-26 09:05:18', '2018-02-26 09:05:18', 1),
(29, '5a93d055b90ea_1519636565_20180226.PNG', 'files/decision/2018/02/5a93d055b90ea_1519636565_20180226.PNG', 'files/decision/2018/02/5a93d055b90ea_1519636565_20180226.PNG', 'image/png', '30222', '2018-02-26 09:16:05', '2018-02-26 09:16:05', 1),
(30, 'Chrysanthemum.jpg', '/var/www/html/public/files/collection/2018/02/26/img_1519637964_5a93d5cc4ebe85.50448720.jpeg', 'collection/2018/02/26/img_1519637964_5a93d5cc4ebe85.50448720.jpeg', 'image/jpeg', '879394', '2018-02-26 09:39:24', '2018-02-26 09:39:24', 1),
(31, '5a93d78a3a07e_1519638410_20180226.PNG', 'files/decision/2018/02/5a93d78a3a07e_1519638410_20180226.PNG', 'files/decision/2018/02/5a93d78a3a07e_1519638410_20180226.PNG', 'image/png', '30222', '2018-02-26 09:46:50', '2018-02-26 09:46:50', 1),
(32, 'Desert.jpg', '/var/www/html/public/files/collection/2018/02/26/img_1519638578_5a93d832b2d622.92349533.jpeg', 'collection/2018/02/26/img_1519638578_5a93d832b2d622.92349533.jpeg', 'image/jpeg', '845941', '2018-02-26 09:49:38', '2018-02-26 09:49:38', 1),
(33, '5a93dc658ff7f_1519639653_20180226.png', 'files/decision/2018/02/5a93dc658ff7f_1519639653_20180226.png', 'files/decision/2018/02/5a93dc658ff7f_1519639653_20180226.png', 'image/png', '90744', '2018-02-26 10:07:33', '2018-02-26 10:07:33', 1),
(34, 'hinh-nen-phim-angry-bird-dep-nhat-250x320.jpg', '/var/www/html/public/files/collection/2018/02/26/img_1519662393_5a94353995ab98.32311091.jpeg', 'collection/2018/02/26/img_1519662393_5a94353995ab98.32311091.jpeg', 'image/jpeg', '16340', '2018-02-26 16:26:33', '2018-02-26 16:26:33', 1),
(35, 'hinh-nen-phim-angry-bird-dep-nhat-250x320.jpg', '/var/www/html/public/files/collection/2018/02/26/img_1519662527_5a9435bf0cc753.06918980.jpeg', 'collection/2018/02/26/img_1519662527_5a9435bf0cc753.06918980.jpeg', 'image/jpeg', '16340', '2018-02-26 16:28:47', '2018-02-26 16:28:47', 1),
(36, 'hinh-nen-phim-angry-bird-dep-nhat-250x320.jpg', '/var/www/html/public/files/collection/2018/02/26/img_1519662653_5a94363db4a4f6.38715833.jpeg', 'collection/2018/02/26/img_1519662653_5a94363db4a4f6.38715833.jpeg', 'image/jpeg', '16340', '2018-02-26 16:30:53', '2018-02-26 16:30:53', 1),
(37, 'Chrysanthemum.jpg', '/var/www/html/public/files/collection/2018/02/27/img_1519702580_5a94d2341625e4.46964606.jpeg', 'collection/2018/02/27/img_1519702580_5a94d2341625e4.46964606.jpeg', 'image/jpeg', '879394', '2018-02-27 03:36:20', '2018-02-27 03:36:20', 1),
(38, 'Chrysanthemum.jpg', '/var/www/html/public/files/collection/2018/02/27/img_1519702751_5a94d2df1d22e8.75918553.jpeg', 'collection/2018/02/27/img_1519702751_5a94d2df1d22e8.75918553.jpeg', 'image/jpeg', '879394', '2018-02-27 03:39:11', '2018-02-27 03:39:11', 1),
(39, 'Chrysanthemum.jpg', '/var/www/html/public/files/collection/2018/02/27/img_1519703063_5a94d4176b1e72.42922819.jpeg', 'collection/2018/02/27/img_1519703063_5a94d4176b1e72.42922819.jpeg', 'image/jpeg', '879394', '2018-02-27 03:44:23', '2018-02-27 03:44:23', 1),
(40, '109.png', '/var/www/html/public/files/collection/2018/02/27/img_1519703299_5a94d503e87d72.99676817.png', 'collection/2018/02/27/img_1519703299_5a94d503e87d72.99676817.png', 'image/png', '545911', '2018-02-27 03:48:19', '2018-02-27 03:48:19', 1),
(41, 'computername.png', '/var/www/html/public/files/collection/2018/02/27/img_1519703841_5a94d721c317e6.56836703.png', 'collection/2018/02/27/img_1519703841_5a94d721c317e6.56836703.png', 'image/png', '37785', '2018-02-27 03:57:21', '2018-02-27 03:57:21', 1),
(42, '300[1].jpg', '/var/www/html/public/files/collection/2018/02/27/img_1519704996_5a94dba480c453.62476810.jpeg', 'collection/2018/02/27/img_1519704996_5a94dba480c453.62476810.jpeg', 'image/jpeg', '11479', '2018-02-27 04:16:36', '2018-02-27 04:16:36', 1),
(43, '300[1].jpg', '/var/www/html/public/files/collection/2018/02/27/img_1519705532_5a94ddbc840759.43046652.jpeg', 'collection/2018/02/27/img_1519705532_5a94ddbc840759.43046652.jpeg', 'image/jpeg', '11479', '2018-02-27 04:25:32', '2018-02-27 04:25:32', 1),
(44, 'IMG-0350 (1).jpg', '/var/www/html/public/files/collection/2018/02/27/img_1519705848_5a94def8cf33e4.52246967.jpeg', 'collection/2018/02/27/img_1519705848_5a94def8cf33e4.52246967.jpeg', 'image/jpeg', '506056', '2018-02-27 04:30:49', '2018-02-27 04:30:49', 1),
(45, 'TranVanTrinh.jpg', '/var/www/html/public/files/collection/2018/02/27/img_1519706052_5a94dfc4a389c9.40438360.jpeg', 'collection/2018/02/27/img_1519706052_5a94dfc4a389c9.40438360.jpeg', 'image/jpeg', '34932', '2018-02-27 04:34:12', '2018-02-27 04:34:12', 1),
(46, 'IMG-0350.jpg', '/var/www/html/public/files/collection/2018/02/27/img_1519706197_5a94e0550265f1.25549632.jpeg', 'collection/2018/02/27/img_1519706197_5a94e0550265f1.25549632.jpeg', 'image/jpeg', '506056', '2018-02-27 04:36:37', '2018-02-27 04:36:37', 1),
(47, 'TranVanTrinh.jpg', '/var/www/html/public/files/collection/2018/02/27/img_1519706346_5a94e0ea076d65.00773363.jpeg', 'collection/2018/02/27/img_1519706346_5a94e0ea076d65.00773363.jpeg', 'image/jpeg', '34932', '2018-02-27 04:39:06', '2018-02-27 04:39:06', 1),
(48, '5a9512b4d99ee_1519719092_20180227.jpg', 'files/decision/2018/02/5a9512b4d99ee_1519719092_20180227.jpg', 'files/decision/2018/02/5a9512b4d99ee_1519719092_20180227.jpg', 'image/jpeg', '879394', '2018-02-27 08:11:32', '2018-02-27 08:11:32', 1),
(49, '5a951337ba1c4_1519719223_20180227.jpg', 'files/decision/2018/02/5a951337ba1c4_1519719223_20180227.jpg', 'files/decision/2018/02/5a951337ba1c4_1519719223_20180227.jpg', 'image/jpeg', '879394', '2018-02-27 08:13:43', '2018-02-27 08:13:43', 1),
(50, '5a95134a8e271_1519719242_20180227.jpg', 'files/decision/2018/02/5a95134a8e271_1519719242_20180227.jpg', 'files/decision/2018/02/5a95134a8e271_1519719242_20180227.jpg', 'image/jpeg', '879394', '2018-02-27 08:14:02', '2018-02-27 08:14:02', 1),
(51, '5a95139bd06d6_1519719323_20180227.jpg', 'files/decision/2018/02/5a95139bd06d6_1519719323_20180227.jpg', 'files/decision/2018/02/5a95139bd06d6_1519719323_20180227.jpg', 'image/jpeg', '879394', '2018-02-27 08:15:23', '2018-02-27 08:15:23', 1),
(52, '5a95140ef2a15_1519719438_20180227.jpg', 'files/decision/2018/02/5a95140ef2a15_1519719438_20180227.jpg', 'files/decision/2018/02/5a95140ef2a15_1519719438_20180227.jpg', 'image/jpeg', '879394', '2018-02-27 08:17:18', '2018-02-27 08:17:18', 1),
(53, '5a95142cb7476_1519719468_20180227.jpg', 'files/decision/2018/02/5a95142cb7476_1519719468_20180227.jpg', 'files/decision/2018/02/5a95142cb7476_1519719468_20180227.jpg', 'image/jpeg', '879394', '2018-02-27 08:17:48', '2018-02-27 08:17:48', 1),
(54, '5a95143963828_1519719481_20180227.jpg', 'files/decision/2018/02/5a95143963828_1519719481_20180227.jpg', 'files/decision/2018/02/5a95143963828_1519719481_20180227.jpg', 'image/jpeg', '879394', '2018-02-27 08:18:01', '2018-02-27 08:18:01', 1),
(55, '5a95144fba0fd_1519719503_20180227.jpg', 'files/decision/2018/02/5a95144fba0fd_1519719503_20180227.jpg', 'files/decision/2018/02/5a95144fba0fd_1519719503_20180227.jpg', 'image/jpeg', '780831', '2018-02-27 08:18:23', '2018-02-27 08:18:23', 1),
(56, 'Chrysanthemum.jpg', '/var/www/html/public/files/collection/2018/02/27/img_1519721016_5a951a3864be80.41599715.jpeg', 'collection/2018/02/27/img_1519721016_5a951a3864be80.41599715.jpeg', 'image/jpeg', '879394', '2018-02-27 08:43:36', '2018-02-27 08:43:36', 1),
(57, 'Desert.jpg', '/var/www/html/public/files/collection/2018/02/27/img_1519721229_5a951b0d0db026.89933087.jpeg', 'collection/2018/02/27/img_1519721229_5a951b0d0db026.89933087.jpeg', 'image/jpeg', '845941', '2018-02-27 08:47:09', '2018-02-27 08:47:09', 1),
(58, '5a9530c5cc500_1519726789_20180227.jpg', 'files/decision/2018/02/5a9530c5cc500_1519726789_20180227.jpg', 'files/decision/2018/02/5a9530c5cc500_1519726789_20180227.jpg', 'image/jpeg', '222158', '2018-02-27 10:19:49', '2018-02-27 10:19:49', 1),
(59, '5a9536d63d9dd_1519728342_20180227.png', 'files/decision/2018/02/5a9536d63d9dd_1519728342_20180227.png', 'files/decision/2018/02/5a9536d63d9dd_1519728342_20180227.png', 'image/png', '48978', '2018-02-27 10:45:42', '2018-02-27 10:45:42', 1),
(60, '5a9536ee7ca3e_1519728366_20180227.png', 'files/decision/2018/02/5a9536ee7ca3e_1519728366_20180227.png', 'files/decision/2018/02/5a9536ee7ca3e_1519728366_20180227.png', 'image/png', '206138', '2018-02-27 10:46:06', '2018-02-27 10:46:06', 1),
(61, '5a95370e3187a_1519728398_20180227.png', 'files/decision/2018/02/5a95370e3187a_1519728398_20180227.png', 'files/decision/2018/02/5a95370e3187a_1519728398_20180227.png', 'image/png', '206138', '2018-02-27 10:46:38', '2018-02-27 10:46:38', 1),
(62, '5a953718dc0ab_1519728408_20180227.png', 'files/decision/2018/02/5a953718dc0ab_1519728408_20180227.png', 'files/decision/2018/02/5a953718dc0ab_1519728408_20180227.png', 'image/png', '206138', '2018-02-27 10:46:48', '2018-02-27 10:46:48', 1),
(63, '5a954afd5d6cc_1519733501_20180227.png', 'files/decision/2018/02/5a954afd5d6cc_1519733501_20180227.png', 'files/decision/2018/02/5a954afd5d6cc_1519733501_20180227.png', 'image/png', '206138', '2018-02-27 12:11:41', '2018-02-27 12:11:41', 1),
(64, '5a954b14a1e90_1519733524_20180227.png', 'files/decision/2018/02/5a954b14a1e90_1519733524_20180227.png', 'files/decision/2018/02/5a954b14a1e90_1519733524_20180227.png', 'image/png', '57589', '2018-02-27 12:12:04', '2018-02-27 12:12:04', 1),
(65, '5a954b57e2084_1519733591_20180227.png', 'files/decision/2018/02/5a954b57e2084_1519733591_20180227.png', 'files/decision/2018/02/5a954b57e2084_1519733591_20180227.png', 'image/png', '206138', '2018-02-27 12:13:11', '2018-02-27 12:13:11', 1),
(66, '5a954b86ebc85_1519733638_20180227.png', 'files/decision/2018/02/5a954b86ebc85_1519733638_20180227.png', 'files/decision/2018/02/5a954b86ebc85_1519733638_20180227.png', 'image/png', '581436', '2018-02-27 12:13:58', '2018-02-27 12:13:58', 1),
(67, '5a961e2481702_1519787556_20180228.jpg', 'files/decision/2018/02/5a961e2481702_1519787556_20180228.jpg', 'files/decision/2018/02/5a961e2481702_1519787556_20180228.jpg', 'image/jpeg', '162122', '2018-02-28 03:12:36', '2018-02-28 03:12:36', 1),
(68, '5a962068c6efa_1519788136_20180228.jpg', 'files/decision/2018/02/5a962068c6efa_1519788136_20180228.jpg', 'files/decision/2018/02/5a962068c6efa_1519788136_20180228.jpg', 'image/jpeg', '879394', '2018-02-28 03:22:16', '2018-02-28 03:22:16', 1),
(69, '5a96210d59811_1519788301_20180228.jpg', 'files/decision/2018/02/5a96210d59811_1519788301_20180228.jpg', 'files/decision/2018/02/5a96210d59811_1519788301_20180228.jpg', 'image/jpeg', '595284', '2018-02-28 03:25:01', '2018-02-28 03:25:01', 1),
(70, '5a96211e40765_1519788318_20180228.jpg', 'files/decision/2018/02/5a96211e40765_1519788318_20180228.jpg', 'files/decision/2018/02/5a96211e40765_1519788318_20180228.jpg', 'image/jpeg', '595284', '2018-02-28 03:25:18', '2018-02-28 03:25:18', 1),
(71, '5a975c7840310_1519869048_20180301.mp4', 'files/decision/2018/03/5a975c7840310_1519869048_20180301.mp4', 'files/decision/2018/03/5a975c7840310_1519869048_20180301.mp4', 'video/mp4', '1892700', '2018-02-28 03:25:34', '2018-03-01 01:50:48', 1),
(72, 'thamdinh_2acc.jpg', '/var/www/html/public/files/collection/2018/02/28/img_1519790073_5a9627f99d18e3.65271982.jpeg', 'collection/2018/02/28/img_1519790073_5a9627f99d18e3.65271982.jpeg', 'image/jpeg', '222158', '2018-02-28 03:54:33', '2018-02-28 03:54:33', 1),
(73, 'computername.png', '/var/www/html/public/files/collection/2018/02/28/img_1519803974_5a965e46111852.39977560.png', 'collection/2018/02/28/img_1519803974_5a965e46111852.39977560.png', 'image/png', '37785', '2018-02-28 07:46:14', '2018-02-28 07:46:14', 1),
(74, 'IMG_8091.JPG', '/var/www/html/public/files/collection/2018/02/28/img_1519804473_5a9660394e9774.52846602.jpeg', 'collection/2018/02/28/img_1519804473_5a9660394e9774.52846602.jpeg', 'image/jpeg', '1729938', '2018-02-28 07:54:33', '2018-02-28 07:54:33', 1),
(75, 'baoloithieuanhchandungmacduco.png', '/var/www/html/public/files/collection/2018/02/28/img_1519813781_5a9684953e7a18.76667414.png', 'collection/2018/02/28/img_1519813781_5a9684953e7a18.76667414.png', 'image/png', '90744', '2018-02-28 10:29:41', '2018-02-28 10:29:41', 1),
(76, '5a96856f540d9_1519813999_20180228.mp4', 'files/decision/2018/02/5a96856f540d9_1519813999_20180228.mp4', 'files/decision/2018/02/5a96856f540d9_1519813999_20180228.mp4', 'video/mp4', '1892700', '2018-02-28 10:33:19', '2018-02-28 10:33:19', 1),
(77, 'IMG_8091.JPG', '/var/www/html/public/files/collection/2018/02/28/img_1519814507_5a96876b9df6b9.29143005.jpeg', 'collection/2018/02/28/img_1519814507_5a96876b9df6b9.29143005.jpeg', 'image/jpeg', '1729938', '2018-02-28 10:41:47', '2018-02-28 10:41:47', 1),
(78, '5a97629692d8b_1519870614_20180301.jpg', 'files/decision/2018/03/5a97629692d8b_1519870614_20180301.jpg', 'files/decision/2018/03/5a97629692d8b_1519870614_20180301.jpg', 'image/jpeg', '845941', '2018-03-01 02:16:54', '2018-03-01 02:16:54', 1),
(79, '5a9762b500fdd_1519870645_20180301.jpg', 'files/decision/2018/03/5a9762b500fdd_1519870645_20180301.jpg', 'files/decision/2018/03/5a9762b500fdd_1519870645_20180301.jpg', 'image/jpeg', '879394', '2018-03-01 02:17:25', '2018-03-01 02:17:25', 1),
(80, 'baoloithieuanhchandungmacduco.png', '/var/www/html/public/files/collection/2018/03/01/img_1519875635_5a977633c84bf9.55579465.png', 'collection/2018/03/01/img_1519875635_5a977633c84bf9.55579465.png', 'image/png', '90744', '2018-03-01 03:40:35', '2018-03-01 03:40:35', 1),
(81, 'computername.png', '/var/www/html/public/files/collection/2018/03/01/img_1519875656_5a977648844045.42114736.png', 'collection/2018/03/01/img_1519875656_5a977648844045.42114736.png', 'image/png', '37785', '2018-03-01 03:40:56', '2018-03-01 03:40:56', 1),
(82, '5a9781c03d16b_1519878592_20180301.jpg', 'files/decision/2018/03/5a9781c03d16b_1519878592_20180301.jpg', 'files/decision/2018/03/5a9781c03d16b_1519878592_20180301.jpg', 'image/jpeg', '879394', '2018-03-01 04:29:52', '2018-03-01 04:29:52', 1),
(83, '5a9781f89e50b_1519878648_20180301.jpg', 'files/decision/2018/03/5a9781f89e50b_1519878648_20180301.jpg', 'files/decision/2018/03/5a9781f89e50b_1519878648_20180301.jpg', 'image/jpeg', '845941', '2018-03-01 04:30:48', '2018-03-01 04:30:48', 1),
(84, 'IMG-0350.jpg', '/var/www/html/public/files/collection/2018/03/01/img_1519887729_5a97a5714277b6.59899769.jpeg', 'collection/2018/03/01/img_1519887729_5a97a5714277b6.59899769.jpeg', 'image/jpeg', '506056', '2018-03-01 07:02:09', '2018-03-01 07:02:09', 1),
(85, 'DAO DUY KHANH TUNG.jpg', '/var/www/html/public/files/collection/2018/03/01/img_1519887849_5a97a5e9555bb6.64068158.jpeg', 'collection/2018/03/01/img_1519887849_5a97a5e9555bb6.64068158.jpeg', 'image/jpeg', '100723', '2018-03-01 07:04:09', '2018-03-01 07:04:09', 1),
(86, 'NGUYEN DUC HANH.jpg', '/var/www/html/public/files/collection/2018/03/01/img_1519888022_5a97a6966870c5.30132912.jpeg', 'collection/2018/03/01/img_1519888022_5a97a6966870c5.30132912.jpeg', 'image/jpeg', '243185', '2018-03-01 07:07:02', '2018-03-01 07:07:02', 1),
(87, 'Penguins.jpg', '/var/www/html/public/files/collection/2018/03/01/img_1519888234_5a97a76a3b4628.73415917.jpeg', 'collection/2018/03/01/img_1519888234_5a97a76a3b4628.73415917.jpeg', 'image/jpeg', '777835', '2018-03-01 07:10:34', '2018-03-01 07:10:34', 1),
(88, 'Penguins.jpg', '/var/www/html/public/files/collection/2018/03/01/img_1519888824_5a97a9b89d2943.40766449.jpeg', 'collection/2018/03/01/img_1519888824_5a97a9b89d2943.40766449.jpeg', 'image/jpeg', '777835', '2018-03-01 07:20:24', '2018-03-01 07:20:24', 1),
(89, 'Koala.jpg', '/var/www/html/public/files/collection/2018/03/01/img_1519888861_5a97a9dd207b75.98475229.jpeg', 'collection/2018/03/01/img_1519888861_5a97a9dd207b75.98475229.jpeg', 'image/jpeg', '780831', '2018-03-01 07:21:01', '2018-03-01 07:21:01', 1),
(90, 'Baoloithieu anh chan dung.png', '/var/www/html/public/files/collection/2018/03/01/img_1519889778_5a97ad72d32397.88163598.png', 'collection/2018/03/01/img_1519889778_5a97ad72d32397.88163598.png', 'image/png', '84240', '2018-03-01 07:36:18', '2018-03-01 07:36:18', 1),
(91, 'Chrysanthemum.jpg', '/var/www/html/public/files/collection/2018/03/01/img_1519890382_5a97afce2a7c66.32480494.jpeg', 'collection/2018/03/01/img_1519890382_5a97afce2a7c66.32480494.jpeg', 'image/jpeg', '879394', '2018-03-01 07:46:22', '2018-03-01 07:46:22', 1),
(92, 'Desert.jpg', '/var/www/html/public/files/collection/2018/03/01/img_1519890607_5a97b0afba1529.38901662.jpeg', 'collection/2018/03/01/img_1519890607_5a97b0afba1529.38901662.jpeg', 'image/jpeg', '845941', '2018-03-01 07:50:07', '2018-03-01 07:50:07', 1),
(93, 'Desert.jpg', '/var/www/html/public/files/collection/2018/03/01/img_1519890845_5a97b19dd5cd36.40972633.jpeg', 'collection/2018/03/01/img_1519890845_5a97b19dd5cd36.40972633.jpeg', 'image/jpeg', '845941', '2018-03-01 07:54:05', '2018-03-01 07:54:05', 1),
(94, '5a97b2c1e41c2_1519891137_20180301.jpg', 'files/decision/2018/03/5a97b2c1e41c2_1519891137_20180301.jpg', 'files/decision/2018/03/5a97b2c1e41c2_1519891137_20180301.jpg', 'image/jpeg', '879394', '2018-03-01 07:58:57', '2018-03-01 07:58:57', 1),
(95, '5a97b2cec51a6_1519891150_20180301.jpg', 'files/decision/2018/03/5a97b2cec51a6_1519891150_20180301.jpg', 'files/decision/2018/03/5a97b2cec51a6_1519891150_20180301.jpg', 'image/jpeg', '845941', '2018-03-01 07:59:10', '2018-03-01 07:59:10', 1),
(96, '5a97b2d99dc40_1519891161_20180301.jpg', 'files/decision/2018/03/5a97b2d99dc40_1519891161_20180301.jpg', 'files/decision/2018/03/5a97b2d99dc40_1519891161_20180301.jpg', 'image/jpeg', '775702', '2018-03-01 07:59:21', '2018-03-01 07:59:21', 1),
(97, 'Koala.jpg', '/var/www/html/public/files/collection/2018/03/01/img_1519892904_5a97b9a8e800e4.01452158.jpeg', 'collection/2018/03/01/img_1519892904_5a97b9a8e800e4.01452158.jpeg', 'image/jpeg', '780831', '2018-03-01 08:28:24', '2018-03-01 08:28:24', 1),
(98, 'Chrysanthemum.jpg', '/var/www/html/public/files/collection/2018/03/02/img_1519962556_5a98c9bc9d8475.67006973.jpeg', 'collection/2018/03/02/img_1519962556_5a98c9bc9d8475.67006973.jpeg', 'image/jpeg', '879394', '2018-03-02 03:49:16', '2018-03-02 03:49:16', 1),
(99, '5a98ca9e8bb6e_1519962782_20180302.png', 'files/decision/2018/03/5a98ca9e8bb6e_1519962782_20180302.png', 'files/decision/2018/03/5a98ca9e8bb6e_1519962782_20180302.png', 'image/png', '32898', '2018-03-02 03:53:02', '2018-03-02 03:53:02', 1),
(100, '5a98cb72948c1_1519962994_20180302.jpg', 'files/decision/2018/03/5a98cb72948c1_1519962994_20180302.jpg', 'files/decision/2018/03/5a98cb72948c1_1519962994_20180302.jpg', 'image/jpeg', '845941', '2018-03-02 03:56:34', '2018-03-02 03:56:34', 1),
(101, 'Chrysanthemum.jpg', '/var/www/html/public/files/collection/2018/03/02/img_1519964559_5a98d18f08f574.04424515.jpeg', 'collection/2018/03/02/img_1519964559_5a98d18f08f574.04424515.jpeg', 'image/jpeg', '879394', '2018-03-02 04:22:39', '2018-03-02 04:22:39', 1),
(102, 'Chrysanthemum.jpg', '/var/www/html/public/files/collection/2018/03/02/img_1519964678_5a98d206bd9f80.79874393.jpeg', 'collection/2018/03/02/img_1519964678_5a98d206bd9f80.79874393.jpeg', 'image/jpeg', '879394', '2018-03-02 04:24:38', '2018-03-02 04:24:38', 1),
(103, '5a98d509f3b9b_1519965449_20180302.png', 'files/decision/2018/03/5a98d509f3b9b_1519965449_20180302.png', 'files/decision/2018/03/5a98d509f3b9b_1519965449_20180302.png', 'image/png', '32898', '2018-03-02 04:37:29', '2018-03-02 04:37:29', 1),
(104, '5a98f4f2d10a0_1519973618_20180302.jpg', 'files/decision/2018/03/5a98f4f2d10a0_1519973618_20180302.jpg', 'files/decision/2018/03/5a98f4f2d10a0_1519973618_20180302.jpg', 'image/jpeg', '879394', '2018-03-02 06:53:38', '2018-03-02 06:53:38', 1),
(105, '5a98f95f8ba01_1519974751_20180302.jpg', 'files/decision/2018/03/5a98f95f8ba01_1519974751_20180302.jpg', 'files/decision/2018/03/5a98f95f8ba01_1519974751_20180302.jpg', 'image/jpeg', '879394', '2018-03-02 07:12:31', '2018-03-02 07:12:31', 1),
(106, '5a98fc98e9b06_1519975576_20180302.jpg', 'files/decision/2018/03/5a98fc98e9b06_1519975576_20180302.jpg', 'files/decision/2018/03/5a98fc98e9b06_1519975576_20180302.jpg', 'image/jpeg', '845941', '2018-03-02 07:26:16', '2018-03-02 07:26:16', 1),
(107, '5a98fe4d40d03_1519976013_20180302.jpg', 'files/decision/2018/03/5a98fe4d40d03_1519976013_20180302.jpg', 'files/decision/2018/03/5a98fe4d40d03_1519976013_20180302.jpg', 'image/jpeg', '845941', '2018-03-02 07:33:33', '2018-03-02 07:33:33', 1),
(108, '5a98fe5882cb1_1519976024_20180302.jpg', 'files/decision/2018/03/5a98fe5882cb1_1519976024_20180302.jpg', 'files/decision/2018/03/5a98fe5882cb1_1519976024_20180302.jpg', 'image/jpeg', '845941', '2018-03-02 07:33:44', '2018-03-02 07:33:44', 1),
(109, '5a98fe65689ac_1519976037_20180302.jpg', 'files/decision/2018/03/5a98fe65689ac_1519976037_20180302.jpg', 'files/decision/2018/03/5a98fe65689ac_1519976037_20180302.jpg', 'image/jpeg', '879394', '2018-03-02 07:33:57', '2018-03-02 07:33:57', 1),
(110, '5a98fe700dfdb_1519976048_20180302.jpg', 'files/decision/2018/03/5a98fe700dfdb_1519976048_20180302.jpg', 'files/decision/2018/03/5a98fe700dfdb_1519976048_20180302.jpg', 'image/jpeg', '775702', '2018-03-02 07:34:08', '2018-03-02 07:34:08', 1),
(111, '5a990219c9643_1519976985_20180302.jpg', 'files/decision/2018/03/5a990219c9643_1519976985_20180302.jpg', 'files/decision/2018/03/5a990219c9643_1519976985_20180302.jpg', 'image/jpeg', '845941', '2018-03-02 07:49:45', '2018-03-02 07:49:45', 1),
(112, 'Tulips.jpg', '/var/www/html/public/files/collection/2018/03/02/img_1519978071_5a99065796ac33.92452609.jpeg', 'collection/2018/03/02/img_1519978071_5a99065796ac33.92452609.jpeg', 'image/jpeg', '620888', '2018-03-02 08:07:51', '2018-03-02 08:07:51', 1),
(113, 'chu thanh 2 dong.png', '/var/www/html/public/files/collection/2018/03/02/img_1519978716_5a9908dc1e12c1.64640357.png', 'collection/2018/03/02/img_1519978716_5a9908dc1e12c1.64640357.png', 'image/png', '32898', '2018-03-02 08:18:36', '2018-03-02 08:18:36', 1),
(114, 'Chrysanthemum.jpg', '/var/www/html/public/files/collection/2018/03/02/img_1519978846_5a99095e945dd7.04743105.jpeg', 'collection/2018/03/02/img_1519978846_5a99095e945dd7.04743105.jpeg', 'image/jpeg', '879394', '2018-03-02 08:20:46', '2018-03-02 08:20:46', 1),
(115, 'Chrysanthemum.jpg', '/var/www/html/public/files/collection/2018/03/02/img_1519982195_5a99167343c113.40505644.jpeg', 'collection/2018/03/02/img_1519982195_5a99167343c113.40505644.jpeg', 'image/jpeg', '879394', '2018-03-02 09:16:35', '2018-03-02 09:16:35', 1),
(116, 'Chrysanthemum.jpg', '/var/www/html/public/files/collection/2018/03/02/img_1519982317_5a9916edbbf7b6.45274410.jpeg', 'collection/2018/03/02/img_1519982317_5a9916edbbf7b6.45274410.jpeg', 'image/jpeg', '879394', '2018-03-02 09:18:37', '2018-03-02 09:18:37', 1),
(117, '5a99189cc5369_1519982748_20180302.jpg', 'files/decision/2018/03/5a99189cc5369_1519982748_20180302.jpg', 'files/decision/2018/03/5a99189cc5369_1519982748_20180302.jpg', 'image/jpeg', '879394', '2018-03-02 09:25:48', '2018-03-02 09:25:48', 1),
(118, '5a991a4993d0a_1519983177_20180302.jpg', 'files/decision/2018/03/5a991a4993d0a_1519983177_20180302.jpg', 'files/decision/2018/03/5a991a4993d0a_1519983177_20180302.jpg', 'application/vnd.openxmlformats-officedocument.spreadsheetml.sheet', '128991', '2018-03-02 09:32:57', '2018-03-02 09:32:57', 1),
(119, '5a991a7734daa_1519983223_20180302.jpg', 'files/decision/2018/03/5a991a7734daa_1519983223_20180302.jpg', 'files/decision/2018/03/5a991a7734daa_1519983223_20180302.jpg', 'image/jpeg', '879394', '2018-03-02 09:33:43', '2018-03-02 09:33:43', 1),
(120, 'Desert.jpg', '/var/www/html/public/files/collection/2018/03/05/img_1520221215_5a9cbc1f4d24a9.49649968.jpeg', 'collection/2018/03/05/img_1520221215_5a9cbc1f4d24a9.49649968.jpeg', 'image/jpeg', '845941', '2018-03-05 03:40:15', '2018-03-05 03:40:15', 1),
(121, 'Desert.jpg', '/var/www/html/public/files/collection/2018/03/05/img_1520222416_5a9cc0d0b827d3.51786539.jpeg', 'collection/2018/03/05/img_1520222416_5a9cc0d0b827d3.51786539.jpeg', 'image/jpeg', '845941', '2018-03-05 04:00:16', '2018-03-05 04:00:16', 1),
(122, 'Desert.jpg', '/var/www/html/public/files/collection/2018/03/05/img_1520225153_5a9ccb8176ff14.25095687.jpeg', 'collection/2018/03/05/img_1520225153_5a9ccb8176ff14.25095687.jpeg', 'image/jpeg', '845941', '2018-03-05 04:45:53', '2018-03-05 04:45:53', 1),
(123, 'Hydrangeas.jpg', '/var/www/html/public/files/collection/2018/03/05/img_1520233065_5a9cea69edb9e8.98169429.jpeg', 'collection/2018/03/05/img_1520233065_5a9cea69edb9e8.98169429.jpeg', 'image/jpeg', '595284', '2018-03-05 06:57:46', '2018-03-05 06:57:46', 1),
(124, 'Desert.jpg', '/var/www/html/public/files/collection/2018/03/05/img_1520237365_5a9cfb350571c7.04321761.jpeg', 'collection/2018/03/05/img_1520237365_5a9cfb350571c7.04321761.jpeg', 'image/jpeg', '845941', '2018-03-05 08:09:25', '2018-03-05 08:09:25', 1),
(125, 'Desert.jpg', '/var/www/html/public/files/collection/2018/03/05/img_1520237472_5a9cfba0d8b1f6.88339861.jpeg', 'collection/2018/03/05/img_1520237472_5a9cfba0d8b1f6.88339861.jpeg', 'image/jpeg', '845941', '2018-03-05 08:11:12', '2018-03-05 08:11:12', 1),
(126, 'Desert.jpg', '/var/www/html/public/files/collection/2018/03/05/img_1520242374_5a9d0ec617bca7.04319948.jpeg', 'collection/2018/03/05/img_1520242374_5a9d0ec617bca7.04319948.jpeg', 'image/jpeg', '845941', '2018-03-05 09:32:54', '2018-03-05 09:32:54', 1),
(127, '5a9e0a78205dd_1520306808_20180306.jpg', 'files/decision/2018/03/5a9e0a78205dd_1520306808_20180306.jpg', 'files/decision/2018/03/5a9e0a78205dd_1520306808_20180306.jpg', 'image/jpeg', '879394', '2018-03-06 03:26:48', '2018-03-06 03:26:48', 1),
(128, '5a9e0bd7e02fc_1520307159_20180306.jpg', 'files/decision/2018/03/5a9e0bd7e02fc_1520307159_20180306.jpg', 'files/decision/2018/03/5a9e0bd7e02fc_1520307159_20180306.jpg', 'image/jpeg', '879394', '2018-03-06 03:32:39', '2018-03-06 03:32:39', 1),
(129, '5a9e179607d4e_1520310166_20180306.jpg', 'files/decision/2018/03/5a9e179607d4e_1520310166_20180306.jpg', 'files/decision/2018/03/5a9e179607d4e_1520310166_20180306.jpg', 'image/jpeg', '845941', '2018-03-06 04:22:46', '2018-03-06 04:22:46', 1),
(130, '5a9e1a8293b6d_1520310914_20180306.jpg', 'files/decision/2018/03/5a9e1a8293b6d_1520310914_20180306.jpg', 'files/decision/2018/03/5a9e1a8293b6d_1520310914_20180306.jpg', 'image/jpeg', '845941', '2018-03-06 04:35:14', '2018-03-06 04:35:14', 1),
(131, '5a9e1ae3f00f2_1520311011_20180306.jpg', 'files/decision/2018/03/5a9e1ae3f00f2_1520311011_20180306.jpg', 'files/decision/2018/03/5a9e1ae3f00f2_1520311011_20180306.jpg', 'image/jpeg', '879394', '2018-03-06 04:36:51', '2018-03-06 04:36:51', 1),
(132, 'chu thanh 2 dong.png', '/var/www/html/public/files/collection/2018/03/07/img_1520385353_5a9f3d49bee204.24124243.png', 'collection/2018/03/07/img_1520385353_5a9f3d49bee204.24124243.png', 'image/png', '32898', '2018-03-07 01:15:53', '2018-03-07 01:15:53', 1),
(133, '5a9f9783e075e_1520408451_20180307.jpg', 'files/decision/2018/03/5a9f9783e075e_1520408451_20180307.jpg', 'files/decision/2018/03/5a9f9783e075e_1520408451_20180307.jpg', 'image/jpeg', '595284', '2018-03-07 07:40:51', '2018-03-07 07:40:51', 1),
(134, '5a9fa202af223_1520411138_20180307.jpg', 'files/decision/2018/03/5a9fa202af223_1520411138_20180307.jpg', 'files/decision/2018/03/5a9fa202af223_1520411138_20180307.jpg', 'image/jpeg', '845941', '2018-03-07 08:25:38', '2018-03-07 08:25:38', 1),
(135, '5a9fa20e16f24_1520411150_20180307.jpg', 'files/decision/2018/03/5a9fa20e16f24_1520411150_20180307.jpg', 'files/decision/2018/03/5a9fa20e16f24_1520411150_20180307.jpg', 'image/jpeg', '595284', '2018-03-07 08:25:50', '2018-03-07 08:25:50', 1),
(136, '5a9fa52512c13_1520411941_20180307.gif', 'files/decision/2018/03/5a9fa52512c13_1520411941_20180307.gif', 'files/decision/2018/03/5a9fa52512c13_1520411941_20180307.gif', 'image/gif', '18061', '2018-03-07 08:39:01', '2018-03-07 08:39:01', 1),
(137, '5a9fa5828fd19_1520412034_20180307.jpg', 'files/decision/2018/03/5a9fa5828fd19_1520412034_20180307.jpg', 'files/decision/2018/03/5a9fa5828fd19_1520412034_20180307.jpg', 'image/jpeg', '15784', '2018-03-07 08:40:34', '2018-03-07 08:40:34', 1),
(138, 'nuocmam.jpg', '/var/www/html/public/files/collection/2018/03/07/img_1520416075_5a9fb54bc99425.40677675.jpeg', 'collection/2018/03/07/img_1520416075_5a9fb54bc99425.40677675.jpeg', 'image/jpeg', '9188', '2018-03-07 09:47:55', '2018-03-07 09:47:55', 1),
(139, 'lavi.jpg', '/var/www/html/public/files/collection/2018/03/09/img_1520565145_5aa1fb99e43d28.94729610.jpeg', 'collection/2018/03/09/img_1520565145_5aa1fb99e43d28.94729610.jpeg', 'image/jpeg', '6221', '2018-03-09 03:12:25', '2018-03-09 03:12:25', 1),
(140, 'cakhonhanhau.png', '/var/www/html/public/files/collection/2018/03/09/img_1520568031_5aa206dfd094f3.69540712.png', 'collection/2018/03/09/img_1520568031_5aa206dfd094f3.69540712.png', 'image/png', '5727', '2018-03-09 04:00:31', '2018-03-09 04:00:31', 1),
(141, 'miendong.jpg', '/var/www/html/public/files/collection/2018/03/09/img_1520568468_5aa20894eabc77.22518487.jpeg', 'collection/2018/03/09/img_1520568468_5aa20894eabc77.22518487.jpeg', 'image/jpeg', '9704', '2018-03-09 04:07:48', '2018-03-09 04:07:48', 1),
(142, '`~!@#$%^&()-=_+{};\',.lavi.jpg', '/var/www/html/public/files/collection/2018/03/09/img_1520569489_5aa20c9148c256.75396917.jpeg', 'collection/2018/03/09/img_1520569489_5aa20c9148c256.75396917.jpeg', 'image/jpeg', '6221', '2018-03-09 04:24:49', '2018-03-09 04:24:49', 1),
(143, 'miendong.jpg', '/var/www/html/public/files/collection/2018/03/09/img_1520570294_5aa20fb67b0ea4.60357904.jpeg', 'collection/2018/03/09/img_1520570294_5aa20fb67b0ea4.60357904.jpeg', 'image/jpeg', '9704', '2018-03-09 04:38:14', '2018-03-09 04:38:14', 1),
(144, '5aa22fea458b4_1520578538_20180309.jpg', 'files/decision/2018/03/5aa22fea458b4_1520578538_20180309.jpg', 'files/decision/2018/03/5aa22fea458b4_1520578538_20180309.jpg', 'image/jpeg', '845941', '2018-03-09 06:55:38', '2018-03-09 06:55:38', 1),
(145, 'daiwoo.jpg', '/var/www/html/public/files/collection/2018/03/09/img_1520578941_5aa2317d3f5dc7.95437428.jpeg', 'collection/2018/03/09/img_1520578941_5aa2317d3f5dc7.95437428.jpeg', 'image/jpeg', '6699', '2018-03-09 07:02:21', '2018-03-09 07:02:21', 1),
(146, 'miendong.jpg', '/var/www/html/public/files/collection/2018/03/09/img_1520579402_5aa2334a5c8508.72610169.jpeg', 'collection/2018/03/09/img_1520579402_5aa2334a5c8508.72610169.jpeg', 'image/jpeg', '9704', '2018-03-09 07:10:02', '2018-03-09 07:10:02', 1),
(147, '5aa2368f69e0a_1520580239_20180309.jpg', 'files/decision/2018/03/5aa2368f69e0a_1520580239_20180309.jpg', 'files/decision/2018/03/5aa2368f69e0a_1520580239_20180309.jpg', 'image/jpeg', '595284', '2018-03-09 07:23:59', '2018-03-09 07:23:59', 1),
(148, '5aa2379d5c714_1520580509_20180309.jpg', 'files/decision/2018/03/5aa2379d5c714_1520580509_20180309.jpg', 'files/decision/2018/03/5aa2379d5c714_1520580509_20180309.jpg', 'image/jpeg', '845941', '2018-03-09 07:28:29', '2018-03-09 07:28:29', 1),
(149, '5aa237c693c9a_1520580550_20180309.jpg', 'files/decision/2018/03/5aa237c693c9a_1520580550_20180309.jpg', 'files/decision/2018/03/5aa237c693c9a_1520580550_20180309.jpg', 'image/jpeg', '845941', '2018-03-09 07:29:10', '2018-03-09 07:29:10', 1),
(150, '5aa238a357a35_1520580771_20180309.jpg', 'files/decision/2018/03/5aa238a357a35_1520580771_20180309.jpg', 'files/decision/2018/03/5aa238a357a35_1520580771_20180309.jpg', 'image/jpeg', '845941', '2018-03-09 07:32:51', '2018-03-09 07:32:51', 1),
(151, '5aa2395c9580d_1520580956_20180309.jpg', 'files/decision/2018/03/5aa2395c9580d_1520580956_20180309.jpg', 'files/decision/2018/03/5aa2395c9580d_1520580956_20180309.jpg', 'image/jpeg', '595284', '2018-03-09 07:35:56', '2018-03-09 07:35:56', 1),
(152, '5aa23b35c76d2_1520581429_20180309.mp4', 'files/decision/2018/03/5aa23b35c76d2_1520581429_20180309.mp4', 'files/decision/2018/03/5aa23b35c76d2_1520581429_20180309.mp4', 'video/mp4', '1892700', '2018-03-09 07:43:49', '2018-03-09 07:43:49', 1),
(153, '5aa23c2cb1a2e_1520581676_20180309.jpg', 'files/decision/2018/03/5aa23c2cb1a2e_1520581676_20180309.jpg', 'files/decision/2018/03/5aa23c2cb1a2e_1520581676_20180309.jpg', 'image/jpeg', '879394', '2018-03-09 07:47:56', '2018-03-09 07:47:56', 1),
(154, '5aa23c4c6581e_1520581708_20180309.jpg', 'files/decision/2018/03/5aa23c4c6581e_1520581708_20180309.jpg', 'files/decision/2018/03/5aa23c4c6581e_1520581708_20180309.jpg', 'image/jpeg', '879394', '2018-03-09 07:48:28', '2018-03-09 07:48:28', 1),
(155, '5aa23cadcd00f_1520581805_20180309.jpg', 'files/decision/2018/03/5aa23cadcd00f_1520581805_20180309.jpg', 'files/decision/2018/03/5aa23cadcd00f_1520581805_20180309.jpg', 'image/jpeg', '595284', '2018-03-09 07:50:05', '2018-03-09 07:50:05', 1),
(156, '5aa335a9c9f04_1520645545_20180310.jpg', 'files/decision/2018/03/5aa335a9c9f04_1520645545_20180310.jpg', 'files/decision/2018/03/5aa335a9c9f04_1520645545_20180310.jpg', 'image/jpeg', '9188', '2018-03-10 01:32:25', '2018-03-10 01:32:25', 1),
(157, 'nuocmam.jpg', '/var/www/html/public/files/collection/2018/03/10/img_1520647994_5aa33f3a725ab0.20033195.jpeg', 'collection/2018/03/10/img_1520647994_5aa33f3a725ab0.20033195.jpeg', 'image/jpeg', '9188', '2018-03-10 02:13:14', '2018-03-10 02:13:14', 1),
(158, 'Desert.jpg', '/var/www/html/public/files/collection/2018/03/10/img_1520666850_5aa388e2407c94.18538097.jpeg', 'collection/2018/03/10/img_1520666850_5aa388e2407c94.18538097.jpeg', 'image/jpeg', '845941', '2018-03-10 07:27:30', '2018-03-10 07:27:30', 1),
(159, 'Desert.jpg', '/var/www/html/public/files/collection/2018/03/10/img_1520667124_5aa389f4c405e1.87659274.jpeg', 'collection/2018/03/10/img_1520667124_5aa389f4c405e1.87659274.jpeg', 'image/jpeg', '845941', '2018-03-10 07:32:04', '2018-03-10 07:32:04', 1),
(160, 'girl-bikini-4.jpg', '/var/www/html/public/files/collection/2018/03/11/img_1520786114_5aa55ac251b5c9.62013960.jpeg', 'collection/2018/03/11/img_1520786114_5aa55ac251b5c9.62013960.jpeg', 'image/jpeg', '37501', '2018-03-11 16:35:14', '2018-03-11 16:35:14', 1),
(161, 'girl-bikini-4.jpg', '/var/www/html/public/files/collection/2018/03/12/img_1520820381_5aa5e09dd7f246.25060163.jpeg', 'collection/2018/03/12/img_1520820381_5aa5e09dd7f246.25060163.jpeg', 'image/jpeg', '37501', '2018-03-12 02:06:21', '2018-03-12 02:06:21', 1),
(162, 'girl-bikini-4.jpg', '/var/www/html/public/files/collection/2018/03/12/img_1520820592_5aa5e170cbf3f5.94477133.jpeg', 'collection/2018/03/12/img_1520820592_5aa5e170cbf3f5.94477133.jpeg', 'image/jpeg', '37501', '2018-03-12 02:09:52', '2018-03-12 02:09:52', 1),
(163, 'APIN_Sonar.png', '/var/www/html/public/files/collection/2018/03/12/img_1520824009_5aa5eec9d528d2.10330981.png', 'collection/2018/03/12/img_1520824009_5aa5eec9d528d2.10330981.png', 'image/png', '98765', '2018-03-12 03:06:49', '2018-03-12 03:06:49', 1),
(164, 'moi cau.jpg', '/var/www/html/public/files/collection/2018/03/12/img_1520824024_5aa5eed88f5bc8.16742004.jpeg', 'collection/2018/03/12/img_1520824024_5aa5eed88f5bc8.16742004.jpeg', 'image/jpeg', '452536', '2018-03-12 03:07:04', '2018-03-12 03:07:04', 1),
(165, 'mat-bang-biet-thu-1024x683.jpg', '/var/www/html/public/files/collection/2018/03/12/img_1520825011_5aa5f2b38129b8.09329099.jpeg', 'collection/2018/03/12/img_1520825011_5aa5f2b38129b8.09329099.jpeg', 'image/jpeg', '129581', '2018-03-12 03:23:31', '2018-03-12 03:23:31', 1),
(166, '20161208_152101.jpg', '/var/www/html/public/files/collection/2018/03/12/img_1520825338_5aa5f3fa1c05a8.34990960.jpeg', 'collection/2018/03/12/img_1520825338_5aa5f3fa1c05a8.34990960.jpeg', 'image/jpeg', '1806735', '2018-03-12 03:28:58', '2018-03-12 03:28:58', 1),
(167, '20161208_152101.jpg', '/var/www/html/public/files/collection/2018/03/12/img_1520825526_5aa5f4b6890063.11018833.jpeg', 'collection/2018/03/12/img_1520825526_5aa5f4b6890063.11018833.jpeg', 'image/jpeg', '1806735', '2018-03-12 03:32:06', '2018-03-12 03:32:06', 1),
(168, '20161208_152101.jpg', '/var/www/html/public/files/collection/2018/03/12/img_1520825550_5aa5f4ce8eb7f6.84416229.jpeg', 'collection/2018/03/12/img_1520825550_5aa5f4ce8eb7f6.84416229.jpeg', 'image/jpeg', '1806735', '2018-03-12 03:32:30', '2018-03-12 03:32:30', 1),
(169, '20170421_155954.jpg', '/var/www/html/public/files/collection/2018/03/12/img_1520825740_5aa5f58c1700c6.32845773.jpeg', 'collection/2018/03/12/img_1520825740_5aa5f58c1700c6.32845773.jpeg', 'image/jpeg', '2801905', '2018-03-12 03:35:40', '2018-03-12 03:35:40', 1),
(170, '5aa5f627041c7_1520825895_20180312.png', 'files/decision/2018/03/5aa5f627041c7_1520825895_20180312.png', 'files/decision/2018/03/5aa5f627041c7_1520825895_20180312.png', 'image/png', '362909', '2018-03-12 03:38:15', '2018-03-12 03:38:15', 1),
(171, '5aa5f64e1132b_1520825934_20180312.png', 'files/decision/2018/03/5aa5f64e1132b_1520825934_20180312.png', 'files/decision/2018/03/5aa5f64e1132b_1520825934_20180312.png', 'image/png', '362909', '2018-03-12 03:38:54', '2018-03-12 03:38:54', 1),
(172, '5aa5f884ccdaf_1520826500_20180312.png', 'files/decision/2018/03/5aa5f884ccdaf_1520826500_20180312.png', 'files/decision/2018/03/5aa5f884ccdaf_1520826500_20180312.png', 'image/png', '362909', '2018-03-12 03:48:20', '2018-03-12 03:48:20', 1),
(173, '5aa5f941397f3_1520826689_20180312.mp4', 'files/decision/2018/03/5aa5f941397f3_1520826689_20180312.mp4', 'files/decision/2018/03/5aa5f941397f3_1520826689_20180312.mp4', 'video/mp4', '1385735', '2018-03-12 03:51:29', '2018-03-12 03:51:29', 1),
(174, '5aa5fd8262464_1520827778_20180312.exe', 'files/decision/2018/03/5aa5fd8262464_1520827778_20180312.exe', 'files/decision/2018/03/5aa5fd8262464_1520827778_20180312.exe', 'application/x-dosexec', '54272', '2018-03-12 04:09:38', '2018-03-12 04:09:38', 1),
(175, 'APIN_Sonar.png', '/var/www/html/public/files/collection/2018/03/12/img_1520829929_5aa605e93aa0a6.29410782.png', 'collection/2018/03/12/img_1520829929_5aa605e93aa0a6.29410782.png', 'image/png', '98765', '2018-03-12 04:45:29', '2018-03-12 04:45:29', 1),
(176, '20170421_155726.jpg', '/var/www/html/public/files/collection/2018/03/12/img_1520830278_5aa60746b679e9.13138608.jpeg', 'collection/2018/03/12/img_1520830278_5aa60746b679e9.13138608.jpeg', 'image/jpeg', '3938333', '2018-03-12 04:51:19', '2018-03-12 04:51:19', 1),
(177, '5aa620c993899_1520836809_20180312.png', 'files/decision/2018/03/5aa620c993899_1520836809_20180312.png', 'files/decision/2018/03/5aa620c993899_1520836809_20180312.png', 'image/png', '185324', '2018-03-12 06:40:09', '2018-03-12 06:40:09', 1),
(178, '20170421_155726.jpg', '/var/www/html/public/files/collection/2018/03/12/img_1520837202_5aa622524a4552.42640908.jpeg', 'collection/2018/03/12/img_1520837202_5aa622524a4552.42640908.jpeg', 'image/jpeg', '3938333', '2018-03-12 06:46:42', '2018-03-12 06:46:42', 1),
(179, '5aa624014f034_1520837633_20180312.png', 'files/decision/2018/03/5aa624014f034_1520837633_20180312.png', 'files/decision/2018/03/5aa624014f034_1520837633_20180312.png', 'image/png', '362909', '2018-03-12 06:53:53', '2018-03-12 06:53:53', 1),
(180, '20170421_155954.jpg', '/var/www/html/public/files/collection/2018/03/12/img_1520838247_5aa62668005810.80383000.jpeg', 'collection/2018/03/12/img_1520838247_5aa62668005810.80383000.jpeg', 'image/jpeg', '2801905', '2018-03-12 07:04:08', '2018-03-12 07:04:08', 1),
(181, 'cover.jpg', '/var/www/html/public/files/collection/2018/03/12/img_1520839618_5aa62bc2a2f2e6.95922032.jpeg', 'collection/2018/03/12/img_1520839618_5aa62bc2a2f2e6.95922032.jpeg', 'image/jpeg', '3960829', '2018-03-12 07:26:59', '2018-03-12 07:26:59', 1),
(182, 'IMG_6492.JPG', '/var/www/html/public/files/collection/2018/03/12/img_1520840435_5aa62ef3af07e7.37981969.jpeg', 'collection/2018/03/12/img_1520840435_5aa62ef3af07e7.37981969.jpeg', 'image/jpeg', '3017162', '2018-03-12 07:40:36', '2018-03-12 07:40:36', 1),
(183, 'nap truc tiep.png', '/var/www/html/public/files/collection/2018/03/12/img_1520841181_5aa631dd871cb0.81085817.png', 'collection/2018/03/12/img_1520841181_5aa631dd871cb0.81085817.png', 'image/png', '362909', '2018-03-12 07:53:01', '2018-03-12 07:53:01', 1),
(184, 'Benh vien nhiet doi.jpg', '/var/www/html/public/files/collection/2018/03/12/img_1520841252_5aa632245c55e3.08665471.jpeg', 'collection/2018/03/12/img_1520841252_5aa632245c55e3.08665471.jpeg', 'image/jpeg', '2539128', '2018-03-12 07:54:12', '2018-03-12 07:54:12', 1),
(185, '20170421_155954.jpg', '/var/www/html/public/files/collection/2018/03/12/img_1520841452_5aa632ec5c75c1.33950061.jpeg', 'collection/2018/03/12/img_1520841452_5aa632ec5c75c1.33950061.jpeg', 'image/jpeg', '2801905', '2018-03-12 07:57:32', '2018-03-12 07:57:32', 1),
(186, 'cover.jpg', '/var/www/html/public/files/collection/2018/03/12/img_1520841643_5aa633ab1ea1f5.39662048.jpeg', 'collection/2018/03/12/img_1520841643_5aa633ab1ea1f5.39662048.jpeg', 'image/jpeg', '3960829', '2018-03-12 08:00:43', '2018-03-12 08:00:43', 1),
(187, 'Screenshot from 2018-02-11 01-16-37.png', '/var/www/html/public/files/collection/2018/03/12/img_1520841954_5aa634e233f7a8.11462606.png', 'collection/2018/03/12/img_1520841954_5aa634e233f7a8.11462606.png', 'image/png', '31429', '2018-03-12 08:05:54', '2018-03-12 08:05:54', 1),
(188, 'Screenshot from 2018-01-11 22-32-15.png', '/var/www/html/public/files/collection/2018/03/12/img_1520842313_5aa63649307cc6.91399541.png', 'collection/2018/03/12/img_1520842313_5aa63649307cc6.91399541.png', 'image/png', '19066', '2018-03-12 08:11:53', '2018-03-12 08:11:53', 1),
(189, '5aa638d67b668_1520842966_20180312.png', 'files/decision/2018/03/5aa638d67b668_1520842966_20180312.png', 'files/decision/2018/03/5aa638d67b668_1520842966_20180312.png', 'image/png', '362909', '2018-03-12 08:22:46', '2018-03-12 08:22:46', 1),
(190, '5aa641f298a7d_1520845298_20180312.png', 'files/decision/2018/03/5aa641f298a7d_1520845298_20180312.png', 'files/decision/2018/03/5aa641f298a7d_1520845298_20180312.png', 'image/png', '362909', '2018-03-12 09:01:38', '2018-03-12 09:01:38', 1),
(191, '5aa641fcae0cd_1520845308_20180312.png', 'files/decision/2018/03/5aa641fcae0cd_1520845308_20180312.png', 'files/decision/2018/03/5aa641fcae0cd_1520845308_20180312.png', 'image/png', '362909', '2018-03-12 09:01:48', '2018-03-12 09:01:48', 1),
(192, 'Logo VTGA.png', '/var/www/html/public/files/collection/2018/03/12/img_1520846677_5aa647559d2656.87996344.png', 'collection/2018/03/12/img_1520846677_5aa647559d2656.87996344.png', 'image/png', '15927', '2018-03-12 09:24:37', '2018-03-12 09:24:37', 1),
(193, '20180224_213716.jpg', '/var/www/html/public/files/collection/2018/03/12/img_1520846704_5aa64770659461.73705221.jpeg', 'collection/2018/03/12/img_1520846704_5aa64770659461.73705221.jpeg', 'image/jpeg', '2292385', '2018-03-12 09:25:04', '2018-03-12 09:25:04', 1),
(194, 'nap truc tiep.png', '/var/www/html/public/files/collection/2018/03/12/img_1520846893_5aa6482daf5ba3.20341892.png', 'collection/2018/03/12/img_1520846893_5aa6482daf5ba3.20341892.png', 'image/png', '362909', '2018-03-12 09:28:13', '2018-03-12 09:28:13', 1),
(195, '20180224_213716.jpg', '/var/www/html/public/files/collection/2018/03/12/img_1520846903_5aa648372ddc10.92822141.jpeg', 'collection/2018/03/12/img_1520846903_5aa648372ddc10.92822141.jpeg', 'image/jpeg', '2292385', '2018-03-12 09:28:23', '2018-03-12 09:28:23', 1);
INSERT INTO `files` (`id`, `originalName`, `absPath`, `relativeUrl`, `mime`, `size`, `createdAt`, `updatedAt`, `status`) VALUES
(196, 'Logo VTGA.png', '/var/www/html/public/files/collection/2018/03/12/img_1520847355_5aa649fb7a3939.83603813.png', 'collection/2018/03/12/img_1520847355_5aa649fb7a3939.83603813.png', 'image/png', '15927', '2018-03-12 09:35:55', '2018-03-12 09:35:55', 1),
(197, '5aa655d86542b_1520850392_20180312.png', 'files/decision/2018/03/5aa655d86542b_1520850392_20180312.png', 'files/decision/2018/03/5aa655d86542b_1520850392_20180312.png', 'image/png', '362909', '2018-03-12 10:26:32', '2018-03-12 10:26:32', 1),
(198, '20161208_152101.jpg', '/var/www/html/public/files/collection/2018/03/13/img_1520907817_5aa736299ea2a8.76562326.jpeg', 'collection/2018/03/13/img_1520907817_5aa736299ea2a8.76562326.jpeg', 'image/jpeg', '1806735', '2018-03-13 02:23:37', '2018-03-13 02:23:37', 1),
(199, '20161208_152101.jpg', '/var/www/html/public/files/collection/2018/03/13/img_1520909827_5aa73e031a8872.78818463.jpeg', 'collection/2018/03/13/img_1520909827_5aa73e031a8872.78818463.jpeg', 'image/jpeg', '1806735', '2018-03-13 02:57:07', '2018-03-13 02:57:07', 1),
(200, '20161208_152101.jpg', '/var/www/html/public/files/collection/2018/03/13/img_1520910071_5aa73ef73e9a37.58212534.jpeg', 'collection/2018/03/13/img_1520910071_5aa73ef73e9a37.58212534.jpeg', 'image/jpeg', '1806735', '2018-03-13 03:01:11', '2018-03-13 03:01:11', 1),
(201, 'nap truc tiep.png', '/var/www/html/public/files/collection/2018/03/13/img_1520910196_5aa73f74c77975.74480818.png', 'collection/2018/03/13/img_1520910196_5aa73f74c77975.74480818.png', 'image/png', '362909', '2018-03-13 03:03:16', '2018-03-13 03:03:16', 1),
(202, 'nap truc tiep.png', '/var/www/html/public/files/collection/2018/03/13/img_1520910601_5aa741091ede56.60651325.png', 'collection/2018/03/13/img_1520910601_5aa741091ede56.60651325.png', 'image/png', '362909', '2018-03-13 03:10:01', '2018-03-13 03:10:01', 1),
(203, 'nap truc tiep.png', '/var/www/html/public/files/collection/2018/03/13/img_1520910634_5aa7412a0c2a93.69600324.png', 'collection/2018/03/13/img_1520910634_5aa7412a0c2a93.69600324.png', 'image/png', '362909', '2018-03-13 03:10:34', '2018-03-13 03:10:34', 1),
(204, '20161208_152101.jpg', '/var/www/html/public/files/collection/2018/03/13/img_1520910754_5aa741a2063095.01134530.jpeg', 'collection/2018/03/13/img_1520910754_5aa741a2063095.01134530.jpeg', 'image/jpeg', '1806735', '2018-03-13 03:12:34', '2018-03-13 03:12:34', 1),
(205, '20161208_152101.jpg', '/var/www/html/public/files/collection/2018/03/13/img_1520912102_5aa746e6aa7ad6.23260536.jpeg', 'collection/2018/03/13/img_1520912102_5aa746e6aa7ad6.23260536.jpeg', 'image/jpeg', '1806735', '2018-03-13 03:35:02', '2018-03-13 03:35:02', 1),
(206, '5aa74f0cdb888_1520914188_20180313.pdf', 'files/decision/2018/03/5aa74f0cdb888_1520914188_20180313.pdf', 'files/decision/2018/03/5aa74f0cdb888_1520914188_20180313.pdf', 'application/pdf', '6510534', '2018-03-13 04:09:48', '2018-03-13 04:09:48', 1),
(207, '5aa7509d7ae9d_1520914589_20180313.pdf', 'files/decision/2018/03/5aa7509d7ae9d_1520914589_20180313.pdf', 'files/decision/2018/03/5aa7509d7ae9d_1520914589_20180313.pdf', 'application/pdf', '6510534', '2018-03-13 04:16:29', '2018-03-13 04:16:29', 1),
(208, '5aa750b0e4fb0_1520914608_20180313.png', 'files/decision/2018/03/5aa750b0e4fb0_1520914608_20180313.png', 'files/decision/2018/03/5aa750b0e4fb0_1520914608_20180313.png', 'image/png', '163127', '2018-03-13 04:16:48', '2018-03-13 04:16:48', 1),
(209, '5aa750bd5ec74_1520914621_20180313.png', 'files/decision/2018/03/5aa750bd5ec74_1520914621_20180313.png', 'files/decision/2018/03/5aa750bd5ec74_1520914621_20180313.png', 'image/png', '102121', '2018-03-13 04:17:01', '2018-03-13 04:17:01', 1),
(210, '5aa7521ae41c7_1520914970_20180313.jpg', 'files/decision/2018/03/5aa7521ae41c7_1520914970_20180313.jpg', 'files/decision/2018/03/5aa7521ae41c7_1520914970_20180313.jpg', 'video/mp4', '1385735', '2018-03-13 04:21:07', '2018-03-13 04:22:50', 1),
(211, '5aa7549ef1dbf_1520915614_20180313.pdf', 'files/decision/2018/03/5aa7549ef1dbf_1520915614_20180313.pdf', 'files/decision/2018/03/5aa7549ef1dbf_1520915614_20180313.pdf', 'application/pdf', '6510534', '2018-03-13 04:33:34', '2018-03-13 04:33:34', 1),
(212, '5aa754b10691c_1520915633_20180313.pdf', 'files/decision/2018/03/5aa754b10691c_1520915633_20180313.pdf', 'files/decision/2018/03/5aa754b10691c_1520915633_20180313.pdf', 'application/pdf', '6510534', '2018-03-13 04:33:53', '2018-03-13 04:33:53', 1),
(213, '5aa754bf3f2bb_1520915647_20180313.pdf', 'files/decision/2018/03/5aa754bf3f2bb_1520915647_20180313.pdf', 'files/decision/2018/03/5aa754bf3f2bb_1520915647_20180313.pdf', 'application/pdf', '6510534', '2018-03-13 04:34:07', '2018-03-13 04:34:07', 1),
(214, 'nap truc tiep.png', '/var/www/html/public/files/collection/2018/03/13/img_1520916141_5aa756ad53b774.87680943.png', 'collection/2018/03/13/img_1520916141_5aa756ad53b774.87680943.png', 'image/png', '362909', '2018-03-13 04:42:21', '2018-03-13 04:42:21', 1),
(215, 'nap truc tiep.png', '/var/www/html/public/files/collection/2018/03/13/img_1520924242_5aa776520efc94.72533112.png', 'collection/2018/03/13/img_1520924242_5aa776520efc94.72533112.png', 'image/png', '362909', '2018-03-13 06:57:22', '2018-03-13 06:57:22', 1),
(216, 'Benh vien nhiet doi.jpg', '/var/www/html/public/files/collection/2018/03/13/img_1520924322_5aa776a27461f1.96027366.jpeg', 'collection/2018/03/13/img_1520924322_5aa776a27461f1.96027366.jpeg', 'image/jpeg', '2539128', '2018-03-13 06:58:42', '2018-03-13 06:58:42', 1),
(217, 'nap truc tiep.png', '/var/www/html/public/files/collection/2018/03/13/img_1520925126_5aa779c62515f7.62061228.png', 'collection/2018/03/13/img_1520925126_5aa779c62515f7.62061228.png', 'image/png', '362909', '2018-03-13 07:12:06', '2018-03-13 07:12:06', 1),
(218, 'nap truc tiep.png', '/var/www/html/public/files/collection/2018/03/13/img_1520925411_5aa77ae338ecc5.08126084.png', 'collection/2018/03/13/img_1520925411_5aa77ae338ecc5.08126084.png', 'image/png', '362909', '2018-03-13 07:16:51', '2018-03-13 07:16:51', 1),
(219, 'nap truc tiep.png', '/var/www/html/public/files/collection/2018/03/13/img_1520925624_5aa77bb8c88a67.25408616.png', 'collection/2018/03/13/img_1520925624_5aa77bb8c88a67.25408616.png', 'image/png', '362909', '2018-03-13 07:20:24', '2018-03-13 07:20:24', 1),
(220, 'nap truc tiep.png', '/var/www/html/public/files/collection/2018/03/13/img_1520925662_5aa77bde6d8a10.88546578.png', 'collection/2018/03/13/img_1520925662_5aa77bde6d8a10.88546578.png', 'image/png', '362909', '2018-03-13 07:21:02', '2018-03-13 07:21:02', 1),
(221, '20161208_152101.jpg', '/var/www/html/public/files/collection/2018/03/13/img_1520925796_5aa77c64b53198.22224956.jpeg', 'collection/2018/03/13/img_1520925796_5aa77c64b53198.22224956.jpeg', 'image/jpeg', '1806735', '2018-03-13 07:23:16', '2018-03-13 07:23:16', 1),
(222, '5aa77f1047c79_1520926480_20180313.png', 'files/decision/2018/03/5aa77f1047c79_1520926480_20180313.png', 'files/decision/2018/03/5aa77f1047c79_1520926480_20180313.png', 'image/png', '362909', '2018-03-13 07:34:40', '2018-03-13 07:34:40', 1),
(223, '5aa77f1b3b912_1520926491_20180313.png', 'files/decision/2018/03/5aa77f1b3b912_1520926491_20180313.png', 'files/decision/2018/03/5aa77f1b3b912_1520926491_20180313.png', 'image/png', '362909', '2018-03-13 07:34:51', '2018-03-13 07:34:51', 1),
(224, '5aa77f4360c47_1520926531_20180313.png', 'files/decision/2018/03/5aa77f4360c47_1520926531_20180313.png', 'files/decision/2018/03/5aa77f4360c47_1520926531_20180313.png', 'image/png', '362909', '2018-03-13 07:35:31', '2018-03-13 07:35:31', 1),
(225, '5aa77f4e4ed04_1520926542_20180313.png', 'files/decision/2018/03/5aa77f4e4ed04_1520926542_20180313.png', 'files/decision/2018/03/5aa77f4e4ed04_1520926542_20180313.png', 'image/png', '362909', '2018-03-13 07:35:42', '2018-03-13 07:35:42', 1),
(226, '5aa77f59bae2a_1520926553_20180313.png', 'files/decision/2018/03/5aa77f59bae2a_1520926553_20180313.png', 'files/decision/2018/03/5aa77f59bae2a_1520926553_20180313.png', 'image/png', '362909', '2018-03-13 07:35:53', '2018-03-13 07:35:53', 1),
(227, '5aa77f69c36cf_1520926569_20180313.png', 'files/decision/2018/03/5aa77f69c36cf_1520926569_20180313.png', 'files/decision/2018/03/5aa77f69c36cf_1520926569_20180313.png', 'image/png', '362909', '2018-03-13 07:36:09', '2018-03-13 07:36:09', 1),
(228, '5aa77f763f0f6_1520926582_20180313.png', 'files/decision/2018/03/5aa77f763f0f6_1520926582_20180313.png', 'files/decision/2018/03/5aa77f763f0f6_1520926582_20180313.png', 'image/png', '362909', '2018-03-13 07:36:22', '2018-03-13 07:36:22', 1),
(229, '5aa77f8da6c04_1520926605_20180313.png', 'files/decision/2018/03/5aa77f8da6c04_1520926605_20180313.png', 'files/decision/2018/03/5aa77f8da6c04_1520926605_20180313.png', 'image/png', '362909', '2018-03-13 07:36:45', '2018-03-13 07:36:45', 1),
(230, '5aa782777deb7_1520927351_20180313.png', 'files/decision/2018/03/5aa782777deb7_1520927351_20180313.png', 'files/decision/2018/03/5aa782777deb7_1520927351_20180313.png', 'image/png', '362909', '2018-03-13 07:49:11', '2018-03-13 07:49:11', 1),
(231, '5aa783448a9f3_1520927556_20180313.png', 'files/decision/2018/03/5aa783448a9f3_1520927556_20180313.png', 'files/decision/2018/03/5aa783448a9f3_1520927556_20180313.png', 'image/png', '362909', '2018-03-13 07:52:36', '2018-03-13 07:52:36', 1),
(232, 'new-field-group.jpg', '/var/www/html/public/files/collection/2018/03/13/img_1520954904_5aa7ee18e17c42.56431147.jpeg', 'collection/2018/03/13/img_1520954904_5aa7ee18e17c42.56431147.jpeg', 'image/jpeg', '53097', '2018-03-13 15:28:24', '2018-03-13 15:28:24', 1),
(233, 'APIN_Sonar.png', '/var/www/html/public/files/collection/2018/03/14/img_1520995033_5aa88ad9d7e3b4.77550918.png', 'collection/2018/03/14/img_1520995033_5aa88ad9d7e3b4.77550918.png', 'image/png', '98765', '2018-03-14 02:37:13', '2018-03-14 02:37:13', 1),
(234, 'nap truc tiep.png', '/var/www/html/public/files/collection/2018/03/14/img_1520995370_5aa88c2ad091d4.55577605.png', 'collection/2018/03/14/img_1520995370_5aa88c2ad091d4.55577605.png', 'image/png', '362909', '2018-03-14 02:42:50', '2018-03-14 02:42:50', 1),
(235, 'nap truc tiep.png', '/var/www/html/public/files/collection/2018/03/14/img_1520998304_5aa897a0b0f934.61956797.png', 'collection/2018/03/14/img_1520998304_5aa897a0b0f934.61956797.png', 'image/png', '362909', '2018-03-14 03:31:44', '2018-03-14 03:31:44', 1),
(236, '5aa897a1c53ac_1520998305_20180314.pdf', 'files/decision/2018/03/5aa897a1c53ac_1520998305_20180314.pdf', 'files/decision/2018/03/5aa897a1c53ac_1520998305_20180314.pdf', 'application/pdf', '64955', '2018-03-14 03:31:45', '2018-03-14 03:31:45', 1),
(237, 'nap truc tiep.png', '/var/www/html/public/files/collection/2018/03/14/img_1520998448_5aa89830333874.71676028.png', 'collection/2018/03/14/img_1520998448_5aa89830333874.71676028.png', 'image/png', '362909', '2018-03-14 03:34:08', '2018-03-14 03:34:08', 1),
(238, '20161208_152101.jpg', '/var/www/html/public/files/collection/2018/03/14/img_1520998492_5aa8985d0022a8.21722310.jpeg', 'collection/2018/03/14/img_1520998492_5aa8985d0022a8.21722310.jpeg', 'image/jpeg', '1806735', '2018-03-14 03:34:53', '2018-03-14 03:34:53', 1),
(239, '20161208_152101.jpg', '/var/www/html/public/files/collection/2018/03/14/img_1520998764_5aa8996cd76048.57500578.jpeg', 'collection/2018/03/14/img_1520998764_5aa8996cd76048.57500578.jpeg', 'image/jpeg', '1806735', '2018-03-14 03:39:25', '2018-03-14 03:39:25', 1),
(240, 'nap truc tiep.png', '/var/www/html/public/files/collection/2018/03/14/img_1520999922_5aa89df264c614.53045359.png', 'collection/2018/03/14/img_1520999922_5aa89df264c614.53045359.png', 'image/png', '362909', '2018-03-14 03:58:42', '2018-03-14 03:58:42', 1),
(241, '20161208_152101.jpg', '/var/www/html/public/files/collection/2018/03/14/img_1521000074_5aa89e8ab8c867.46209850.jpeg', 'collection/2018/03/14/img_1521000074_5aa89e8ab8c867.46209850.jpeg', 'image/jpeg', '1806735', '2018-03-14 04:01:14', '2018-03-14 04:01:14', 1),
(242, 'nap truc tiep.png', '/var/www/html/public/files/collection/2018/03/14/img_1521000092_5aa89e9cab2b26.23505432.png', 'collection/2018/03/14/img_1521000092_5aa89e9cab2b26.23505432.png', 'image/png', '362909', '2018-03-14 04:01:32', '2018-03-14 04:01:32', 1),
(243, 'nap truc tiep.png', '/var/www/html/public/files/collection/2018/03/14/img_1521000157_5aa89edd3e2789.18421697.png', 'collection/2018/03/14/img_1521000157_5aa89edd3e2789.18421697.png', 'image/png', '362909', '2018-03-14 04:02:37', '2018-03-14 04:02:37', 1),
(244, '20161208_152101.jpg', '/var/www/html/public/files/collection/2018/03/14/img_1521000293_5aa89f6505ab40.45438842.jpeg', 'collection/2018/03/14/img_1521000293_5aa89f6505ab40.45438842.jpeg', 'image/jpeg', '1806735', '2018-03-14 04:04:53', '2018-03-14 04:04:53', 1),
(245, 'Benh vien nhiet doi.jpg', '/var/www/html/public/files/collection/2018/03/14/img_1521000303_5aa89f6f1dde48.51656426.jpeg', 'collection/2018/03/14/img_1521000303_5aa89f6f1dde48.51656426.jpeg', 'image/jpeg', '2539128', '2018-03-14 04:05:03', '2018-03-14 04:05:03', 1),
(246, 'nap truc tiep.png', '/var/www/html/public/files/collection/2018/03/14/img_1521000306_5aa89f721a09c5.11702751.png', 'collection/2018/03/14/img_1521000306_5aa89f721a09c5.11702751.png', 'image/png', '362909', '2018-03-14 04:05:06', '2018-03-14 04:05:06', 1),
(247, 'nap truc tiep.png', '/var/www/html/public/files/collection/2018/03/14/img_1521000499_5aa8a033538b97.16579189.png', 'collection/2018/03/14/img_1521000499_5aa8a033538b97.16579189.png', 'image/png', '362909', '2018-03-14 04:08:19', '2018-03-14 04:08:19', 1),
(248, 'nap truc tiep.png', '/var/www/html/public/files/collection/2018/03/14/img_1521000510_5aa8a03e918673.63219191.png', 'collection/2018/03/14/img_1521000510_5aa8a03e918673.63219191.png', 'image/png', '362909', '2018-03-14 04:08:30', '2018-03-14 04:08:30', 1),
(249, 'nap truc tiep.png', '/var/www/html/public/files/collection/2018/03/14/img_1521000611_5aa8a0a3be9418.75209168.png', 'collection/2018/03/14/img_1521000611_5aa8a0a3be9418.75209168.png', 'image/png', '362909', '2018-03-14 04:10:11', '2018-03-14 04:10:11', 1),
(250, 'nap truc tiep.png', '/var/www/html/public/files/collection/2018/03/14/img_1521000718_5aa8a10e36ca45.30924792.png', 'collection/2018/03/14/img_1521000718_5aa8a10e36ca45.30924792.png', 'image/png', '362909', '2018-03-14 04:11:58', '2018-03-14 04:11:58', 1),
(251, '20170421_155726.jpg', '/var/www/html/public/files/collection/2018/03/14/img_1521000776_5aa8a148b02fa4.58657616.jpeg', 'collection/2018/03/14/img_1521000776_5aa8a148b02fa4.58657616.jpeg', 'image/jpeg', '3938333', '2018-03-14 04:12:56', '2018-03-14 04:12:56', 1),
(252, '20170421_155954.jpg', '/var/www/html/public/files/collection/2018/03/14/img_1521000979_5aa8a213a90524.43442784.jpeg', 'collection/2018/03/14/img_1521000979_5aa8a213a90524.43442784.jpeg', 'image/jpeg', '2801905', '2018-03-14 04:16:19', '2018-03-14 04:16:19', 1),
(253, 'APIN_Sonar.png', '/var/www/html/public/files/collection/2018/03/14/img_1521001094_5aa8a286a6e802.64848611.png', 'collection/2018/03/14/img_1521001094_5aa8a286a6e802.64848611.png', 'image/png', '98765', '2018-03-14 04:18:14', '2018-03-14 04:18:14', 1),
(254, 'APIN_Sonar.png', '/var/www/html/public/files/collection/2018/03/14/img_1521001300_5aa8a354bf9383.26169011.png', 'collection/2018/03/14/img_1521001300_5aa8a354bf9383.26169011.png', 'image/png', '98765', '2018-03-14 04:21:40', '2018-03-14 04:21:40', 1),
(255, 'APIN_Sonar.png', '/var/www/html/public/files/collection/2018/03/14/img_1521001418_5aa8a3ca7cb000.08155502.png', 'collection/2018/03/14/img_1521001418_5aa8a3ca7cb000.08155502.png', 'image/png', '98765', '2018-03-14 04:23:38', '2018-03-14 04:23:38', 1),
(256, 'APIN_Sonar.png', '/var/www/html/public/files/collection/2018/03/14/img_1521001456_5aa8a3f0885c33.93377903.png', 'collection/2018/03/14/img_1521001456_5aa8a3f0885c33.93377903.png', 'image/png', '98765', '2018-03-14 04:24:16', '2018-03-14 04:24:16', 1),
(257, '5aa8d0285e502_1521012776_20180314.png', 'files/decision/2018/03/5aa8d0285e502_1521012776_20180314.png', 'files/decision/2018/03/5aa8d0285e502_1521012776_20180314.png', 'image/png', '98765', '2018-03-14 07:32:56', '2018-03-14 07:32:56', 1),
(258, '5aa8d32ac27e2_1521013546_20180314.png', 'files/decision/2018/03/5aa8d32ac27e2_1521013546_20180314.png', 'files/decision/2018/03/5aa8d32ac27e2_1521013546_20180314.png', 'image/png', '98765', '2018-03-14 07:45:46', '2018-03-14 07:45:46', 1),
(259, '5aa8d536787de_1521014070_20180314.jpg', 'files/decision/2018/03/5aa8d536787de_1521014070_20180314.jpg', 'files/decision/2018/03/5aa8d536787de_1521014070_20180314.jpg', 'image/jpeg', '452536', '2018-03-14 07:54:30', '2018-03-14 07:54:30', 1),
(260, '5aa8d61d0f5b1_1521014301_20180314.jpg', 'files/decision/2018/03/5aa8d61d0f5b1_1521014301_20180314.jpg', 'files/decision/2018/03/5aa8d61d0f5b1_1521014301_20180314.jpg', 'image/jpeg', '452536', '2018-03-14 07:58:21', '2018-03-14 07:58:21', 1),
(261, '5aa8d89a75a77_1521014938_20180314.jpg', 'files/decision/2018/03/5aa8d89a75a77_1521014938_20180314.jpg', 'files/decision/2018/03/5aa8d89a75a77_1521014938_20180314.jpg', 'image/jpeg', '452536', '2018-03-14 08:05:45', '2018-03-14 08:08:58', 1),
(262, '5aa8d9bc6a5cf_1521015228_20180314.png', 'files/decision/2018/03/5aa8d9bc6a5cf_1521015228_20180314.png', 'files/decision/2018/03/5aa8d9bc6a5cf_1521015228_20180314.png', 'image/png', '98765', '2018-03-14 08:13:48', '2018-03-14 08:13:48', 1),
(263, 'APIN_Sonar.png', '/var/www/html/public/files/collection/2018/03/14/img_1521023353_5aa8f979cbdc89.65386207.png', 'collection/2018/03/14/img_1521023353_5aa8f979cbdc89.65386207.png', 'image/png', '98765', '2018-03-14 10:29:13', '2018-03-14 10:29:13', 1),
(264, 'nap truc tiep.png', '/var/www/html/public/files/collection/2018/03/14/img_1521023364_5aa8f9846a29a2.21228407.png', 'collection/2018/03/14/img_1521023364_5aa8f9846a29a2.21228407.png', 'image/png', '362909', '2018-03-14 10:29:24', '2018-03-14 10:29:24', 1),
(265, 'nap truc tiep.png', '/var/www/html/public/files/collection/2018/03/14/img_1521023457_5aa8f9e192b5a3.78287630.png', 'collection/2018/03/14/img_1521023457_5aa8f9e192b5a3.78287630.png', 'image/png', '362909', '2018-03-14 10:30:57', '2018-03-14 10:30:57', 1),
(266, '14628088677_d3f806abe4_c.jpg', '/var/www/html/public/files/collection/2018/03/15/img_1521081015_5aa9dab7d6bed4.36771609.jpeg', 'collection/2018/03/15/img_1521081015_5aa9dab7d6bed4.36771609.jpeg', 'image/jpeg', '114501', '2018-03-15 02:30:15', '2018-03-15 02:30:15', 1),
(267, 'Logo VTGA.png', '/var/www/html/public/files/collection/2018/03/15/img_1521085962_5aa9ee0ad475d4.46558244.png', 'collection/2018/03/15/img_1521085962_5aa9ee0ad475d4.46558244.png', 'image/png', '15927', '2018-03-15 03:52:42', '2018-03-15 03:52:42', 1),
(268, '1.jpg', '/var/www/html/public/files/collection/2018/03/15/img_1521086361_5aa9ef99a931c1.10860793.jpeg', 'collection/2018/03/15/img_1521086361_5aa9ef99a931c1.10860793.jpeg', 'image/jpeg', '138409', '2018-03-15 03:59:21', '2018-03-15 03:59:21', 1),
(269, '20161208_152101.jpg', '/var/www/html/public/files/collection/2018/03/15/img_1521087489_5aa9f401692d25.28679830.jpeg', 'collection/2018/03/15/img_1521087489_5aa9f401692d25.28679830.jpeg', 'image/jpeg', '1806735', '2018-03-15 04:18:09', '2018-03-15 04:18:09', 1),
(270, '1.jpg', '/var/www/html/public/files/collection/2018/03/15/img_1521087979_5aa9f5eb5da5c8.99504258.jpeg', 'collection/2018/03/15/img_1521087979_5aa9f5eb5da5c8.99504258.jpeg', 'image/jpeg', '138409', '2018-03-15 04:26:19', '2018-03-15 04:26:19', 1),
(271, 'nap truc tiep.png', '/var/www/html/public/files/collection/2018/03/15/img_1521088297_5aa9f7296fcaf7.17732179.png', 'collection/2018/03/15/img_1521088297_5aa9f7296fcaf7.17732179.png', 'image/png', '362909', '2018-03-15 04:31:37', '2018-03-15 04:31:37', 1),
(272, 'nap truc tiep.png', '/var/www/html/public/files/collection/2018/03/15/img_1521088561_5aa9f8318dfa69.34264909.png', 'collection/2018/03/15/img_1521088561_5aa9f8318dfa69.34264909.png', 'image/png', '362909', '2018-03-15 04:36:01', '2018-03-15 04:36:01', 1),
(273, 'Benh vien nhiet doi.jpg', '/var/www/html/public/files/collection/2018/03/15/img_1521088608_5aa9f860021707.21099739.jpeg', 'collection/2018/03/15/img_1521088608_5aa9f860021707.21099739.jpeg', 'image/jpeg', '2539128', '2018-03-15 04:36:48', '2018-03-15 04:36:48', 1),
(274, 'nap truc tiep.png', '/var/www/html/public/files/collection/2018/03/15/img_1521088654_5aa9f88e426f73.60831979.png', 'collection/2018/03/15/img_1521088654_5aa9f88e426f73.60831979.png', 'image/png', '362909', '2018-03-15 04:37:34', '2018-03-15 04:37:34', 1),
(275, '20161208_152101.jpg', '/var/www/html/public/files/collection/2018/03/15/img_1521089366_5aa9fb5672a100.58102938.jpeg', 'collection/2018/03/15/img_1521089366_5aa9fb5672a100.58102938.jpeg', 'image/jpeg', '1806735', '2018-03-15 04:49:26', '2018-03-15 04:49:26', 1),
(276, '20161208_152101.jpg', '/var/www/html/public/files/collection/2018/03/15/img_1521089519_5aa9fbef34ee43.91112308.jpeg', 'collection/2018/03/15/img_1521089519_5aa9fbef34ee43.91112308.jpeg', 'image/jpeg', '1806735', '2018-03-15 04:51:59', '2018-03-15 04:51:59', 1),
(277, 'image1.png', '/var/www/html/public/files/collection/2018/03/15/img_1521089533_5aa9fbfdab41b7.34213664.png', 'collection/2018/03/15/img_1521089533_5aa9fbfdab41b7.34213664.png', 'image/png', '77529', '2018-03-15 04:52:13', '2018-03-15 04:52:13', 1),
(278, '20161208_152101.jpg', '/var/www/html/public/files/collection/2018/03/15/img_1521089540_5aa9fc04cd84a2.49142164.jpeg', 'collection/2018/03/15/img_1521089540_5aa9fc04cd84a2.49142164.jpeg', 'image/jpeg', '1806735', '2018-03-15 04:52:20', '2018-03-15 04:52:20', 1),
(279, '15489771400_688bffd72f_o.jpg', '/var/www/html/public/files/collection/2018/03/15/img_1521095690_5aaa140a1fbde8.22984340.jpeg', 'collection/2018/03/15/img_1521095690_5aaa140a1fbde8.22984340.jpeg', 'image/jpeg', '168052', '2018-03-15 06:34:50', '2018-03-15 06:34:50', 1),
(280, 'Penguins.jpg', '/var/www/html/public/files/collection/2018/03/15/img_1521095722_5aaa142ac1a529.28993798.jpeg', 'collection/2018/03/15/img_1521095722_5aaa142ac1a529.28993798.jpeg', 'image/jpeg', '777835', '2018-03-15 06:35:22', '2018-03-15 06:35:22', 1),
(281, 'Logo VTGA.png', '/var/www/html/public/files/collection/2018/03/15/img_1521096217_5aaa16197fe6a9.26303312.png', 'collection/2018/03/15/img_1521096217_5aaa16197fe6a9.26303312.png', 'image/png', '15927', '2018-03-15 06:43:37', '2018-03-15 06:43:37', 1),
(282, '14628088677_d3f806abe4_c.jpg', '/var/www/html/public/files/collection/2018/03/15/img_1521096303_5aaa166f5b89b7.06286982.jpeg', 'collection/2018/03/15/img_1521096303_5aaa166f5b89b7.06286982.jpeg', 'image/jpeg', '114501', '2018-03-15 06:45:03', '2018-03-15 06:45:03', 1),
(283, '14628088677_d3f806abe4_c.jpg', '/var/www/html/public/files/collection/2018/03/15/img_1521096533_5aaa1755d502f9.89203985.jpeg', 'collection/2018/03/15/img_1521096533_5aaa1755d502f9.89203985.jpeg', 'image/jpeg', '114501', '2018-03-15 06:48:53', '2018-03-15 06:48:53', 1),
(284, '14628088677_d3f806abe4_c.jpg', '/var/www/html/public/files/collection/2018/03/15/img_1521096555_5aaa176b28b3c5.99191496.jpeg', 'collection/2018/03/15/img_1521096555_5aaa176b28b3c5.99191496.jpeg', 'image/jpeg', '114501', '2018-03-15 06:49:15', '2018-03-15 06:49:15', 1),
(285, '14628088677_d3f806abe4_c.jpg', '/var/www/html/public/files/collection/2018/03/15/img_1521096669_5aaa17ddb87994.10141649.jpeg', 'collection/2018/03/15/img_1521096669_5aaa17ddb87994.10141649.jpeg', 'image/jpeg', '114501', '2018-03-15 06:51:09', '2018-03-15 06:51:09', 1),
(286, '14628088677_d3f806abe4_c.jpg', '/var/www/html/public/files/collection/2018/03/15/img_1521096785_5aaa18516c5c95.82943798.jpeg', 'collection/2018/03/15/img_1521096785_5aaa18516c5c95.82943798.jpeg', 'image/jpeg', '114501', '2018-03-15 06:53:05', '2018-03-15 06:53:05', 1),
(287, 'Dau hieu virus 1 contact.png', '/var/www/html/public/files/collection/2018/03/15/img_1521097127_5aaa19a7a8be14.49737443.png', 'collection/2018/03/15/img_1521097127_5aaa19a7a8be14.49737443.png', 'image/png', '63048', '2018-03-15 06:58:47', '2018-03-15 06:58:47', 1),
(288, '2.jpg', '/var/www/html/public/files/collection/2018/03/15/img_1521098965_5aaa20d5570f70.46692602.jpeg', 'collection/2018/03/15/img_1521098965_5aaa20d5570f70.46692602.jpeg', 'image/jpeg', '37400', '2018-03-15 07:29:25', '2018-03-15 07:29:25', 1),
(289, '2.jpg', '/var/www/html/public/files/collection/2018/03/15/img_1521098991_5aaa20efe7a8d8.49010293.jpeg', 'collection/2018/03/15/img_1521098991_5aaa20efe7a8d8.49010293.jpeg', 'image/jpeg', '37400', '2018-03-15 07:29:51', '2018-03-15 07:29:51', 1),
(290, '2.jpg', '/var/www/html/public/files/collection/2018/03/15/img_1521099017_5aaa2109e09aa4.26538832.jpeg', 'collection/2018/03/15/img_1521099017_5aaa2109e09aa4.26538832.jpeg', 'image/jpeg', '37400', '2018-03-15 07:30:17', '2018-03-15 07:30:17', 1),
(291, 'Logo VTGA.png', '/var/www/html/public/files/collection/2018/03/15/img_1521099182_5aaa21ae76da72.44122017.png', 'collection/2018/03/15/img_1521099182_5aaa21ae76da72.44122017.png', 'image/png', '15927', '2018-03-15 07:33:02', '2018-03-15 07:33:02', 1),
(292, 'Logo VTGA.png', '/var/www/html/public/files/collection/2018/03/15/img_1521099437_5aaa22ade093d0.43878124.png', 'collection/2018/03/15/img_1521099437_5aaa22ade093d0.43878124.png', 'image/png', '15927', '2018-03-15 07:37:17', '2018-03-15 07:37:17', 1),
(293, 'new-field-group.jpg', '/var/www/html/public/files/collection/2018/03/15/img_1521101693_5aaa2b7d29b8f8.00685716.jpeg', 'collection/2018/03/15/img_1521101693_5aaa2b7d29b8f8.00685716.jpeg', 'image/jpeg', '53097', '2018-03-15 08:14:53', '2018-03-15 08:14:53', 1),
(294, '5aaa38c7b46a2_1521105095_20180315.pdf', 'files/decision/2018/03/5aaa38c7b46a2_1521105095_20180315.pdf', 'files/decision/2018/03/5aaa38c7b46a2_1521105095_20180315.pdf', 'application/pdf', '7945', '2018-03-15 09:11:35', '2018-03-15 09:11:35', 1),
(295, '5aaa390fac4dd_1521105167_20180315.pdf', 'files/decision/2018/03/5aaa390fac4dd_1521105167_20180315.pdf', 'files/decision/2018/03/5aaa390fac4dd_1521105167_20180315.pdf', 'application/pdf', '7945', '2018-03-15 09:12:47', '2018-03-15 09:12:47', 1),
(296, '14628088677_d3f806abe4_c.jpg', '/var/www/html/public/files/collection/2018/03/15/img_1521105233_5aaa3951ead131.12556780.jpeg', 'collection/2018/03/15/img_1521105233_5aaa3951ead131.12556780.jpeg', 'image/jpeg', '114501', '2018-03-15 09:13:53', '2018-03-15 09:13:53', 1),
(297, '5aaa39529f8d2_1521105234_20180315.png', 'files/decision/2018/03/5aaa39529f8d2_1521105234_20180315.png', 'files/decision/2018/03/5aaa39529f8d2_1521105234_20180315.png', 'image/png', '362909', '2018-03-15 09:13:54', '2018-03-15 09:13:54', 1),
(298, '5aaa397c33757_1521105276_20180315.png', 'files/decision/2018/03/5aaa397c33757_1521105276_20180315.png', 'files/decision/2018/03/5aaa397c33757_1521105276_20180315.png', 'image/png', '362909', '2018-03-15 09:14:36', '2018-03-15 09:14:36', 1),
(299, '5aaa398f42a0a_1521105295_20180315.pdf', 'files/decision/2018/03/5aaa398f42a0a_1521105295_20180315.pdf', 'files/decision/2018/03/5aaa398f42a0a_1521105295_20180315.pdf', 'application/pdf', '7945', '2018-03-15 09:14:55', '2018-03-15 09:14:55', 1),
(300, '14628088677_d3f806abe4_c.jpg', '/var/www/html/public/files/collection/2018/03/15/img_1521105634_5aaa3ae29770e2.95580527.jpeg', 'collection/2018/03/15/img_1521105634_5aaa3ae29770e2.95580527.jpeg', 'image/jpeg', '114501', '2018-03-15 09:20:34', '2018-03-15 09:20:34', 1),
(301, '14628088677_d3f806abe4_c.jpg', '/var/www/html/public/files/collection/2018/03/15/img_1521105921_5aaa3c0160c8f4.25210043.jpeg', 'collection/2018/03/15/img_1521105921_5aaa3c0160c8f4.25210043.jpeg', 'image/jpeg', '114501', '2018-03-15 09:25:21', '2018-03-15 09:25:21', 1),
(302, 'nap truc tiep.png', '/var/www/html/public/files/collection/2018/03/15/img_1521106057_5aaa3c89715ce3.22080173.png', 'collection/2018/03/15/img_1521106057_5aaa3c89715ce3.22080173.png', 'image/png', '362909', '2018-03-15 09:27:37', '2018-03-15 09:27:37', 1),
(303, 'Penguins.jpg', '/var/www/html/public/files/collection/2018/03/15/img_1521106656_5aaa3ee07148a0.82554474.jpeg', 'collection/2018/03/15/img_1521106656_5aaa3ee07148a0.82554474.jpeg', 'image/jpeg', '777835', '2018-03-15 09:37:36', '2018-03-15 09:37:36', 1),
(304, '5aaa411992fa6_1521107225_20180315.png', 'files/decision/2018/03/5aaa411992fa6_1521107225_20180315.png', 'files/decision/2018/03/5aaa411992fa6_1521107225_20180315.png', 'image/png', '362909', '2018-03-15 09:47:05', '2018-03-15 09:47:05', 1),
(305, '5aaa466472076_1521108580_20180315.pdf', 'files/decision/2018/03/5aaa466472076_1521108580_20180315.pdf', 'files/decision/2018/03/5aaa466472076_1521108580_20180315.pdf', 'application/pdf', '6510534', '2018-03-15 10:09:40', '2018-03-15 10:09:40', 1),
(306, '5aaa46cf88c11_1521108687_20180315.pdf', 'files/decision/2018/03/5aaa46cf88c11_1521108687_20180315.pdf', 'files/decision/2018/03/5aaa46cf88c11_1521108687_20180315.pdf', 'application/pdf', '6510534', '2018-03-15 10:11:27', '2018-03-15 10:11:27', 1),
(307, '5aaa46db5a225_1521108699_20180315.pdf', 'files/decision/2018/03/5aaa46db5a225_1521108699_20180315.pdf', 'files/decision/2018/03/5aaa46db5a225_1521108699_20180315.pdf', 'application/pdf', '6510534', '2018-03-15 10:11:39', '2018-03-15 10:11:39', 1),
(308, '5aaa46e7f38c4_1521108711_20180315.pdf', 'files/decision/2018/03/5aaa46e7f38c4_1521108711_20180315.pdf', 'files/decision/2018/03/5aaa46e7f38c4_1521108711_20180315.pdf', 'application/pdf', '6510534', '2018-03-15 10:11:52', '2018-03-15 10:11:52', 1),
(309, '5aaa470216e96_1521108738_20180315.pdf', 'files/decision/2018/03/5aaa470216e96_1521108738_20180315.pdf', 'files/decision/2018/03/5aaa470216e96_1521108738_20180315.pdf', 'application/pdf', '6510534', '2018-03-15 10:12:18', '2018-03-15 10:12:18', 1),
(310, '5aaa470d344ff_1521108749_20180315.pdf', 'files/decision/2018/03/5aaa470d344ff_1521108749_20180315.pdf', 'files/decision/2018/03/5aaa470d344ff_1521108749_20180315.pdf', 'application/pdf', '6510534', '2018-03-15 10:12:29', '2018-03-15 10:12:29', 1),
(311, '5aaa4718ca765_1521108760_20180315.pdf', 'files/decision/2018/03/5aaa4718ca765_1521108760_20180315.pdf', 'files/decision/2018/03/5aaa4718ca765_1521108760_20180315.pdf', 'application/pdf', '6510534', '2018-03-15 10:12:40', '2018-03-15 10:12:40', 1),
(312, 'new-field-group.jpg', '/var/www/html/public/files/collection/2018/03/15/img_1521111158_5aaa50762de761.55702363.jpeg', 'collection/2018/03/15/img_1521111158_5aaa50762de761.55702363.jpeg', 'image/jpeg', '53097', '2018-03-15 10:52:38', '2018-03-15 10:52:38', 1),
(313, 'new-field-group.jpg', '/var/www/html/public/files/collection/2018/03/15/img_1521111199_5aaa509f2df997.43021921.jpeg', 'collection/2018/03/15/img_1521111199_5aaa509f2df997.43021921.jpeg', 'image/jpeg', '53097', '2018-03-15 10:53:19', '2018-03-15 10:53:19', 1),
(314, '14628088677_d3f806abe4_c.jpg', '/var/www/html/public/files/collection/2018/03/16/img_1521167144_5aab2b28cfc735.46161204.jpeg', 'collection/2018/03/16/img_1521167144_5aab2b28cfc735.46161204.jpeg', 'image/jpeg', '114501', '2018-03-16 02:25:44', '2018-03-16 02:25:44', 1),
(315, 'nap truc tiep.png', '/var/www/html/public/files/collection/2018/03/16/img_1521167738_5aab2d7a1fd1e4.21099877.png', 'collection/2018/03/16/img_1521167738_5aab2d7a1fd1e4.21099877.png', 'image/png', '362909', '2018-03-16 02:35:38', '2018-03-16 02:35:38', 1),
(316, 'nap truc tiep.png', '/var/www/html/public/files/collection/2018/03/16/img_1521167765_5aab2d955deb76.02266190.png', 'collection/2018/03/16/img_1521167765_5aab2d955deb76.02266190.png', 'image/png', '362909', '2018-03-16 02:36:05', '2018-03-16 02:36:05', 1),
(317, '5aab3200c5e35_1521168896_20180316.jpg', 'files/decision/2018/03/5aab3200c5e35_1521168896_20180316.jpg', 'files/decision/2018/03/5aab3200c5e35_1521168896_20180316.jpg', 'image/jpeg', '138409', '2018-03-16 02:54:56', '2018-03-16 02:54:56', 1),
(318, '14628088677_d3f806abe4_c.jpg', '/var/www/html/public/files/collection/2018/03/16/img_1521172808_5aab4148712340.65793374.jpeg', 'collection/2018/03/16/img_1521172808_5aab4148712340.65793374.jpeg', 'image/jpeg', '114501', '2018-03-16 04:00:08', '2018-03-16 04:00:08', 1),
(319, 'Capture1.PNG', '/var/www/html/public/files/collection/2018/03/16/img_1521173341_5aab435db17c56.13080195.png', 'collection/2018/03/16/img_1521173341_5aab435db17c56.13080195.png', 'image/png', '59903', '2018-03-16 04:09:01', '2018-03-16 04:09:01', 1),
(320, 'Chrysanthemum@#$%^.jpg', '/var/www/html/public/files/collection/2018/03/16/img_1521174390_5aab47766ec0a0.61279155.jpeg', 'collection/2018/03/16/img_1521174390_5aab47766ec0a0.61279155.jpeg', 'image/jpeg', '879394', '2018-03-16 04:26:30', '2018-03-16 04:26:30', 1),
(321, 'Koala.jpg', '/var/www/html/public/files/collection/2018/03/16/img_1521174396_5aab477c1b7df5.24878867.jpeg', 'collection/2018/03/16/img_1521174396_5aab477c1b7df5.24878867.jpeg', 'image/jpeg', '780831', '2018-03-16 04:26:36', '2018-03-16 04:26:36', 1),
(322, 'Picture66.png', '/var/www/html/public/files/collection/2018/03/16/img_1521174682_5aab489aa02626.78994025.png', 'collection/2018/03/16/img_1521174682_5aab489aa02626.78994025.png', 'image/png', '286371', '2018-03-16 04:31:22', '2018-03-16 04:31:22', 1),
(323, 'Lighthouse.jpg', '/var/www/html/public/files/collection/2018/03/16/img_1521174784_5aab49008a4d23.33491515.jpeg', 'collection/2018/03/16/img_1521174784_5aab49008a4d23.33491515.jpeg', 'image/jpeg', '561276', '2018-03-16 04:33:04', '2018-03-16 04:33:04', 1),
(324, 'goki-logomaker.png', '/var/www/html/public/files/collection/2018/03/16/img_1521174851_5aab4943854cd0.01036815.png', 'collection/2018/03/16/img_1521174851_5aab4943854cd0.01036815.png', 'image/png', '185324', '2018-03-16 04:34:11', '2018-03-16 04:34:11', 1),
(325, '14628088677_d3f806abe4_c.jpg', '/var/www/html/public/files/collection/2018/03/16/img_1521174851_5aab4943cc0cf8.42700808.jpeg', 'collection/2018/03/16/img_1521174851_5aab4943cc0cf8.42700808.jpeg', 'image/jpeg', '114501', '2018-03-16 04:34:11', '2018-03-16 04:34:11', 1),
(326, 'Penguins.jpg', '/var/www/html/public/files/collection/2018/03/16/img_1521174852_5aab494418e6e8.66516951.jpeg', 'collection/2018/03/16/img_1521174852_5aab494418e6e8.66516951.jpeg', 'image/jpeg', '777835', '2018-03-16 04:34:12', '2018-03-16 04:34:12', 1),
(327, 'goki-logomaker.png', '/var/www/html/public/files/collection/2018/03/16/img_1521174950_5aab49a6934246.21878407.png', 'collection/2018/03/16/img_1521174950_5aab49a6934246.21878407.png', 'image/png', '185324', '2018-03-16 04:35:50', '2018-03-16 04:35:50', 1),
(328, 'Tulips.jpg', '/var/www/html/public/files/collection/2018/03/16/img_1521174993_5aab49d14104c4.34316348.jpeg', 'collection/2018/03/16/img_1521174993_5aab49d14104c4.34316348.jpeg', 'image/jpeg', '620888', '2018-03-16 04:36:33', '2018-03-16 04:36:33', 1),
(329, '14628088677_d3f806abe4_c.jpg', '/var/www/html/public/files/collection/2018/03/16/img_1521175470_5aab4bae6fbc81.99147213.jpeg', 'collection/2018/03/16/img_1521175470_5aab4bae6fbc81.99147213.jpeg', 'image/jpeg', '114501', '2018-03-16 04:44:30', '2018-03-16 04:44:30', 1),
(330, '14628088677_d3f806abe4_c.jpg', '/var/www/html/public/files/collection/2018/03/16/img_1521175627_5aab4c4ba94ac0.32452118.jpeg', 'collection/2018/03/16/img_1521175627_5aab4c4ba94ac0.32452118.jpeg', 'image/jpeg', '114501', '2018-03-16 04:47:07', '2018-03-16 04:47:07', 1),
(331, '14628088677_d3f806abe4_c.jpg', '/var/www/html/public/files/collection/2018/03/16/img_1521181719_5aab64179c2b26.25411238.jpeg', 'collection/2018/03/16/img_1521181719_5aab64179c2b26.25411238.jpeg', 'image/jpeg', '114501', '2018-03-16 06:28:39', '2018-03-16 06:28:39', 1),
(332, '14628088677_d3f806abe4_c.jpg', '/var/www/html/public/files/collection/2018/03/16/img_1521181959_5aab6507b64694.16100161.jpeg', 'collection/2018/03/16/img_1521181959_5aab6507b64694.16100161.jpeg', 'image/jpeg', '114501', '2018-03-16 06:32:39', '2018-03-16 06:32:39', 1),
(333, 'Capture.PNG', '/var/www/html/public/files/collection/2018/03/16/img_1521182106_5aab659a0a9606.37950183.png', 'collection/2018/03/16/img_1521182106_5aab659a0a9606.37950183.png', 'image/png', '25040', '2018-03-16 06:35:06', '2018-03-16 06:35:06', 1),
(334, 'nap truc tiep.png', '/var/www/html/public/files/collection/2018/03/16/img_1521182366_5aab669ec16966.41366917.png', 'collection/2018/03/16/img_1521182366_5aab669ec16966.41366917.png', 'image/png', '362909', '2018-03-16 06:39:26', '2018-03-16 06:39:26', 1),
(335, 'goki-logomaker.png', '/var/www/html/public/files/collection/2018/03/16/img_1521182376_5aab66a82d3aa8.89669388.png', 'collection/2018/03/16/img_1521182376_5aab66a82d3aa8.89669388.png', 'image/png', '185324', '2018-03-16 06:39:36', '2018-03-16 06:39:36', 1),
(336, 'Penguins.jpg', '/var/www/html/public/files/collection/2018/03/16/img_1521182473_5aab67090e2454.09445286.jpeg', 'collection/2018/03/16/img_1521182473_5aab67090e2454.09445286.jpeg', 'image/jpeg', '777835', '2018-03-16 06:41:13', '2018-03-16 06:41:13', 1),
(337, 'Lighthouse.jpg', '/var/www/html/public/files/collection/2018/03/16/img_1521183696_5aab6bd0e2ed68.88136904.jpeg', 'collection/2018/03/16/img_1521183696_5aab6bd0e2ed68.88136904.jpeg', 'image/jpeg', '561276', '2018-03-16 07:01:36', '2018-03-16 07:01:36', 1),
(338, 'Penguins.jpg', '/var/www/html/public/files/collection/2018/03/16/img_1521183896_5aab6c980f06c1.70832777.jpeg', 'collection/2018/03/16/img_1521183896_5aab6c980f06c1.70832777.jpeg', 'image/jpeg', '777835', '2018-03-16 07:04:56', '2018-03-16 07:04:56', 1),
(339, '20161208_152101.jpg', '/var/www/html/public/files/collection/2018/03/16/img_1521184448_5aab6ec0661652.77785329.jpeg', 'collection/2018/03/16/img_1521184448_5aab6ec0661652.77785329.jpeg', 'image/jpeg', '1806735', '2018-03-16 07:14:08', '2018-03-16 07:14:08', 1),
(340, 'Chrysanthemum@#$%^.jpg', '/var/www/html/public/files/collection/2018/03/16/img_1521184477_5aab6edd38c1d1.61064554.jpeg', 'collection/2018/03/16/img_1521184477_5aab6edd38c1d1.61064554.jpeg', 'image/jpeg', '879394', '2018-03-16 07:14:37', '2018-03-16 07:14:37', 1),
(341, 'nhietke.png', '/var/www/html/public/files/collection/2018/03/16/img_1521185072_5aab7130b485d3.12720080.png', 'collection/2018/03/16/img_1521185072_5aab7130b485d3.12720080.png', 'image/png', '112872', '2018-03-16 07:24:32', '2018-03-16 07:24:32', 1),
(342, 'FullSizeRender.jpg', '/var/www/html/public/files/collection/2018/03/16/img_1521185137_5aab7171bfdb67.94907905.jpeg', 'collection/2018/03/16/img_1521185137_5aab7171bfdb67.94907905.jpeg', 'image/jpeg', '1097860', '2018-03-16 07:25:37', '2018-03-16 07:25:37', 1),
(343, '5aab77d787b57_1521186775_20180316.jpg', 'files/decision/2018/03/5aab77d787b57_1521186775_20180316.jpg', 'files/decision/2018/03/5aab77d787b57_1521186775_20180316.jpg', 'video/mp4', '1385735', '2018-03-16 07:52:55', '2018-03-16 07:52:55', 1),
(344, '5aab77f9301fd_1521186809_20180316.jpg', 'files/decision/2018/03/5aab77f9301fd_1521186809_20180316.jpg', 'files/decision/2018/03/5aab77f9301fd_1521186809_20180316.jpg', 'video/mp4', '1246482', '2018-03-16 07:53:29', '2018-03-16 07:53:29', 1),
(345, '14628088677_d3f806abe4_c.jpg', '/var/www/html/public/files/collection/2018/03/16/img_1521186947_5aab7883575480.02318570.jpeg', 'collection/2018/03/16/img_1521186947_5aab7883575480.02318570.jpeg', 'image/jpeg', '114501', '2018-03-16 07:55:47', '2018-03-16 07:55:47', 1),
(346, '5aab7885e8ebc_1521186949_20180316.jpg', 'files/decision/2018/03/5aab7885e8ebc_1521186949_20180316.jpg', 'files/decision/2018/03/5aab7885e8ebc_1521186949_20180316.jpg', 'video/mp4', '1246482', '2018-03-16 07:55:49', '2018-03-16 07:55:49', 1),
(347, '14628088677_d3f806abe4_c.jpg', '/var/www/html/public/files/collection/2018/03/16/img_1521186969_5aab789974cb56.82377981.jpeg', 'collection/2018/03/16/img_1521186969_5aab789974cb56.82377981.jpeg', 'image/jpeg', '114501', '2018-03-16 07:56:09', '2018-03-16 07:56:09', 1),
(348, '2.jpg', '/var/www/html/public/files/collection/2018/03/16/img_1521187276_5aab79cc1cda11.94248856.jpeg', 'collection/2018/03/16/img_1521187276_5aab79cc1cda11.94248856.jpeg', 'image/jpeg', '37400', '2018-03-16 08:01:16', '2018-03-16 08:01:16', 1),
(349, '5aab7a8e25366_1521187470_20180316.pdf', 'files/decision/2018/03/5aab7a8e25366_1521187470_20180316.pdf', 'files/decision/2018/03/5aab7a8e25366_1521187470_20180316.pdf', 'application/pdf', '6510534', '2018-03-16 08:04:30', '2018-03-16 08:04:30', 1),
(350, '14628088677_d3f806abe4_c.jpg', '/var/www/html/public/files/collection/2018/03/16/img_1521188636_5aab7f1cb429a3.47387654.jpeg', 'collection/2018/03/16/img_1521188636_5aab7f1cb429a3.47387654.jpeg', 'image/jpeg', '114501', '2018-03-16 08:23:56', '2018-03-16 08:23:56', 1),
(351, 'Penguins.jpg', '/var/www/html/public/files/collection/2018/03/16/img_1521188702_5aab7f5ee36f92.84609281.jpeg', 'collection/2018/03/16/img_1521188702_5aab7f5ee36f92.84609281.jpeg', 'image/jpeg', '777835', '2018-03-16 08:25:02', '2018-03-16 08:25:02', 1),
(352, 'nap truc tiep.png', '/var/www/html/public/files/collection/2018/03/16/img_1521191163_5aab88fbf27890.38064920.png', 'collection/2018/03/16/img_1521191163_5aab88fbf27890.38064920.png', 'image/png', '362909', '2018-03-16 09:06:04', '2018-03-16 09:06:04', 1),
(353, 'nap truc tiep.png', '/var/www/html/public/files/collection/2018/03/16/img_1521191335_5aab89a77e0e21.51858982.png', 'collection/2018/03/16/img_1521191335_5aab89a77e0e21.51858982.png', 'image/png', '362909', '2018-03-16 09:08:55', '2018-03-16 09:08:55', 1),
(354, 'images.jpg', '/var/www/html/public/files/collection/2018/03/16/img_1521191810_5aab8b82842903.69869790.jpeg', 'collection/2018/03/16/img_1521191810_5aab8b82842903.69869790.jpeg', 'image/jpeg', '6228', '2018-03-16 09:16:50', '2018-03-16 09:16:50', 1),
(355, 'Desert.jpg', '/var/www/html/public/files/collection/2018/03/16/img_1521191874_5aab8bc2e75776.81906463.jpeg', 'collection/2018/03/16/img_1521191874_5aab8bc2e75776.81906463.jpeg', 'image/jpeg', '845941', '2018-03-16 09:17:54', '2018-03-16 09:17:54', 1),
(356, 'images (1).jpg', '/var/www/html/public/files/collection/2018/03/16/img_1521191949_5aab8c0d745545.49222775.jpeg', 'collection/2018/03/16/img_1521191949_5aab8c0d745545.49222775.jpeg', 'image/jpeg', '7035', '2018-03-16 09:19:09', '2018-03-16 09:19:09', 1),
(357, 'goki-logomaker.png', '/var/www/html/public/files/collection/2018/03/16/img_1521192218_5aab8d1a872120.82776724.png', 'collection/2018/03/16/img_1521192218_5aab8d1a872120.82776724.png', 'image/png', '185324', '2018-03-16 09:23:38', '2018-03-16 09:23:38', 1),
(358, 'bo-suu-tap-nhung-hinh-anh-hot-girl-mac-bikini-goi-cam-nhat-6.jpg', '/var/www/html/public/files/collection/2018/03/16/img_1521192314_5aab8d7aee0d45.45701283.jpeg', 'collection/2018/03/16/img_1521192314_5aab8d7aee0d45.45701283.jpeg', 'image/jpeg', '304531', '2018-03-16 09:25:15', '2018-03-16 09:25:15', 1),
(359, 'goki-logomaker.png', '/var/www/html/public/files/collection/2018/03/16/img_1521192563_5aab8e734bf781.08818864.png', 'collection/2018/03/16/img_1521192563_5aab8e734bf781.08818864.png', 'image/png', '185324', '2018-03-16 09:29:23', '2018-03-16 09:29:23', 1),
(360, 'images.jpg', '/var/www/html/public/files/collection/2018/03/16/img_1521192672_5aab8ee0bf9419.04846807.jpeg', 'collection/2018/03/16/img_1521192672_5aab8ee0bf9419.04846807.jpeg', 'image/jpeg', '6228', '2018-03-16 09:31:12', '2018-03-16 09:31:12', 1),
(361, 'bo-suu-tap-nhung-hinh-anh-hot-girl-mac-bikini-goi-cam-nhat-6.jpg', '/var/www/html/public/files/collection/2018/03/16/img_1521194464_5aab95e0737ad9.13724145.jpeg', 'collection/2018/03/16/img_1521194464_5aab95e0737ad9.13724145.jpeg', 'image/jpeg', '304531', '2018-03-16 10:01:04', '2018-03-16 10:01:04', 1),
(362, 'images (1).jpg', '/var/www/html/public/files/collection/2018/03/16/img_1521194697_5aab96c9b86990.58245542.jpeg', 'collection/2018/03/16/img_1521194697_5aab96c9b86990.58245542.jpeg', 'image/jpeg', '7035', '2018-03-16 10:04:57', '2018-03-16 10:04:57', 1),
(363, 'bo-suu-tap-nhung-hinh-anh-hot-girl-mac-bikini-goi-cam-nhat-6.jpg', '/var/www/html/public/files/collection/2018/03/16/img_1521194978_5aab97e2a61580.66076550.jpeg', 'collection/2018/03/16/img_1521194978_5aab97e2a61580.66076550.jpeg', 'image/jpeg', '304531', '2018-03-16 10:09:38', '2018-03-16 10:09:38', 1),
(364, 'nap truc tiep.png', '/var/www/html/public/files/collection/2018/03/16/img_1521196544_5aab9e007646b7.97909790.png', 'collection/2018/03/16/img_1521196544_5aab9e007646b7.97909790.png', 'image/png', '362909', '2018-03-16 10:35:44', '2018-03-16 10:35:44', 1),
(365, 'nap truc tiep.png', '/var/www/html/public/files/collection/2018/03/16/img_1521196610_5aab9e42252ea7.13632401.png', 'collection/2018/03/16/img_1521196610_5aab9e42252ea7.13632401.png', 'image/png', '362909', '2018-03-16 10:36:50', '2018-03-16 10:36:50', 1),
(366, '2018-03-18_19-08-54.png', '/var/www/html/public/files/collection/2018/03/19/img_1521423836_5aaf15dc46dd99.83793664.png', 'collection/2018/03/19/img_1521423836_5aaf15dc46dd99.83793664.png', 'image/png', '39416', '2018-03-19 01:43:56', '2018-03-19 01:43:56', 1),
(367, '2018-03-18_9-23-40.png', '/var/www/html/public/files/collection/2018/03/19/img_1521423977_5aaf166926f483.56938990.png', 'collection/2018/03/19/img_1521423977_5aaf166926f483.56938990.png', 'image/png', '7793', '2018-03-19 01:46:17', '2018-03-19 01:46:17', 1),
(368, '2018-03-18_9-36-53.png', '/var/www/html/public/files/collection/2018/03/19/img_1521424051_5aaf16b3407510.12927624.png', 'collection/2018/03/19/img_1521424051_5aaf16b3407510.12927624.png', 'image/png', '16137', '2018-03-19 01:47:31', '2018-03-19 01:47:31', 1),
(369, 'Chrysanthemum.jpg', '/var/www/html/public/files/collection/2018/03/19/img_1521433815_5aaf3cd707fb17.31644168.jpeg', 'collection/2018/03/19/img_1521433815_5aaf3cd707fb17.31644168.jpeg', 'image/jpeg', '879394', '2018-03-19 04:30:15', '2018-03-19 04:30:15', 1),
(370, 'Chrysanthemum.jpg', '/var/www/html/public/files/collection/2018/03/19/img_1521434269_5aaf3e9dc877f9.89915900.jpeg', 'collection/2018/03/19/img_1521434269_5aaf3e9dc877f9.89915900.jpeg', 'image/jpeg', '879394', '2018-03-19 04:37:49', '2018-03-19 04:37:49', 1),
(371, 'Desert.jpg', '/var/www/html/public/files/collection/2018/03/19/img_1521434638_5aaf400e6357f5.14271148.jpeg', 'collection/2018/03/19/img_1521434638_5aaf400e6357f5.14271148.jpeg', 'image/jpeg', '845941', '2018-03-19 04:43:58', '2018-03-19 04:43:58', 1),
(372, 'Hydrangeas.jpg', '/var/www/html/public/files/collection/2018/03/19/img_1521434660_5aaf402439ffb1.99764789.jpeg', 'collection/2018/03/19/img_1521434660_5aaf402439ffb1.99764789.jpeg', 'image/jpeg', '595284', '2018-03-19 04:44:20', '2018-03-19 04:44:20', 1),
(373, 'Desert.jpg', '/var/www/html/public/files/collection/2018/03/19/img_1521434670_5aaf402e31be81.55316577.jpeg', 'collection/2018/03/19/img_1521434670_5aaf402e31be81.55316577.jpeg', 'image/jpeg', '845941', '2018-03-19 04:44:30', '2018-03-19 04:44:30', 1),
(374, 'Hydrangeas.jpg', '/var/www/html/public/files/collection/2018/03/19/img_1521448224_5aaf75206309e9.65263255.jpeg', 'collection/2018/03/19/img_1521448224_5aaf75206309e9.65263255.jpeg', 'image/jpeg', '595284', '2018-03-19 08:30:24', '2018-03-19 08:30:24', 1),
(375, 'Koala.jpg', '/var/www/html/public/files/collection/2018/03/19/img_1521448853_5aaf77959221c5.35910421.jpeg', 'collection/2018/03/19/img_1521448853_5aaf77959221c5.35910421.jpeg', 'image/jpeg', '780831', '2018-03-19 08:40:53', '2018-03-19 08:40:53', 1);

-- --------------------------------------------------------

--
-- Cấu trúc bảng cho bảng `groupSizes`
--

CREATE TABLE `groupSizes` (
  `id` int(10) UNSIGNED NOT NULL,
  `groupSize` varchar(191) COLLATE utf8mb4_unicode_ci DEFAULT NULL,
  `createdAt` timestamp NULL DEFAULT NULL,
  `updatedAt` timestamp NULL DEFAULT NULL,
  `status` tinyint(4) DEFAULT NULL
) ENGINE=InnoDB DEFAULT CHARSET=utf8mb4 COLLATE=utf8mb4_unicode_ci;

--
-- Đang đổ dữ liệu cho bảng `groupSizes`
--

INSERT INTO `groupSizes` (`id`, `groupSize`, `createdAt`, `updatedAt`, `status`) VALUES
(1, 'Khách lẻ mai sửa', '2017-11-30 17:08:37', '2017-11-30 17:08:37', 0),
(2, 'Từ 04 đến 10 khách', '2017-11-30 17:08:38', '2017-11-30 17:08:38', 1),
(3, 'Từ 11 đến 20 khách', '2017-12-01 13:52:52', '2017-12-01 12:50:47', 1),
(4, 'Từ 21 đến 30 khách', '2017-12-01 15:50:53', '2017-12-01 14:53:53', 1),
(5, 'Trên 30 khách', '2017-12-01 13:52:52', '2017-12-01 12:50:47', 1);

-- --------------------------------------------------------

--
-- Cấu trúc bảng cho bảng `jobs`
--

CREATE TABLE `jobs` (
  `id` bigint(20) UNSIGNED NOT NULL,
  `queue` varchar(191) COLLATE utf8mb4_unicode_ci NOT NULL,
  `payload` longtext COLLATE utf8mb4_unicode_ci NOT NULL,
  `attempts` tinyint(3) UNSIGNED NOT NULL,
  `reserved_at` int(10) UNSIGNED DEFAULT NULL,
  `available_at` int(10) UNSIGNED NOT NULL,
  `created_at` int(10) UNSIGNED NOT NULL
) ENGINE=InnoDB DEFAULT CHARSET=utf8mb4 COLLATE=utf8mb4_unicode_ci;

-- --------------------------------------------------------

--
-- Cấu trúc bảng cho bảng `languageLevels`
--

CREATE TABLE `languageLevels` (
  `id` int(10) UNSIGNED NOT NULL,
  `levelName` varchar(191) COLLATE utf8mb4_unicode_ci DEFAULT NULL,
  `createdAt` timestamp NULL DEFAULT NULL,
  `updatedAt` timestamp NULL DEFAULT NULL,
  `status` tinyint(4) DEFAULT NULL
) ENGINE=InnoDB DEFAULT CHARSET=utf8mb4 COLLATE=utf8mb4_unicode_ci;

--
-- Đang đổ dữ liệu cho bảng `languageLevels`
--

INSERT INTO `languageLevels` (`id`, `levelName`, `createdAt`, `updatedAt`, `status`) VALUES
(1, 'Cao đẳng ngoại ngữ', '2017-11-30 17:08:37', '2017-11-30 17:08:37', 0),
(2, 'Đại học ngoại ngữ', '2017-11-30 17:08:37', '2017-11-30 17:08:37', 1),
(3, 'Trên đại học ngoại ngữ', '2017-12-01 04:27:29', '2017-12-01 06:33:34', 1),
(4, 'Cao đẳng chuyên ngành khác bằng tiếng nước ngoài', '2017-12-01 15:53:54', '2017-12-01 14:56:56', 1),
(5, 'Đại học chuyên ngành khác bằng tiếng nước ngoài', '2017-12-01 04:27:29', '2017-12-01 06:33:34', 1),
(6, 'Trên đại học chuyên ngành khác bằng tiếng nước ngoài', '2017-12-01 15:53:54', '2017-12-01 14:56:56', 1),
(7, 'Chứng chỉ ngoại ngữ do cơ quan có thẩm quyền cấp', '2017-12-01 04:27:29', '2017-12-01 06:33:34', 1),
(8, 'Chứng  chỉ sử dụng thành  thạo ngoại ngữ do cơ sở đào tạo cấp', '2017-12-01 15:53:54', '2017-12-01 14:56:56', 1);

-- --------------------------------------------------------

--
-- Cấu trúc bảng cho bảng `languages`
--

CREATE TABLE `languages` (
  `id` int(10) UNSIGNED NOT NULL,
  `languageName` varchar(191) COLLATE utf8mb4_unicode_ci DEFAULT NULL,
  `createdAt` timestamp NULL DEFAULT NULL,
  `updatedAt` timestamp NULL DEFAULT NULL,
  `status` tinyint(4) DEFAULT NULL,
  `position` int(11) DEFAULT NULL
) ENGINE=InnoDB DEFAULT CHARSET=utf8mb4 COLLATE=utf8mb4_unicode_ci;

--
-- Đang đổ dữ liệu cho bảng `languages`
--

INSERT INTO `languages` (`id`, `languageName`, `createdAt`, `updatedAt`, `status`, `position`) VALUES
(1, 'Tiếng Anh mai sửa', '2017-11-30 17:08:36', '2017-11-30 17:08:36', 1, 1),
(2, 'Tiếng Nhật', '2017-11-30 17:08:36', '2017-11-30 17:08:36', 1, 2),
(3, 'Tiếng Trung', '2017-12-01 00:30:30', '2017-12-01 06:32:37', 1, 3),
(4, 'Tiếng Đức', '2017-12-01 05:31:32', '2017-12-01 04:30:33', 1, 4),
(5, 'Tiếng Pháp', '2017-12-01 00:30:30', '2017-12-01 06:32:37', 1, 5),
(6, 'Tiếng Tây Ban Nha', '2017-12-01 05:31:32', '2017-12-01 04:30:33', 1, 6),
(7, 'Tiếng Ý', '2017-12-01 05:31:32', '2017-12-01 04:30:33', 1, 7),
(8, 'Tiếng Nga', '2017-12-01 00:30:30', '2017-12-01 06:32:37', 1, 8),
(9, 'Tiếng Hàn Quốc', '2017-12-01 05:31:32', '2017-12-01 04:30:33', 1, 9),
(10, 'Tiếng khác', '2017-12-01 05:31:32', '2017-12-01 04:30:33', 1, 10);

-- --------------------------------------------------------

--
-- Cấu trúc bảng cho bảng `languageSkills`
--

CREATE TABLE `languageSkills` (
  `id` int(10) UNSIGNED NOT NULL,
  `memberId` int(10) UNSIGNED NOT NULL,
  `languageId` int(10) UNSIGNED NOT NULL,
  `levelId` int(10) UNSIGNED NOT NULL,
  `fileId` int(10) UNSIGNED DEFAULT NULL,
  `createdAt` timestamp NULL DEFAULT NULL,
  `updatedAt` timestamp NULL DEFAULT NULL
) ENGINE=InnoDB DEFAULT CHARSET=utf8mb4 COLLATE=utf8mb4_unicode_ci;

--
-- Đang đổ dữ liệu cho bảng `languageSkills`
--

INSERT INTO `languageSkills` (`id`, `memberId`, `languageId`, `levelId`, `fileId`, `createdAt`, `updatedAt`) VALUES
(1, 1, 1, 8, NULL, '2018-03-13 02:53:09', '2018-03-16 10:10:07'),
(2, 2, 1, 8, NULL, '2018-03-13 02:59:56', '2018-03-13 02:59:56'),
(3, 3, 3, 7, NULL, '2018-03-13 03:05:04', '2018-03-13 03:05:04'),
(4, 5, 1, 8, NULL, '2018-03-13 03:11:17', '2018-03-13 03:11:17'),
(5, 7, 1, 8, NULL, '2018-03-13 03:14:55', '2018-03-13 03:14:55'),
(6, 8, 6, 3, NULL, '2018-03-13 03:35:52', '2018-03-13 03:35:52'),
(7, 11, 1, 8, NULL, '2018-03-13 07:00:48', '2018-03-13 07:00:48'),
(8, 16, 4, 5, NULL, '2018-03-13 15:29:33', '2018-03-16 08:39:20'),
(9, 17, 2, 2, NULL, '2018-03-14 02:37:17', '2018-03-19 01:50:33'),
(10, 19, 8, 6, NULL, '2018-03-14 03:31:48', '2018-03-14 03:31:48'),
(11, 26, 8, 5, NULL, '2018-03-14 04:04:03', '2018-03-14 04:04:03'),
(12, 30, 8, 5, NULL, '2018-03-14 04:11:30', '2018-03-14 04:11:30'),
(13, 39, 2, 8, NULL, '2018-03-15 03:53:49', '2018-03-15 03:53:49'),
(14, 42, 7, 4, NULL, '2018-03-15 04:29:59', '2018-03-15 04:29:59'),
(15, 45, 5, 7, NULL, '2018-03-15 04:38:59', '2018-03-15 04:38:59'),
(16, 47, 5, 2, NULL, '2018-03-15 04:52:59', '2018-03-15 04:52:59'),
(17, 48, 5, 2, NULL, '2018-03-15 04:52:59', '2018-03-15 04:52:59'),
(18, 49, 4, 6, NULL, '2018-03-15 06:38:43', '2018-03-15 06:38:43'),
(19, 50, 5, 5, NULL, '2018-03-15 06:44:37', '2018-03-15 06:44:37'),
(21, 51, 2, 2, NULL, '2018-03-15 06:54:19', '2018-03-15 06:54:19'),
(22, 52, 4, 2, NULL, '2018-03-15 07:30:20', '2018-03-15 07:30:20'),
(23, 53, 2, 2, NULL, '2018-03-15 07:33:57', '2018-03-16 04:31:30'),
(24, 54, 9, 7, NULL, '2018-03-15 07:38:02', '2018-03-15 07:38:02'),
(25, 56, 2, 5, NULL, '2018-03-15 09:27:16', '2018-03-15 09:27:16'),
(26, 58, 2, 5, NULL, '2018-03-15 09:28:35', '2018-03-15 09:28:35'),
(27, 58, 2, 5, NULL, '2018-03-15 09:30:48', '2018-03-15 09:30:48'),
(28, 58, 2, 5, NULL, '2018-03-15 09:31:06', '2018-03-15 09:31:06'),
(29, 58, 2, 5, NULL, '2018-03-15 09:31:29', '2018-03-15 09:31:29'),
(30, 61, 3, 7, NULL, '2018-03-16 04:00:54', '2018-03-16 04:00:54'),
(31, 62, 3, 7, NULL, '2018-03-16 04:09:11', '2018-03-16 04:09:11'),
(32, 63, 3, 7, NULL, '2018-03-16 04:34:15', '2018-03-16 04:34:15'),
(33, 64, 7, 6, NULL, '2018-03-16 04:34:40', '2018-03-16 04:34:40'),
(34, 65, 2, 7, NULL, '2018-03-16 06:32:45', '2018-03-16 06:32:45'),
(35, 66, 2, 7, NULL, '2018-03-16 06:33:40', '2018-03-16 06:33:40'),
(36, 67, 2, 7, NULL, '2018-03-16 06:34:19', '2018-03-16 06:34:19'),
(37, 68, 2, 7, NULL, '2018-03-16 06:35:12', '2018-03-16 06:35:12'),
(38, 69, 10, 3, NULL, '2018-03-16 06:39:48', '2018-03-16 06:39:48'),
(39, 70, 2, 7, NULL, '2018-03-16 06:39:49', '2018-03-16 08:37:33'),
(40, 71, 2, 7, NULL, '2018-03-16 06:44:56', '2018-03-16 06:44:56'),
(41, 71, 2, 7, NULL, '2018-03-16 06:46:11', '2018-03-16 06:46:11'),
(42, 72, 2, 7, NULL, '2018-03-16 06:46:11', '2018-03-16 06:46:11'),
(43, 71, 2, 7, NULL, '2018-03-16 06:46:39', '2018-03-16 06:46:39'),
(44, 71, 2, 7, NULL, '2018-03-16 06:47:45', '2018-03-16 06:47:45'),
(45, 71, 2, 7, NULL, '2018-03-16 06:48:09', '2018-03-16 06:48:09'),
(46, 72, 2, 7, NULL, '2018-03-16 07:28:15', '2018-03-16 07:28:15'),
(47, 74, 2, 7, NULL, '2018-03-16 07:56:22', '2018-03-16 07:56:22'),
(48, 75, 2, 7, NULL, '2018-03-16 08:01:23', '2018-03-16 08:01:23'),
(49, 75, 2, 7, NULL, '2018-03-16 08:01:48', '2018-03-16 08:01:48'),
(50, 76, 2, 7, NULL, '2018-03-16 08:18:48', '2018-03-16 08:18:48'),
(51, 77, 2, 7, NULL, '2018-03-16 08:19:23', '2018-03-16 08:19:23'),
(52, 78, 2, 7, NULL, '2018-03-16 08:24:01', '2018-03-16 08:24:01'),
(53, 79, 10, 3, NULL, '2018-03-16 09:09:19', '2018-03-16 10:06:28'),
(54, 80, 7, 6, NULL, '2018-03-16 10:37:11', '2018-03-16 10:37:11'),
(55, 81, 1, 8, NULL, '2018-03-19 04:37:54', '2018-03-19 04:37:54'),
(56, 81, 1, 8, NULL, '2018-03-19 04:38:39', '2018-03-19 04:38:39'),
(57, 82, 1, 8, NULL, '2018-03-19 04:44:32', '2018-03-19 04:44:32'),
(58, 83, 1, 8, NULL, '2018-03-19 08:42:18', '2018-03-19 08:59:51');

-- --------------------------------------------------------

--
-- Cấu trúc bảng cho bảng `leader_signing_decision`
--

CREATE TABLE `leader_signing_decision` (
  `id` int(10) UNSIGNED NOT NULL,
  `fullname` varchar(200) CHARACTER SET utf8mb4 COLLATE utf8mb4_unicode_ci NOT NULL,
  `position` int(10) DEFAULT NULL,
  `is_delete` tinyint(4) DEFAULT NULL,
  `createdAt` timestamp NULL DEFAULT NULL ON UPDATE CURRENT_TIMESTAMP,
  `updatedAt` timestamp NULL DEFAULT NULL ON UPDATE CURRENT_TIMESTAMP,
  `deletedAt` timestamp NULL DEFAULT NULL ON UPDATE CURRENT_TIMESTAMP
) ENGINE=InnoDB DEFAULT CHARSET=latin1;

--
-- Đang đổ dữ liệu cho bảng `leader_signing_decision`
--

INSERT INTO `leader_signing_decision` (`id`, `fullname`, `position`, `is_delete`, `createdAt`, `updatedAt`, `deletedAt`) VALUES
(3, 'Nguyễn Văn Linh', 1, NULL, NULL, NULL, NULL),
(4, 'Đào Thanh Hương', 1, NULL, NULL, NULL, NULL);

-- --------------------------------------------------------

--
-- Cấu trúc bảng cho bảng `majors`
--

CREATE TABLE `majors` (
  `id` int(10) UNSIGNED NOT NULL,
  `majorName` varchar(191) COLLATE utf8mb4_unicode_ci DEFAULT NULL,
  `createdAt` timestamp NULL DEFAULT NULL,
  `updatedAt` timestamp NULL DEFAULT NULL,
  `status` tinyint(4) DEFAULT NULL
) ENGINE=InnoDB DEFAULT CHARSET=utf8mb4 COLLATE=utf8mb4_unicode_ci;

--
-- Đang đổ dữ liệu cho bảng `majors`
--

INSERT INTO `majors` (`id`, `majorName`, `createdAt`, `updatedAt`, `status`) VALUES
(1, 'Giấy chứng nhận khóa nghiệp vụ hướng dẫn du lịch nội địa', '2017-11-30 17:08:36', '2017-11-30 17:08:36', 1),
(2, 'Giấy chứng nhận khóa nghiệp vụ hướng dẫn du lịch quốc tế', '2017-11-30 17:08:36', '2017-11-30 17:08:36', 1),
(3, 'Trung cấp chuyên ngành hướng dẫn du lịch', '0000-00-00 00:00:00', '0000-00-00 00:00:00', 1),
(4, 'Cao đẳng chuyên ngành hướng dẫn du lịch', '0000-00-00 00:00:00', '0000-00-00 00:00:00', 1),
(7, 'Đaị học chuyên ngành hướng dẫn du lịch', '2017-12-01 08:27:33', '2017-12-01 08:27:33', 1),
(8, 'Đạt yêu cầu kiểm tra nghiệp vụ hướng dẫn viên du lịch tại điểm', '2017-12-16 02:26:27', '2017-12-16 05:27:34', 1);

-- --------------------------------------------------------

--
-- Cấu trúc bảng cho bảng `majorSkillFiles`
--

CREATE TABLE `majorSkillFiles` (
  `id` int(10) UNSIGNED NOT NULL,
  `memberId` int(10) UNSIGNED NOT NULL,
  `fileId` int(10) UNSIGNED NOT NULL,
  `createdAt` timestamp NULL DEFAULT NULL,
  `updatedAt` timestamp NULL DEFAULT NULL
) ENGINE=InnoDB DEFAULT CHARSET=utf8mb4 COLLATE=utf8mb4_unicode_ci;

-- --------------------------------------------------------

--
-- Cấu trúc bảng cho bảng `majorSkills`
--

CREATE TABLE `majorSkills` (
  `id` int(10) UNSIGNED NOT NULL,
  `memberId` int(10) UNSIGNED NOT NULL,
  `majorId` int(10) UNSIGNED NOT NULL,
  `createdAt` timestamp NULL DEFAULT NULL,
  `updatedAt` timestamp NULL DEFAULT NULL
) ENGINE=InnoDB DEFAULT CHARSET=utf8mb4 COLLATE=utf8mb4_unicode_ci;

--
-- Đang đổ dữ liệu cho bảng `majorSkills`
--

INSERT INTO `majorSkills` (`id`, `memberId`, `majorId`, `createdAt`, `updatedAt`) VALUES
(1, 1, 3, '2018-03-13 02:53:09', '2018-03-16 10:10:07'),
(2, 2, 3, '2018-03-13 02:59:56', '2018-03-13 02:59:56'),
(3, 3, 7, '2018-03-13 03:05:04', '2018-03-13 03:05:04'),
(4, 4, 1, '2018-03-13 03:10:03', '2018-03-13 03:10:03'),
(5, 5, 2, '2018-03-13 03:11:17', '2018-03-13 03:11:17'),
(6, 6, 7, '2018-03-13 03:11:40', '2018-03-13 03:11:40'),
(7, 7, 3, '2018-03-13 03:14:55', '2018-03-13 03:14:55'),
(8, 8, 4, '2018-03-13 03:35:52', '2018-03-13 03:35:52'),
(9, 9, 2, '2018-03-13 04:42:24', '2018-03-13 04:42:24'),
(10, 10, 8, '2018-03-13 06:57:24', '2018-03-13 06:57:24'),
(11, 11, 8, '2018-03-13 07:00:48', '2018-03-13 07:00:48'),
(12, 12, 7, '2018-03-13 07:13:06', '2018-03-13 07:13:06'),
(13, 13, 7, '2018-03-13 07:16:53', '2018-03-13 07:16:53'),
(14, 14, 7, '2018-03-13 07:20:27', '2018-03-13 07:20:27'),
(15, 15, 8, '2018-03-13 07:22:15', '2018-03-13 07:22:15'),
(16, 16, 4, '2018-03-13 15:29:33', '2018-03-16 08:39:20'),
(17, 17, 7, '2018-03-14 02:37:17', '2018-03-19 01:50:33'),
(18, 18, 7, '2018-03-14 02:42:54', '2018-03-14 02:42:54'),
(19, 19, 7, '2018-03-14 03:31:48', '2018-03-14 03:31:48'),
(20, 20, 8, '2018-03-14 03:34:11', '2018-03-14 03:34:11'),
(21, 21, 4, '2018-03-14 03:37:23', '2018-03-14 03:37:23'),
(22, 22, 7, '2018-03-14 03:40:40', '2018-03-14 03:40:40'),
(23, 23, 7, '2018-03-14 03:58:44', '2018-03-14 03:58:44'),
(24, 24, 7, '2018-03-14 04:01:34', '2018-03-14 04:01:34'),
(25, 25, 7, '2018-03-14 04:03:19', '2018-03-14 04:03:19'),
(26, 26, 7, '2018-03-14 04:04:03', '2018-03-14 04:04:03'),
(27, 27, 7, '2018-03-14 04:05:08', '2018-03-14 04:05:08'),
(28, 28, 4, '2018-03-14 04:08:33', '2018-03-14 04:08:33'),
(29, 29, 1, '2018-03-14 04:10:14', '2018-03-14 04:10:14'),
(30, 30, 7, '2018-03-14 04:11:30', '2018-03-14 04:11:30'),
(31, 31, 2, '2018-03-14 04:12:00', '2018-03-16 09:28:16'),
(32, 32, 7, '2018-03-14 04:15:27', '2018-03-14 04:15:27'),
(33, 33, 7, '2018-03-14 04:17:53', '2018-03-14 04:17:53'),
(34, 34, 2, '2018-03-14 04:20:04', '2018-03-14 04:20:04'),
(35, 35, 4, '2018-03-14 04:22:42', '2018-03-14 04:22:42'),
(36, 36, 7, '2018-03-14 04:25:18', '2018-03-14 04:25:18'),
(37, 37, 4, '2018-03-14 10:29:23', '2018-03-14 10:29:23'),
(38, 38, 7, '2018-03-14 10:30:16', '2018-03-14 10:30:16'),
(39, 38, 7, '2018-03-14 10:31:14', '2018-03-14 10:31:14'),
(40, 39, 4, '2018-03-15 03:53:49', '2018-03-15 03:53:49'),
(41, 40, 7, '2018-03-15 04:00:38', '2018-03-15 04:00:38'),
(44, 42, 4, '2018-03-15 04:29:59', '2018-03-15 04:29:59'),
(45, 43, 7, '2018-03-15 04:31:40', '2018-03-15 04:31:40'),
(46, 41, 4, '2018-03-15 04:32:31', '2018-03-15 04:32:31'),
(47, 44, 8, '2018-03-15 04:36:10', '2018-03-15 04:36:10'),
(48, 45, 3, '2018-03-15 04:38:59', '2018-03-15 04:38:59'),
(49, 46, 1, '2018-03-15 04:39:11', '2018-03-15 04:39:11'),
(50, 47, 4, '2018-03-15 04:52:59', '2018-03-15 04:52:59'),
(51, 48, 8, '2018-03-15 04:52:59', '2018-03-15 04:52:59'),
(52, 49, 1, '2018-03-15 06:38:43', '2018-03-15 06:38:43'),
(53, 50, 4, '2018-03-15 06:44:37', '2018-03-15 06:44:37'),
(55, 51, 8, '2018-03-15 06:54:19', '2018-03-15 06:54:19'),
(56, 52, 8, '2018-03-15 07:30:20', '2018-03-15 07:30:20'),
(57, 53, 7, '2018-03-15 07:33:57', '2018-03-16 04:31:30'),
(58, 54, 4, '2018-03-15 07:38:02', '2018-03-15 07:38:02'),
(59, 55, 4, '2018-03-15 09:18:01', '2018-03-15 09:18:01'),
(60, 55, 4, '2018-03-15 09:22:22', '2018-03-15 09:22:22'),
(61, 56, 4, '2018-03-15 09:27:16', '2018-03-15 09:27:16'),
(62, 57, 7, '2018-03-15 09:27:39', '2018-03-15 09:27:39'),
(63, 58, 4, '2018-03-15 09:28:35', '2018-03-15 09:28:35'),
(64, 58, 4, '2018-03-15 09:30:48', '2018-03-15 09:30:48'),
(65, 58, 4, '2018-03-15 09:31:06', '2018-03-15 09:31:06'),
(66, 58, 4, '2018-03-15 09:31:29', '2018-03-15 09:31:29'),
(67, 59, 4, '2018-03-16 02:29:02', '2018-03-16 02:29:02'),
(68, 60, 7, '2018-03-16 02:36:06', '2018-03-16 02:36:06'),
(69, 61, 4, '2018-03-16 04:00:54', '2018-03-16 04:00:54'),
(70, 62, 4, '2018-03-16 04:09:11', '2018-03-16 04:09:11'),
(71, 63, 4, '2018-03-16 04:34:15', '2018-03-16 04:34:15'),
(72, 64, 2, '2018-03-16 04:34:40', '2018-03-16 04:34:40'),
(73, 65, 7, '2018-03-16 06:32:45', '2018-03-16 06:32:45'),
(74, 66, 7, '2018-03-16 06:33:40', '2018-03-16 06:33:40'),
(75, 67, 7, '2018-03-16 06:34:19', '2018-03-16 06:34:19'),
(76, 68, 7, '2018-03-16 06:35:12', '2018-03-16 06:35:12'),
(77, 69, 4, '2018-03-16 06:39:48', '2018-03-16 06:39:48'),
(78, 70, 7, '2018-03-16 06:39:49', '2018-03-16 08:37:33'),
(79, 71, 8, '2018-03-16 06:44:56', '2018-03-16 06:44:56'),
(80, 71, 8, '2018-03-16 06:46:11', '2018-03-16 06:46:11'),
(81, 72, 7, '2018-03-16 06:46:11', '2018-03-16 06:46:11'),
(82, 71, 8, '2018-03-16 06:46:39', '2018-03-16 06:46:39'),
(83, 71, 8, '2018-03-16 06:47:45', '2018-03-16 06:47:45'),
(84, 71, 8, '2018-03-16 06:48:09', '2018-03-16 06:48:09'),
(85, 73, 8, '2018-03-16 07:25:47', '2018-03-16 07:25:47'),
(86, 73, 8, '2018-03-16 07:25:48', '2018-03-16 07:25:48'),
(87, 73, 8, '2018-03-16 07:25:48', '2018-03-16 07:25:48'),
(88, 73, 8, '2018-03-16 07:25:48', '2018-03-16 07:25:48'),
(89, 73, 8, '2018-03-16 07:25:49', '2018-03-16 07:25:49'),
(90, 73, 8, '2018-03-16 07:25:49', '2018-03-16 07:25:49'),
(91, 73, 8, '2018-03-16 07:25:50', '2018-03-16 07:25:50'),
(92, 73, 8, '2018-03-16 07:25:50', '2018-03-16 07:25:50'),
(93, 73, 8, '2018-03-16 07:26:41', '2018-03-16 07:26:41'),
(94, 73, 8, '2018-03-16 07:27:04', '2018-03-16 07:27:04'),
(95, 72, 7, '2018-03-16 07:28:15', '2018-03-16 07:28:15'),
(96, 74, 7, '2018-03-16 07:56:22', '2018-03-16 07:56:22'),
(97, 75, 7, '2018-03-16 08:01:23', '2018-03-16 08:01:23'),
(98, 75, 7, '2018-03-16 08:01:48', '2018-03-16 08:01:48'),
(99, 76, 7, '2018-03-16 08:18:48', '2018-03-16 08:18:48'),
(100, 77, 7, '2018-03-16 08:19:23', '2018-03-16 08:19:23'),
(101, 78, 7, '2018-03-16 08:24:01', '2018-03-16 08:24:01'),
(102, 79, 3, '2018-03-16 09:09:19', '2018-03-16 10:06:28'),
(103, 80, 7, '2018-03-16 10:37:11', '2018-03-16 10:37:11'),
(104, 81, 2, '2018-03-19 04:37:54', '2018-03-19 04:37:54'),
(105, 81, 2, '2018-03-19 04:38:39', '2018-03-19 04:38:39'),
(106, 82, 2, '2018-03-19 04:44:32', '2018-03-19 04:44:32'),
(107, 83, 8, '2018-03-19 08:42:18', '2018-03-19 08:59:51');

-- --------------------------------------------------------

--
-- Cấu trúc bảng cho bảng `memberAvatars`
--

CREATE TABLE `memberAvatars` (
  `id` int(10) UNSIGNED NOT NULL,
  `memberId` int(10) UNSIGNED NOT NULL,
  `fileId` int(10) UNSIGNED NOT NULL,
  `current` tinyint(4) NOT NULL DEFAULT '0',
  `createdAt` timestamp NULL DEFAULT NULL,
  `updatedAt` timestamp NULL DEFAULT NULL
) ENGINE=InnoDB DEFAULT CHARSET=utf8mb4 COLLATE=utf8mb4_unicode_ci;

-- --------------------------------------------------------

--
-- Cấu trúc bảng cho bảng `members`
--

CREATE TABLE `members` (
  `id` int(10) UNSIGNED NOT NULL,
  `fullName` varchar(70) COLLATE utf8mb4_unicode_ci DEFAULT NULL,
  `profileImg` varchar(250) COLLATE utf8mb4_unicode_ci NOT NULL,
  `birthday` datetime DEFAULT NULL,
  `gender` tinyint(4) DEFAULT NULL,
  `touristGuideCode` varchar(10) COLLATE utf8mb4_unicode_ci DEFAULT NULL,
  `expirationDate` datetime DEFAULT NULL,
  `cmtCccd` varchar(20) COLLATE utf8mb4_unicode_ci DEFAULT NULL,
  `dateIssued` datetime DEFAULT NULL,
  `issuedBy` varchar(50) COLLATE utf8mb4_unicode_ci DEFAULT NULL,
  `permanentAddress` text COLLATE utf8mb4_unicode_ci,
  `address` text COLLATE utf8mb4_unicode_ci,
  `firstMobile` varchar(20) COLLATE utf8mb4_unicode_ci DEFAULT NULL,
  `secondMobile` varchar(20) COLLATE utf8mb4_unicode_ci DEFAULT NULL,
  `firstEmail` varchar(50) COLLATE utf8mb4_unicode_ci DEFAULT NULL,
  `secondEmail` varchar(50) COLLATE utf8mb4_unicode_ci DEFAULT NULL,
  `typeOfTravelGuide` tinyint(4) DEFAULT NULL,
  `typeOfPlace` tinyint(4) DEFAULT NULL,
  `experienceYear` int(11) DEFAULT NULL,
  `experienceLevel` tinyint(4) DEFAULT NULL,
  `otherSkills` text COLLATE utf8mb4_unicode_ci,
  `otherInformation` text COLLATE utf8mb4_unicode_ci,
  `touristGuideLevel` text COLLATE utf8mb4_unicode_ci,
  `achievements` text COLLATE utf8mb4_unicode_ci,
  `emailToken` varchar(8) COLLATE utf8mb4_unicode_ci DEFAULT NULL,
  `phoneToken` varchar(8) COLLATE utf8mb4_unicode_ci DEFAULT NULL,
  `emailVerified` tinyint(4) NOT NULL DEFAULT '0',
  `phoneVerified` tinyint(4) NOT NULL DEFAULT '0',
  `acceptTermsAndPolicies` tinyint(4) NOT NULL DEFAULT '0',
  `createdAt` timestamp NULL DEFAULT NULL,
  `updatedAt` timestamp NULL DEFAULT NULL,
  `status` tinyint(4) DEFAULT NULL,
  `province_code` tinyint(4) NOT NULL,
  `is_verified` tinyint(4) DEFAULT NULL,
  `is_fee` int(4) DEFAULT NULL,
  `is_signed` int(4) DEFAULT NULL,
  `member_type` int(4) DEFAULT NULL,
  `member_code` varchar(10) COLLATE utf8mb4_unicode_ci DEFAULT NULL,
  `member_qr_id` varchar(15) COLLATE utf8mb4_unicode_ci DEFAULT NULL,
  `member_from` datetime DEFAULT NULL,
  `guideLanguage` tinyint(4) DEFAULT NULL,
  `approved_by` int(11) DEFAULT NULL,
  `verified_by` int(11) DEFAULT NULL,
  `approved_at` datetime DEFAULT NULL,
  `verified_at` datetime DEFAULT NULL,
  `inboundOutbound` tinyint(4) DEFAULT NULL,
  `deleteAt` timestamp NULL DEFAULT NULL,
  `is_delete` tinyint(4) DEFAULT NULL,
  `file_code` varchar(10) COLLATE utf8mb4_unicode_ci DEFAULT NULL,
  `initial_stock` tinyint(11) DEFAULT NULL,
  `province` int(4) DEFAULT NULL
) ENGINE=InnoDB DEFAULT CHARSET=utf8mb4 COLLATE=utf8mb4_unicode_ci;

--
-- Đang đổ dữ liệu cho bảng `members`
--

INSERT INTO `members` (`id`, `fullName`, `profileImg`, `birthday`, `gender`, `touristGuideCode`, `expirationDate`, `cmtCccd`, `dateIssued`, `issuedBy`, `permanentAddress`, `address`, `firstMobile`, `secondMobile`, `firstEmail`, `secondEmail`, `typeOfTravelGuide`, `typeOfPlace`, `experienceYear`, `experienceLevel`, `otherSkills`, `otherInformation`, `touristGuideLevel`, `achievements`, `emailToken`, `phoneToken`, `emailVerified`, `phoneVerified`, `acceptTermsAndPolicies`, `createdAt`, `updatedAt`, `status`, `province_code`, `is_verified`, `is_fee`, `is_signed`, `member_type`, `member_code`, `member_qr_id`, `member_from`, `guideLanguage`, `approved_by`, `verified_by`, `approved_at`, `verified_at`, `inboundOutbound`, `deleteAt`, `is_delete`, `file_code`, `initial_stock`, `province`) VALUES
(1, 'Nguyễn Thị Mai E bình chi hà', 'http://demo.hoihuongdanvien.vn/files/collection/2018/03/16/img_1521194978_5aab97e2a61580.66076550.jpeg', '1987-06-12 00:00:00', 1, '156156156', '2018-04-04 00:00:00', '112098866', '2018-02-21 00:00:00', 'CA TP Hà Nội', 'Địa chỉ thường trú', 'Địa chỉ liên hệ', '0978429296', NULL, 'maint18@viettel.com.vn', NULL, 1, 1, 2018, 31, 'các kỹ năng khác bình', 'Thông tin khác bình', 'Hạng hướng dẫn viên bình', 'Thành tích bình', 'O5Npx9Ms', '415125', 1, 1, 1, '2018-03-13 02:53:23', '2018-03-16 10:10:07', 13, 1, NULL, 1, NULL, 3, '100003', '155aaa4762e6ce6', '2018-03-15 10:13:54', 1, 17, 43, '2018-03-14 10:26:59', '2018-03-12 04:34:50', 1, NULL, NULL, 'C00031', NULL, 7),
(2, 'Nguyễn Thị Mai 13032018_outbound', 'http://demo.hoihuongdanvien.vn/files/collection/2018/03/13/img_1520909827_5aa73e031a8872.78818463.jpeg', '1987-06-12 00:00:00', 2, '157157157', '2018-04-04 00:00:00', '112098866', '2018-02-23 00:00:00', 'CA TP Hà nội', 'Địa chỉ thường trú', 'Địa chỉ liên hệ', '0978429296', '0913207826', 'maint18@viettel.com.vn', 'mainguyen.it@gmail.com', 1, 2, 2015, 31, NULL, NULL, NULL, NULL, 'Eh2BqgzR', '290805', 1, 1, 1, '2018-03-13 03:00:14', '2018-03-19 01:44:49', 10, 65, NULL, 1, NULL, NULL, NULL, NULL, NULL, 1, 44, 43, '2018-03-13 07:17:28', '2018-03-13 06:36:31', 2, NULL, NULL, 'C00010', NULL, 7),
(3, 'abc1', 'http://demo.hoihuongdanvien.vn/files/collection/2018/03/13/img_1520910196_5aa73f74c77975.74480818.png', '2008-05-06 00:00:00', 1, '111111119', '2018-04-04 00:00:00', '111111119', '2018-02-09 00:00:00', 'Hà Nội', 'Hà Nội', 'Hà Nội', '0976831235', '0976831235', 'thuyenht@viettel.com.vn', 'thuyenht@viettel.com.vn', 1, 1, 2014, 13, NULL, NULL, NULL, NULL, 'ZgOKvkOw', '040461', 1, 1, 1, '2018-03-13 03:05:23', '2018-03-19 01:46:50', 10, 1, NULL, 1, NULL, 3, '100002', '155aa7868902d5a', '2018-03-13 08:06:33', 4, 44, 43, '2018-03-13 03:45:55', '2018-03-13 03:44:34', 1, NULL, NULL, 'C00003', NULL, 1),
(4, 'abc2', 'http://demo.hoihuongdanvien.vn/files/collection/2018/03/13/img_1520910601_5aa741091ede56.60651325.png', '2009-02-06 00:00:00', 1, '111111118', '2018-04-05 00:00:00', '111111118', '2018-02-08 00:00:00', 'HN', 'sdfsdf', 'sdfsdf', '0976831235', '0976831235', 'thuyenht@viettel.com.vn', 'thuyenht@viettel.com.vn', 2, 1, 2015, 2, NULL, NULL, NULL, NULL, 'yJiT0SRy', '537477', 1, 1, 1, '2018-03-13 03:10:18', '2018-03-16 08:00:39', 13, 2, NULL, 1, NULL, 3, '200001', '155aa786974b440', '2018-03-13 08:06:47', 4, 53, 52, '2018-03-13 03:29:57', '2018-03-13 03:22:59', NULL, NULL, NULL, 'C00002', NULL, 2),
(5, 'Nguyễn Thị Mai 12032018_nội địa', 'http://demo.hoihuongdanvien.vn/files/collection/2018/03/13/img_1520910071_5aa73ef73e9a37.58212534.jpeg', '1987-06-12 00:00:00', 2, '158158158', '2018-04-04 00:00:00', '112098866', '2018-02-14 00:00:00', 'CA TP Hà nội', 'Địa chỉ thường trú', 'Địa chỉ liên hệ', '0978429296', '0913207826', 'maint18@viettel.com.vn', 'mainguyen.it@gmail.comend', 2, 1, 2015, 31, NULL, NULL, NULL, NULL, 'cDyZVslI', '377231', 1, 1, 1, '2018-03-13 03:11:38', '2018-03-16 10:35:44', 5, 1, NULL, 1, NULL, 3, '200002', '155aa7869bb08b4', '2018-03-13 08:06:51', 6, 44, 43, '2018-03-13 07:14:23', '2018-03-13 06:36:38', NULL, NULL, NULL, 'C00009', NULL, 7),
(6, 'abc3', 'http://demo.hoihuongdanvien.vn/files/collection/2018/03/13/img_1520910634_5aa7412a0c2a93.69600324.png', '2012-01-27 00:00:00', 1, '111111117', '2018-04-04 00:00:00', '111111117', '2018-02-14 00:00:00', 'HN', 'sadfsdf', 'sdfsdf', '0976831235', '0976831235', 'thuyenht@viettel.com.vn', 'thuyenht@viettel.com.vn', 2, 1, 2014, 7, NULL, NULL, NULL, NULL, 'wjE37fzM', '337336', 1, 1, 1, '2018-03-13 03:11:58', '2018-03-16 09:43:46', 13, 2, NULL, 1, NULL, 3, '200003', '155aa786a3ca16e', '2018-03-13 08:06:59', 9, 53, 52, '2018-03-13 03:29:20', '2018-03-13 03:22:52', NULL, NULL, NULL, 'C00001', NULL, 2),
(7, 'Nguyễn Thị Mai 13032018_tai diem', 'http://demo.hoihuongdanvien.vn/files/collection/2018/03/13/img_1520910754_5aa741a2063095.01134530.jpeg', '1987-06-12 00:00:00', 2, '159159159', NULL, '112098866', '2017-04-04 00:00:00', 'CA TP Hà nội', 'Địa chỉ thường trú', 'Địa chỉ liên hệ', '0978429296', NULL, 'maint18@viettel.com.vn', NULL, 3, 1, 2015, 5, NULL, NULL, NULL, NULL, 'itgNoKuH', '533886', 1, 1, 1, '2018-03-13 03:15:35', '2018-03-16 10:35:44', 5, 1, NULL, 1, NULL, 3, '300001', '155aa77fbb849fe', '2018-03-13 07:37:31', 1, 44, 43, '2018-03-13 07:14:10', '2018-03-13 06:36:46', NULL, NULL, NULL, 'C00008', NULL, 7),
(8, 'Nguyễn Thị mai 13032018_test ho so', 'http://demo.hoihuongdanvien.vn/files/collection/2018/03/13/img_1520912102_5aa746e6aa7ad6.23260536.jpeg', '2008-03-13 00:00:00', 2, '125125125', '2018-04-05 00:00:00', 'sdfasdfasdf', '2018-02-08 00:00:00', 'sdfasdf', 'ádfasdf', 'ádfasdfa', '0978429296', NULL, 'maint18@viettel.com.vn', NULL, 3, 1, 2018, 1, NULL, NULL, NULL, NULL, 'rZC02T4o', '918329', 1, 1, 1, '2018-03-13 03:36:30', '2018-03-16 07:59:59', 13, 1, NULL, 1, NULL, 3, '300002', '155aa786a995b2e', '2018-03-13 08:07:05', 1, 44, 43, '2018-03-13 07:13:56', '2018-03-13 06:36:53', 1, NULL, NULL, 'C00007', NULL, 2),
(9, 'abc4', 'http://demo.hoihuongdanvien.vn/files/collection/2018/03/13/img_1520916141_5aa756ad53b774.87680943.png', '2008-01-13 00:00:00', 2, '111111114', '2018-04-12 00:00:00', '111111114', '2018-02-08 00:00:00', 'hn', 'dsfdsf', 'sdfdsf', '0976831235', NULL, 'thuyenht@viettel.com.vn', NULL, 2, 1, 2015, 5, NULL, NULL, NULL, NULL, 'AuWSvo5q', '678269', 1, 1, 1, '2018-03-13 04:42:48', '2018-03-16 07:59:59', 13, 1, NULL, 1, NULL, 3, '200004', '155aa786acdb8c3', '2018-03-13 08:07:08', 2, 60, 43, '2018-03-13 07:11:06', '2018-03-13 06:37:01', NULL, NULL, NULL, 'C00005', NULL, 1),
(10, 'abc5', 'http://demo.hoihuongdanvien.vn/files/collection/2018/03/13/img_1520924242_5aa776520efc94.72533112.png', '2012-06-27 00:00:00', 1, '111111113', '2018-04-19 00:00:00', '111111113', '2018-02-22 00:00:00', 'HN', 'sdfsdf', 'sdfsdf', '0976831235', NULL, 'thuyenht@viettel.com.vn', NULL, 2, 1, 2015, 8, NULL, NULL, NULL, NULL, 'vgLq01YC', '750686', 1, 1, 1, '2018-03-13 07:00:42', '2018-03-16 07:59:59', 13, 1, NULL, 1, NULL, 3, '200005', '155aa786b066609', '2018-03-13 08:07:12', 9, 60, 59, '2018-03-13 07:10:52', '2018-03-13 07:10:09', NULL, NULL, NULL, 'C00004', NULL, 1),
(11, 'Nguyễn Thị Mai 1303 _td', 'http://demo.hoihuongdanvien.vn/files/collection/2018/03/13/img_1520924322_5aa776a27461f1.96027366.jpeg', '2009-03-13 00:00:00', 1, '145145145', '2018-04-05 00:00:00', '112098866', '2018-02-01 00:00:00', 'CA TP Hà nội', 'sdfasf', 'ádfasf', '0978429296', NULL, 'maint18@viettel.com.vn', NULL, 2, 1, 2015, 9, NULL, NULL, NULL, NULL, 'Rh7JgSKF', '053259', 1, 1, 1, '2018-03-13 07:01:07', '2018-03-14 09:41:26', 5, 1, NULL, 1, NULL, NULL, NULL, NULL, NULL, 6, 44, 43, '2018-03-14 08:47:01', '2018-03-13 09:37:43', NULL, NULL, 1, 'C00022', NULL, 4),
(12, 'abc6', 'http://demo.hoihuongdanvien.vn/files/collection/2018/03/13/img_1520925126_5aa779c62515f7.62061228.png', '2008-06-13 00:00:00', 2, '111111112', '2018-04-24 00:00:00', '111111112', '2018-02-15 00:00:00', 'hn', 'sdfsdfds', 'ádfsafd', '0976831235', NULL, 'thuyenht@viettel.com.vn', NULL, 2, 1, 2015, 15, NULL, NULL, NULL, NULL, 'PC2EeI3N', '344651', 1, 1, 1, '2018-03-13 07:13:37', '2018-03-14 04:00:00', 13, 1, NULL, 1, NULL, 3, '200006', '155aa786b3d7f5a', '2018-03-13 08:07:15', 6, 60, 59, '2018-03-13 07:25:25', '2018-03-13 07:23:47', NULL, NULL, NULL, 'C00014', NULL, 1),
(13, 'abc7', 'http://demo.hoihuongdanvien.vn/files/collection/2018/03/13/img_1520925411_5aa77ae338ecc5.08126084.png', '2012-02-27 00:00:00', 1, '111111111', '2018-04-04 00:00:00', '111111111', '2018-01-31 00:00:00', 'hn', 'sdfsdfds', 'sdfsdf', '0976831235', NULL, 'thuyenht@viettel.com.vn', NULL, 2, 1, 2015, 4, NULL, NULL, NULL, NULL, 'AiXTC0KA', '966495', 1, 1, 1, '2018-03-13 07:17:14', '2018-03-14 04:00:00', 13, 1, NULL, 1, NULL, 3, '200007', '155aa786b76023d', '2018-03-13 08:07:19', 3, 60, 59, '2018-03-13 07:25:13', '2018-03-13 07:23:53', NULL, NULL, NULL, 'C00013', NULL, 1),
(14, 'abc8', 'http://demo.hoihuongdanvien.vn/files/collection/2018/03/13/img_1520925624_5aa77bb8c88a67.25408616.png', '2012-01-28 00:00:00', 1, '111111110', '2018-04-11 00:00:00', '11111110', '2018-02-13 00:00:00', 'HN', 'sdfsd', 'sdfsdf', '0976831235', NULL, 'thuyenht@viettel.com.vn', NULL, 2, 1, 2015, 12, NULL, NULL, NULL, NULL, 'ORtj0TUS', '357090', 1, 1, 1, '2018-03-13 07:20:42', '2018-03-14 04:00:00', 13, 1, NULL, 1, NULL, 3, '200008', '155aa7eb42355a4', '2018-03-13 15:16:18', 7, 60, 59, '2018-03-13 07:24:50', '2018-03-13 07:23:59', NULL, NULL, NULL, 'C00012', NULL, 1),
(15, 'abcd', 'http://demo.hoihuongdanvien.vn/files/collection/2018/03/13/img_1520925662_5aa77bde6d8a10.88546578.png', '2008-01-10 00:00:00', 2, '101111111', '2018-04-11 00:00:00', '101111111', '2018-02-21 00:00:00', 'HN', 'sdfsdf', 'sdfsdfsd', '0976831235', NULL, 'thuyenht@viettel.com.vn', NULL, 2, 1, 2014, 15, NULL, NULL, NULL, NULL, 'n3XJNpwD', '695511', 1, 1, 1, '2018-03-13 07:22:31', '2018-03-15 10:24:35', 13, 1, NULL, 1, NULL, 3, '200020', '155aaa475e2902b', '2018-03-15 10:13:50', 2, 60, 59, '2018-03-13 07:24:38', '2018-03-13 07:24:05', NULL, NULL, NULL, 'C00011', NULL, 11),
(16, 'tran thi thanh ha update bo sung yemail', 'http://demo.hoihuongdanvien.vn/files/collection/2018/03/13/img_1520954904_5aa7ee18e17c42.56431147.jpeg', '2013-06-07 00:00:00', 2, '111111421', NULL, '111111421', '2018-02-09 00:00:00', '111111421', '111111421', '111111421', '111111421', NULL, 'tranha084@gmail.com', NULL, 3, 1, 2018, 31, 'adadada', 'afafa', NULL, 'afaf', '8K8g3vDq', '230213', 1, 1, 1, '2018-03-13 15:30:01', '2018-03-16 08:39:20', 1, 1, NULL, NULL, NULL, NULL, NULL, NULL, NULL, 2, NULL, 24, NULL, '2018-03-16 08:38:19', NULL, NULL, NULL, NULL, NULL, 1),
(17, 'Viettel Test wwww', 'http://demo.hoihuongdanvien.vn/files/collection/2018/03/19/img_1521424051_5aaf16b3407510.12927624.png', '1980-01-14 00:00:00', 2, '100100011', '2019-07-28 00:00:00', '123456789', '2016-06-29 00:00:00', 'Hà Nội', 'Hà Nội', 'Hà Nội', '0977635498', NULL, 'ngandt5@viettel.com.vn', NULL, 2, 1, 2013, 5, NULL, NULL, NULL, NULL, 'Ontt4jFC', '815776', 1, 1, 1, '2018-03-14 02:38:08', '2018-03-19 01:50:33', 13, 1, NULL, 1, NULL, 3, '200009', '155aa89959e7f6b', '2018-03-14 03:39:05', 2, 44, 43, '2018-03-14 03:04:01', '2018-03-14 02:54:47', NULL, NULL, NULL, 'C00015', NULL, 1),
(18, '123', 'http://demo.hoihuongdanvien.vn/files/collection/2018/03/14/img_1520995370_5aa88c2ad091d4.55577605.png', '2009-03-27 00:00:00', 1, '333333339', '2018-04-04 00:00:00', '33333339', '2018-01-31 00:00:00', 'HN', 'sfdsf', 'dfsdfd', '0976831235', '0976831235', 'thuyenht@viettel.com.vn', 'thuyenht@viettel.com.vn', 2, 1, 2013, 12, NULL, NULL, NULL, NULL, 'Kc0kmX9Y', '545354', 1, 1, 1, '2018-03-14 02:43:12', '2018-03-15 10:57:29', 13, 1, NULL, 1, NULL, 3, '200019', '155aaa47593d70a', '2018-03-15 10:13:45', 5, 44, 59, '2018-03-14 08:49:28', '2018-03-14 07:35:31', NULL, NULL, NULL, 'C00030', 4, 1),
(19, '123456', 'http://demo.hoihuongdanvien.vn/files/collection/2018/03/14/img_1520998304_5aa897a0b0f934.61956797.png', '2008-06-07 00:00:00', 2, '333333338', '2018-04-04 00:00:00', '333333338', '2018-02-07 00:00:00', 'hn', 'sdfsd', 'sdfsdf', '0976831235', '0976831235', 'thuyenht@viettel.com.vn', 'thuyenht@viettel.com.vn', 1, 1, 2014, 11, NULL, NULL, NULL, NULL, 'p1ZhVaOP', '352212', 1, 1, 1, '2018-03-14 03:32:20', '2018-03-19 07:49:48', 4, 1, NULL, NULL, NULL, NULL, NULL, NULL, NULL, 4, 60, 59, '2018-03-14 08:29:07', '2018-03-14 07:20:39', 1, NULL, NULL, 'C00021', NULL, 1),
(20, '1234567', 'http://demo.hoihuongdanvien.vn/files/collection/2018/03/14/img_1520998448_5aa89830333874.71676028.png', '2008-05-06 00:00:00', 1, '333333337', '2018-04-04 00:00:00', '333333337', '2018-02-08 00:00:00', 'HN', 'sadasd', 'ádasd', '0976831235', '0976831235', 'thuyenht@viettel.com.vn', 'thuyenht@viettel.com.vn', 2, 1, 2015, 14, NULL, NULL, NULL, NULL, 'FaprSEwt', '960842', 1, 1, 1, '2018-03-14 03:34:30', '2018-03-14 03:34:30', 1, 2, NULL, NULL, NULL, NULL, NULL, NULL, NULL, 4, NULL, NULL, NULL, NULL, NULL, NULL, NULL, NULL, NULL, 1),
(21, 'Nguyễn Thị Mai 1403 test nơi đăng ký sinh hoạt', 'http://demo.hoihuongdanvien.vn/files/collection/2018/03/14/img_1520998492_5aa8985d0022a8.21722310.jpeg', '2008-03-14 00:00:00', 1, '146146146', '2018-04-05 00:00:00', '112098866', '2018-02-09 00:00:00', 'sdfasffsd', 'ádfasdf', 'ádfasdf', '0978429296', NULL, 'maint18@viettel.com.vn', NULL, 2, 1, 2018, 31, NULL, NULL, NULL, NULL, 'l4b5Ol9d', '683828', 1, 1, 1, '2018-03-14 03:37:44', '2018-03-19 07:54:35', 8, 35, NULL, NULL, NULL, NULL, NULL, NULL, NULL, 1, NULL, 59, NULL, '2018-03-14 10:32:18', NULL, NULL, NULL, NULL, NULL, 15),
(22, 'Nguyễn Thị Mai 13032018_outbound', 'http://demo.hoihuongdanvien.vn/files/collection/2018/03/14/img_1520998764_5aa8996cd76048.57500578.jpeg', '2009-02-01 00:00:00', 1, '136136136', '2018-04-04 00:00:00', '112098866', '2018-02-02 00:00:00', 'CA TP Hà nội', 'Địa chỉ thường trú', 'Địa chỉ liên hệ', '0978429296', '0913207826', 'maint18@viettel.com.vn', 'mainguyen.it@gmail.com', 3, 1, 2018, 2, NULL, NULL, NULL, NULL, 'y22z88z7', '930569', 1, 1, 1, '2018-03-14 03:40:54', '2018-03-15 11:00:42', 13, 61, NULL, 1, NULL, 3, '300004', '155aaa475652803', '2018-03-15 10:13:42', 1, 44, 43, '2018-03-14 03:55:27', '2018-03-14 03:51:56', 2, NULL, NULL, 'C00016', NULL, 15),
(23, 'test1', 'http://demo.hoihuongdanvien.vn/files/collection/2018/03/14/img_1520999922_5aa89df264c614.53045359.png', '2012-06-26 00:00:00', 1, '444444449', '2018-04-05 00:00:00', '444444449', '2018-02-01 00:00:00', 'Hà Nội', 'dsfsd', 'fsdfsdf', '0976831235', '0976831235', 'thuyenht@viettel.com.vn', 'thuyenht@viettel.com.vn', 2, 1, 2014, 8, NULL, NULL, NULL, NULL, '4sOoktYI', '453199', 1, 1, 1, '2018-03-14 03:59:01', '2018-03-16 03:43:03', 13, 1, NULL, 1, NULL, 3, '200018', '155aaa4753860b6', '2018-03-15 10:13:39', 8, 44, 59, '2018-03-14 08:49:18', '2018-03-14 06:59:11', NULL, NULL, NULL, 'C00029', NULL, 1),
(24, 'test2', 'http://demo.hoihuongdanvien.vn/files/collection/2018/03/14/img_1521000092_5aa89e9cab2b26.23505432.png', '2012-05-27 00:00:00', 1, '444444448', '2018-04-05 00:00:00', '444444448', '2018-02-15 00:00:00', 'HN', 'sdfsd', 'sdfsdf', '0976831235', '0976831235', 'thuyenht@viettel.com.vn', 'thuyenht@viettel.com.vn', 2, 1, 2015, 12, NULL, NULL, NULL, NULL, '2GkJkifL', '933453', 1, 1, 1, '2018-03-14 04:01:51', '2018-03-16 03:45:17', 13, 1, NULL, 1, NULL, 3, '200017', '155aaa4750c709c', '2018-03-15 10:13:36', 8, 44, 59, '2018-03-14 08:49:05', '2018-03-14 07:35:14', NULL, NULL, NULL, 'C00028', NULL, 1),
(25, 'test3', 'http://demo.hoihuongdanvien.vn/files/collection/2018/03/14/img_1521000157_5aa89edd3e2789.18421697.png', '2009-06-27 00:00:00', 1, '444444447', '2018-04-04 00:00:00', '444444447', '2018-02-08 00:00:00', 'HN', 'dsfds', 'sdfds', '0976831235', '0976831235', 'thuyenht@viettel.com.vn', 'thuyenht@viettel.com.vn', 2, 1, 2014, 14, NULL, NULL, NULL, NULL, 'V1yM0kts', '655372', 1, 1, 1, '2018-03-14 04:03:35', '2018-03-16 09:01:06', 5, 1, NULL, 1, NULL, 3, '200016', '155aaa474a1197d', '2018-03-15 10:13:30', 9, 44, 59, '2018-03-14 08:48:41', '2018-03-14 04:34:57', NULL, NULL, NULL, 'C00027', NULL, 1),
(26, 'Nguyễn Thị mai 14032018_inbound', 'http://demo.hoihuongdanvien.vn/files/collection/2018/03/14/img_1521000074_5aa89e8ab8c867.46209850.jpeg', '1988-06-12 00:00:00', 2, '135135135', '2018-04-05 00:00:00', '112098866', '2018-02-24 00:00:00', 'CA TP Hà nội', 'Địa chỉ thường trú', 'Địa chỉ liên hệ', '0978429296', NULL, 'maint18@viettel.com.vn', NULL, 1, 1, 2018, 31, 'Các kỹ năng khác', 'Thông tin khác', 'Hạng hướng dẫn viên', 'Thành tích', 'UP3Kx9Uh', '836637', 1, 1, 1, '2018-03-14 04:04:18', '2018-03-15 09:36:47', 2, 18, NULL, NULL, NULL, NULL, NULL, NULL, NULL, 7, NULL, 43, NULL, '2018-03-15 09:36:47', 1, NULL, NULL, NULL, NULL, 8),
(27, 'test4', 'http://demo.hoihuongdanvien.vn/files/collection/2018/03/14/img_1521000306_5aa89f721a09c5.11702751.png', '2012-02-07 00:00:00', 1, '444444446', '2018-04-27 00:00:00', '444444446', '2018-02-08 00:00:00', 'hn', 'dsfds', 'ssdfsdf', '0976831235', NULL, 'thuyenht@viettel.com.vn', NULL, 2, 1, 2014, 11, NULL, NULL, NULL, NULL, '09NH0ipZ', '836505', 1, 1, 1, '2018-03-14 04:05:23', '2018-03-16 03:49:43', 13, 3, NULL, 1, NULL, 3, '200015', '155aaa47476b302', '2018-03-15 10:13:27', 1, 44, 59, '2018-03-14 08:48:29', '2018-03-14 04:34:16', NULL, NULL, NULL, 'C00026', NULL, 1),
(28, 'test5', 'http://demo.hoihuongdanvien.vn/files/collection/2018/03/14/img_1521000510_5aa8a03e918673.63219191.png', '2009-06-06 00:00:00', 1, '444444445', '2018-04-04 00:00:00', '44444445', '2018-02-08 00:00:00', 'hn', 'sdfsd', 'sdfsdf', '0976831235', '0976831235', 'thuyenht@viettel.com.vn', 'thuyenht@viettel.com.vn', 2, 1, 2015, 11, NULL, NULL, NULL, NULL, 'OlKGWayZ', '354102', 1, 1, 1, '2018-03-14 04:08:51', '2018-03-16 07:58:58', 13, 1, NULL, 1, NULL, 3, '200014', '155aaa47445d11e', '2018-03-15 10:13:24', 6, 44, 59, '2018-03-14 08:48:18', '2018-03-14 04:33:45', NULL, NULL, NULL, 'C00025', NULL, 1),
(29, 'test6', 'http://demo.hoihuongdanvien.vn/files/collection/2018/03/14/img_1521000611_5aa8a0a3be9418.75209168.png', '2009-06-28 00:00:00', 2, '444444444', '2018-04-05 00:00:00', '444444444', '2018-02-07 00:00:00', 'HN', 'sdfsd', 'sdfsdf', '0976831235', '0976831235', 'thuyenht@viettel.com.vn', 'thuyenht@viettel.com.vn', 2, 1, 2015, 3, NULL, NULL, NULL, NULL, 'hIaUiJDZ', '218236', 1, 1, 1, '2018-03-14 04:10:31', '2018-03-16 09:07:02', 5, 1, NULL, 1, NULL, NULL, NULL, NULL, NULL, 9, 44, 59, '2018-03-14 08:48:05', '2018-03-14 04:33:07', NULL, NULL, NULL, 'C00024', NULL, 1),
(30, 'Nguyễn Thị Mai 14032018_outbound', 'http://demo.hoihuongdanvien.vn/files/collection/2018/03/14/img_1521000303_5aa89f6f1dde48.51656426.jpeg', '1988-06-01 00:00:00', 1, '126126126', '2018-04-04 00:00:00', '112098866', '2018-02-24 00:00:00', 'CA TP Hà nội', 'Địa chỉ thường trú', 'Địa chỉ liên hệ', '0978429296', '0913207826', 'maint18@viettel.com.vn', NULL, 1, 2, 2015, 8, 'Kỹ năng khác', 'Thông tin khác', 'Hạng hướng dẫn viên', 'Thành tích', 'U7Trx8k2', '715647', 1, 1, 1, '2018-03-14 04:11:48', '2018-03-16 03:10:16', 22, 65, NULL, NULL, NULL, NULL, NULL, NULL, NULL, 7, 44, 43, '2018-03-16 03:10:16', '2018-03-15 09:32:45', 2, NULL, NULL, NULL, NULL, 4),
(31, 'test7 _ chị hà xinh', 'http://demo.hoihuongdanvien.vn/files/collection/2018/03/14/img_1521000718_5aa8a10e36ca45.30924792.png', '2010-01-01 00:00:00', 2, '190190190', '2018-04-06 00:00:00', '112098866 sửa', '2018-01-03 00:00:00', 'hn sửa', 'sadfsd sửa', 'sdfsdf sửa', '0978429296', '0976831235', 'maint18@viettel.com.vn', 'thuyenht@viettel.com.vn', 3, 1, 2014, 31, '8 sửa', '9 sửa', '10 sửa', '11 sửa', 'knnwWBX1', '210779', 1, 1, 1, '2018-03-14 04:12:19', '2018-03-16 09:28:16', 13, 18, NULL, 1, NULL, 3, '200022', '155aab7aa623476', '2018-03-16 08:04:54', 8, 44, 59, '2018-03-14 08:47:14', '2018-03-14 04:32:26', NULL, NULL, NULL, 'C00023', NULL, 7),
(32, 'Nguyễn Thị Mai 14032018 nội địa', 'http://demo.hoihuongdanvien.vn/files/collection/2018/03/14/img_1521000776_5aa8a148b02fa4.58657616.jpeg', '2007-02-09 00:00:00', 2, '178178178', '2018-04-05 00:00:00', '112098866', '2018-02-09 00:00:00', 'CA TP Hà nội', 'Địa chỉ thường trú', 'Địa chỉ liên hệ', '0978429296', '0913207826', 'maint18@viettel.com.vn', 'mainguyen.it@gmail.com', 2, 1, 2014, 29, NULL, NULL, NULL, NULL, 'beskTTDx', '118388', 1, 1, 1, '2018-03-14 04:15:41', '2018-03-19 03:31:56', 5, 26, NULL, NULL, NULL, NULL, NULL, NULL, NULL, 7, 44, 59, '2018-03-16 02:41:55', '2018-03-15 09:31:01', NULL, NULL, NULL, 'C00038', NULL, 4),
(33, 'Nguyễn Thị Mai 14032018_tại điểm', 'http://demo.hoihuongdanvien.vn/files/collection/2018/03/14/img_1521000979_5aa8a213a90524.43442784.jpeg', '2010-03-28 00:00:00', 1, '154154154', NULL, '112098866', '2018-02-04 00:00:00', 'CA TP Hà nội', 'Địa chỉ thường trú', 'Địa chỉ liên hệ', '0978429296', '0913207826', 'maint18@viettel.com.vn', 'mainguyen.it@gmail.com', 3, 2, 2014, 31, NULL, NULL, NULL, NULL, 'CMdLSjUc', '786069', 1, 1, 1, '2018-03-14 04:18:13', '2018-03-16 08:00:11', 13, 65, NULL, 1, NULL, 3, '300003', '155aaa474190eb1', '2018-03-15 10:13:21', 7, 44, 43, '2018-03-14 07:45:44', '2018-03-14 07:23:46', NULL, NULL, NULL, 'C00020', NULL, 4),
(34, 'Viettel 1', 'http://demo.hoihuongdanvien.vn/files/collection/2018/03/14/img_1521001094_5aa8a286a6e802.64848611.png', '2008-03-14 00:00:00', 1, '123456789', '2018-09-02 00:00:00', '123456789', '2018-02-01 00:00:00', 'Hà Nội', 'Hà Nội', 'Hà Nội', '0977635498', NULL, 'ngandt5@viettel.com.vn', NULL, 2, 1, 2013, 5, NULL, NULL, NULL, NULL, 'Hvz8oAtX', '959846', 1, 1, 1, '2018-03-14 04:20:25', '2018-03-16 08:01:14', 13, 1, NULL, 1, NULL, 3, '200010', '155aa8e0bd5d225', '2018-03-14 08:43:41', 2, 44, 43, '2018-03-14 04:31:24', '2018-03-14 04:29:26', 1, NULL, NULL, 'C00018', NULL, 1),
(35, 'Viettel 2', 'http://demo.hoihuongdanvien.vn/files/collection/2018/03/14/img_1521001300_5aa8a354bf9383.26169011.png', '2008-03-14 00:00:00', 1, '123456781', '2018-05-06 00:00:00', '123456789', '2018-02-16 00:00:00', 'Hà Nội', 'Hà Nội', 'Hà Nội', '0977635498', NULL, 'ngandt5@viettel.com.vn', NULL, 2, 1, 2013, 5, NULL, NULL, NULL, NULL, '0F8pxkH4', '728027', 1, 1, 1, '2018-03-14 04:22:59', '2018-03-16 08:01:14', 13, 1, NULL, 1, NULL, 3, '200011', '155aaa2a2f7690a', '2018-03-15 08:09:19', 8, 44, 43, '2018-03-14 04:31:40', '2018-03-14 04:29:38', NULL, NULL, NULL, 'C00019', NULL, 1),
(36, 'Viettel 2', 'http://demo.hoihuongdanvien.vn/files/collection/2018/03/14/img_1521001456_5aa8a3f0885c33.93377903.png', '1980-03-14 00:00:00', 1, '123456782', '2018-05-06 00:00:00', '123456789', '2018-02-24 00:00:00', 'Hà Nội', 'Hà Nội', 'Hà Nội', '0977635498', NULL, 'ngandt5@viettel.com.vn', NULL, 2, 1, 2013, 5, NULL, NULL, NULL, NULL, 'q2Qgf7Vc', '543453', 1, 1, 1, '2018-03-14 04:25:35', '2018-03-16 08:01:14', 13, 1, NULL, 1, NULL, 3, '200013', '155aaa473e484cf', '2018-03-15 10:13:18', 2, 44, 43, '2018-03-14 04:31:04', '2018-03-14 04:29:45', NULL, NULL, NULL, 'C00017', NULL, 1),
(37, 'fdvfd', 'http://demo.hoihuongdanvien.vn/files/collection/2018/03/14/img_1521023353_5aa8f979cbdc89.65386207.png', '2008-03-14 00:00:00', 1, '435345344', NULL, 'dgfdg', '2018-02-08 00:00:00', 'gvfdgdf', '4543', '345435', '0977635498', NULL, 'ngandt5@viettel.com.vn', NULL, 3, 1, 2013, 5, NULL, NULL, NULL, NULL, '4yEEbq6A', '391206', 1, 1, 1, '2018-03-14 10:30:04', '2018-03-16 07:54:12', 5, 1, NULL, 1, NULL, NULL, NULL, NULL, NULL, 7, 44, 43, '2018-03-14 10:32:12', '2018-03-14 10:30:52', NULL, NULL, NULL, 'C00032', NULL, 1),
(38, 'aaaaaaaaaaa', 'http://demo.hoihuongdanvien.vn/files/collection/2018/03/14/img_1521023457_5aa8f9e192b5a3.78287630.png', '2009-02-13 00:00:00', 1, '555555559', '2018-04-05 00:00:00', '555555559', '2018-02-08 00:00:00', 'hn', 'dsfsd', 'sdfsdf', '0976831235', NULL, 'thuyenht@viettel.com.vn', NULL, 2, 1, 2015, 14, NULL, NULL, NULL, NULL, 'ACTJNfDR', '564806', 1, 1, 1, '2018-03-14 10:31:33', '2018-03-16 07:07:43', 5, 1, NULL, 1, NULL, NULL, NULL, NULL, NULL, 3, 60, 59, '2018-03-16 03:53:14', '2018-03-14 10:32:08', NULL, NULL, NULL, 'C00044', NULL, 1),
(39, 'Tran Thi Thanh Ha', 'http://demo.hoihuongdanvien.vn/files/collection/2018/03/15/img_1521085962_5aa9ee0ad475d4.46558244.png', '2013-06-15 00:00:00', 2, '123567895', '2018-04-04 00:00:00', '123567895', '2018-02-25 00:00:00', '123567895123567895', '123567895', '123567895', '123567895', NULL, 'tranha084@gmail.com', NULL, 1, 1, 2018, 19, NULL, NULL, NULL, NULL, 'TmYqLtDo', '650053', 1, 1, 1, '2018-03-15 03:54:42', '2018-03-19 07:54:40', 1, 2, NULL, NULL, NULL, NULL, NULL, NULL, NULL, 2, NULL, NULL, NULL, NULL, 2, NULL, NULL, NULL, NULL, 2),
(40, 'Viettel 4', 'http://demo.hoihuongdanvien.vn/files/collection/2018/03/15/img_1521086361_5aa9ef99a931c1.10860793.jpeg', '2013-03-22 00:00:00', 1, '123456543', '2018-05-06 00:00:00', '12345678', '2018-01-31 00:00:00', 'Hà Nội', 'Hà Nội', 'Hà Nội', '0977635498', '0977635498', 'ngandt5@viettel.com.vn', 'thuyenht@viettel.com.vn', 2, 1, 2013, 31, NULL, NULL, NULL, NULL, 's5o3yuac', '766752', 1, 1, 1, '2018-03-15 04:21:28', '2018-03-15 04:42:56', 2, 1, NULL, NULL, NULL, NULL, NULL, NULL, NULL, 2, NULL, NULL, NULL, NULL, NULL, NULL, NULL, NULL, NULL, 1),
(41, 'viettel 5', 'http://demo.hoihuongdanvien.vn/files/collection/2018/03/15/img_1521087979_5aa9f5eb5da5c8.99504258.jpeg', '2013-03-22 00:00:00', 1, '123122331', '2018-04-28 00:00:00', '21321312312321321321', '2018-02-17 00:00:00', 'Hà Nội', 'ê', 'fwfew', '0977635498', '0977635498', 'xuantoi90@gmail.com', 'thuyenht@viettel.com.vn', 2, 1, 2013, 30, NULL, NULL, NULL, NULL, 'tkfAAuof', '996285', 1, 1, 1, '2018-03-15 04:34:58', '2018-03-19 07:53:48', 14, 1, NULL, NULL, NULL, NULL, NULL, NULL, NULL, 6, NULL, 43, NULL, '2018-03-15 07:42:44', NULL, NULL, NULL, NULL, 3, 1),
(42, 'Nguyễn Thị Mai 15032018 _ inbound', 'http://demo.hoihuongdanvien.vn/files/collection/2018/03/15/img_1521087489_5aa9f401692d25.28679830.jpeg', '1987-06-12 00:00:00', 2, '167167167', '2018-04-05 00:00:00', '112098866', '2018-02-08 00:00:00', 'CA TP HN', 'Địa chỉ thường trú', 'Địa chỉ liên hệ', '0978429296', NULL, 'maint18@viettel.com.vn', NULL, 1, 1, 2018, 31, 'Các kỹ năng chuyên môn khác', 'Thông tin khác', 'Hạng hướng dẫn viên', 'Thành tích', 'S1KWcUko', '341469', 1, 1, 1, '2018-03-15 04:30:19', '2018-03-16 10:32:09', 5, 1, NULL, 1, NULL, NULL, NULL, NULL, NULL, 7, 44, 43, '2018-03-16 02:39:46', '2018-03-15 09:27:31', 1, NULL, NULL, 'C00036', NULL, 2),
(43, 'test bổ sung 1', 'http://demo.hoihuongdanvien.vn/files/collection/2018/03/15/img_1521088297_5aa9f7296fcaf7.17732179.png', '2012-01-06 00:00:00', 1, '999999999', NULL, '999999999', '2018-01-31 00:00:00', 'Hà Nội', 'dsfsdfds', 'sdfsdfsdf', '0976831235', NULL, 'thuyenht@viettel.com.vn', NULL, 3, 1, 2014, 31, NULL, NULL, NULL, NULL, 'Bl9PmX9m', '450974', 1, 1, 1, '2018-03-15 04:32:09', '2018-03-19 02:26:29', 5, 1, NULL, NULL, NULL, NULL, NULL, NULL, NULL, 4, 60, 59, '2018-03-16 03:48:31', '2018-03-15 07:31:15', NULL, NULL, NULL, 'C00042', NULL, 1),
(44, 'test bổ sung 2', 'http://demo.hoihuongdanvien.vn/files/collection/2018/03/15/img_1521088561_5aa9f8318dfa69.34264909.png', '2012-05-14 00:00:00', 1, '999999998', '2018-04-05 00:00:00', '999999998', '2018-01-31 00:00:00', 'Hà Nội', 'sdfsd', 'adfsadfds', '0976831235', NULL, 'tranha084@gmail.com', NULL, 2, 1, 2014, 16, NULL, NULL, NULL, NULL, 'IcQ4eNAG', '094893', 1, 1, 1, '2018-03-15 04:36:29', '2018-03-16 07:30:23', 5, 1, NULL, 1, NULL, NULL, NULL, NULL, NULL, 3, 60, 59, '2018-03-16 03:47:55', '2018-03-15 07:31:34', NULL, NULL, NULL, 'C00041', NULL, 1),
(45, 'Nguyễn Thị Mai 15032018', 'http://demo.hoihuongdanvien.vn/files/collection/2018/03/15/img_1521088608_5aa9f860021707.21099739.jpeg', '1988-06-01 00:00:00', 1, '187187187', '2018-04-04 00:00:00', '112098866', '2018-02-16 00:00:00', 'CA TP Hà nội', 'Địa chỉ thường trú', 'Địa chỉ liên hệ', '0978429296', '0913207826', 'maint18@viettel.com.vn', 'mainguyen.it@gmail.com', 1, 2, 2018, 9, NULL, NULL, NULL, NULL, 'Cfq5CARm', '552927', 1, 1, 1, '2018-03-15 04:39:17', '2018-03-19 03:50:19', 5, 65, NULL, 1, NULL, NULL, NULL, NULL, NULL, 3, 44, 43, '2018-03-16 02:43:42', '2018-03-15 09:27:18', 2, NULL, NULL, 'C00039', NULL, 2),
(46, 'test bổ sung 3', 'http://demo.hoihuongdanvien.vn/files/collection/2018/03/15/img_1521088654_5aa9f88e426f73.60831979.png', '2012-06-27 00:00:00', 1, '999999997', '2018-04-26 00:00:00', '999999997', '2018-02-09 00:00:00', 'Hà Nội', 'sdasdas', 'ádasdasdasdasdas', '0976831235', '0976831235', 'thuyenht@viettel.com.vn', 'thuyenht@viettel.com.vn', 2, 1, 2014, 14, NULL, NULL, NULL, NULL, 'mFBOxi7f', '415095', 1, 1, 1, '2018-03-15 04:39:27', '2018-03-16 08:04:42', 5, 1, NULL, 1, NULL, NULL, NULL, NULL, NULL, 5, 60, 59, '2018-03-16 03:47:36', '2018-03-15 07:31:44', NULL, NULL, NULL, 'C00040', NULL, 1),
(47, 'sâs', 'http://demo.hoihuongdanvien.vn/files/collection/2018/03/15/img_1521089533_5aa9fbfdab41b7.34213664.png', '2013-06-15 00:00:00', 1, '535353211', NULL, '535353211', '2018-02-08 00:00:00', '535353211', '535353211', '535353211', '535353211', NULL, 'tranha084@gmail.com', NULL, 3, 1, 2014, 17, NULL, NULL, NULL, NULL, 'pL0mb4hR', '920641', 1, 0, 0, '2018-03-15 04:52:59', '2018-03-15 04:52:59', 1, 1, NULL, NULL, NULL, NULL, NULL, NULL, NULL, 2, NULL, NULL, NULL, NULL, NULL, NULL, NULL, NULL, NULL, 1),
(48, 'Nguyễn Thị Mai 15032018 _ Nội địa', 'http://demo.hoihuongdanvien.vn/files/collection/2018/03/15/img_1521089540_5aa9fc04cd84a2.49142164.jpeg', '1987-06-12 00:00:00', 2, '148148148', '2018-05-11 00:00:00', '112098866', '2018-02-09 00:00:00', 'CA TP Hà nội', 'Địa chỉ thường trú', 'Địa chỉ liên hệ', '0978429296', '0913207826', 'maint18@viettel.com.vn', NULL, 2, 1, 2017, 13, NULL, NULL, NULL, NULL, 'zyvjZwnQ', '078553', 1, 1, 1, '2018-03-15 04:53:16', '2018-03-16 10:33:42', 5, 18, NULL, 1, NULL, NULL, NULL, NULL, NULL, 10, 44, 43, '2018-03-16 02:41:41', '2018-03-15 09:27:01', NULL, NULL, NULL, 'C00037', NULL, 7),
(49, 'Nguyễn Thị Mai 15032018 tại điểm', 'http://demo.hoihuongdanvien.vn/files/collection/2018/03/15/img_1521095722_5aaa142ac1a529.28993798.jpeg', '1987-06-12 00:00:00', 2, '169169169', NULL, '112098866', '2018-02-08 00:00:00', 'CA TP Hà nội', 'Địa chỉ thường trú', 'Địa chỉ liên hệ', '0978429296', '0913207826', 'maint18@viettel.com.vn', NULL, 3, 1, 2010, 1, NULL, NULL, NULL, NULL, 'lYq26pg2', '396767', 1, 1, 1, '2018-03-15 06:40:14', '2018-03-16 07:18:24', 5, 9, NULL, 1, NULL, NULL, NULL, NULL, NULL, 7, 44, 43, '2018-03-16 02:39:13', '2018-03-01 09:22:33', NULL, NULL, NULL, 'C00035', NULL, 58),
(50, 'Tran Thi Thanh Ha - Check send email', 'http://demo.hoihuongdanvien.vn/files/collection/2018/03/15/img_1521096217_5aaa16197fe6a9.26303312.png', '2013-06-15 00:00:00', 1, '678978998', NULL, '678978998', '2018-02-23 00:00:00', '678978998', '678978998', '678978998', '678978998', NULL, 'tranha084@gmail.com', NULL, 3, 1, 2018, 19, NULL, NULL, NULL, NULL, 'hTEbItEa', '135998', 1, 1, 1, '2018-03-15 06:47:38', '2018-03-15 06:53:37', 14, 1, NULL, NULL, NULL, NULL, NULL, NULL, NULL, 2, NULL, NULL, NULL, NULL, NULL, NULL, NULL, NULL, 14, 1),
(51, 'viettel 6', 'http://demo.hoihuongdanvien.vn/files/collection/2018/03/15/img_1521096785_5aaa18516c5c95.82943798.jpeg', '2013-02-28 00:00:00', 1, '123456788', '2018-05-06 00:00:00', '23213123131321324234', '2018-02-17 00:00:00', 'Hà Nội', 'Hà Nam', 'Nam định', '0977635498', '0977635498', 'ngandt5@viettel.com.vn', 'thuyenht@viettel.com.vn', 2, 1, 1973, 31, 'dsfdsfds fdsfdfds dsfdsfds fdsfdfds dsfdsfds fdsfdfds dsfdsfds fdsfdfds dsfdsfds fdsfdfds dsfdsfds fdsfdfds dsfdsfds fdsfdfds dsfdsfds fdsfdfds dsfdsfds fdsfdfds dsfdsfds fdsfdfds dsfdsfds fdsfdfds dsfdsfds fdsfdfds dsfdsfds fdsfdfds dsfdsfds fdsfdfds dsfdsfds fdsfdfds dsfdsfds fdsfdfds dsfdsfds fds', 'dsfdsfds fdsfdfds dsfdsfds fdsfdfds dsfdsfds fdsfdfds dsfdsfds fdsfdfds dsfdsfds fdsfdfds dsfdsfds fdsfdfds dsfdsfds fdsfdfds dsfdsfds fdsfdfds dsfdsfds fdsfdfds dsfdsfds fdsfdfds dsfdsfds fdsfdfds dsfdsfds fdsfdfds dsfdsfds fdsfdfds dsfdsfds fdsfdfds dsfdsfds fdsfdfds dsfdsfds fdsfdfds dsfdsfds fds', 'dsfdsfds fdsfdfds dsfdsfds fdsfdfds dsfdsfds fdsfdfds dsfdsfds fdsfdfds dsfdsfds fdsfdfds dsfdsfds fdsfdfds dsfdsfds fdsfdfds dsfdsfds fdsfdfds dsfdsfds fdsfdfds dsfdsfds fdsfdfds dsfdsfds fdsfdfds dsfdsfds fdsfdfds dsfdsfds fdsfdfds dsfdsfds fdsfdfds dsfdsfds fdsfdfds dsfdsfds fdsfdfds dsfdsfds fds', 'dsfdsfds fdsfdfds dsfdsfds fdsfdfds dsfdsfds fdsfdfds dsfdsfds fdsfdfds dsfdsfds fdsfdfds dsfdsfds fdsfdfds dsfdsfds fdsfdfds dsfdsfds fdsfdfds dsfdsfds fdsfdfds dsfdsfds fdsfdfds dsfdsfds fdsfdfds dsfdsfds fdsfdfds dsfdsfds fdsfdfds dsfdsfds fdsfdfds dsfdsfds fdsfdfds dsfdsfds fdsfdfds dsfdsfds fds', 'ESDJa3gI', '943111', 1, 1, 1, '2018-03-15 06:56:04', '2018-03-19 07:53:25', 14, 1, NULL, NULL, NULL, NULL, NULL, NULL, NULL, 2, NULL, 43, NULL, '2018-03-16 03:19:13', NULL, NULL, NULL, NULL, 7, 1),
(52, 'viettel 7', 'http://demo.hoihuongdanvien.vn/files/collection/2018/03/15/img_1521099017_5aaa2109e09aa4.26538832.jpeg', '2013-03-15 00:00:00', 1, '255342153', '2018-05-06 00:00:00', '32423453543343453543', '2018-02-23 00:00:00', 'Hà Nội', 'hải dương', 'hải phòng', '0977635498', '097763549832432', 'nghianm.dev@gmail.com', 'thuyenht@dsfgdg.ewe', 1, 1, 2018, 30, 'êw', 'ewrwerew', 'ẻwerwe', 'rẻw', 'rrMJ4t0C', '943958', 1, 1, 1, '2018-03-15 07:30:54', '2018-03-15 09:14:40', 2, 1, NULL, NULL, NULL, NULL, NULL, NULL, NULL, 4, 17, 43, '2018-03-15 09:14:40', '2018-03-15 07:42:04', 1, NULL, NULL, NULL, NULL, 1),
(53, 'Tran Thi Thanh Ha - Check send email', 'http://demo.hoihuongdanvien.vn/files/collection/2018/03/15/img_1521099182_5aaa21ae76da72.44122017.png', '2013-03-15 00:00:00', 2, '632222222', '2018-04-11 00:00:00', '632222222', '2018-02-23 00:00:00', '632222222632222222632222222', '632222222', '632222222', '632222222', NULL, 'tranha084@gmail.com', NULL, 1, 1, 2018, 18, NULL, NULL, NULL, NULL, 'h8drT2AT', '142559', 1, 1, 1, '2018-03-15 07:34:35', '2018-03-16 04:31:30', 10, 1, NULL, NULL, NULL, NULL, NULL, NULL, NULL, 2, NULL, 17, NULL, '2018-03-16 04:29:57', 1, NULL, NULL, NULL, NULL, 1),
(54, 'Tran Thi Thanh Ha 222', 'http://demo.hoihuongdanvien.vn/files/collection/2018/03/15/img_1521099437_5aaa22ade093d0.43878124.png', '2013-06-15 00:00:00', 2, '323232323', '2018-04-04 00:00:00', '323232323', '2018-02-15 00:00:00', '323232323', '323232323', '323232323', '323232323', NULL, 'tranha084@gmail.com', NULL, 1, 1, 2018, 12, NULL, NULL, NULL, NULL, 'Ze8tuug8', '970938', 1, 1, 1, '2018-03-15 07:38:29', '2018-03-19 07:54:45', 4, 1, NULL, NULL, NULL, NULL, NULL, NULL, NULL, 1, 60, 43, '2018-03-16 03:52:49', '2018-03-16 03:20:32', 2, NULL, NULL, 'C00043', NULL, 18),
(55, 'viettel 8', 'http://demo.hoihuongdanvien.vn/files/collection/2018/03/15/img_1521105233_5aaa3951ead131.12556780.jpeg', '2013-03-15 00:00:00', 1, '123456712', '2018-06-10 00:00:00', '678', '2018-02-11 00:00:00', 'Hà Nội', 'hà nội', 'Hà Nội', '0977635498', NULL, 'ngandt5@viettel.com.vn', NULL, 2, 1, 2018, 31, NULL, NULL, NULL, NULL, '61O4YPJ8', '069910', 1, 1, 1, '2018-03-15 09:22:42', '2018-03-15 09:44:29', 2, 1, NULL, NULL, NULL, NULL, NULL, NULL, NULL, 2, 60, 59, '2018-03-15 09:44:29', '2018-03-15 09:40:59', NULL, NULL, NULL, NULL, NULL, 1),
(56, 'fdsfdsfsd', 'http://demo.hoihuongdanvien.vn/files/collection/2018/03/15/img_1521105921_5aaa3c0160c8f4.25210043.jpeg', '2013-03-15 00:00:00', 1, '123456714', '2018-04-15 00:00:00', '34', '2018-02-01 00:00:00', 'ểwr', 'ewr', 'rrerwe', '0977635498', NULL, 'ngandt5@viettel.com.vn', NULL, 1, 1, 2015, 12, NULL, NULL, NULL, NULL, 'vFxcZwIV', '986297', 1, 1, 0, '2018-03-15 09:27:16', '2018-03-15 09:27:52', 1, 1, NULL, NULL, NULL, NULL, NULL, NULL, NULL, 1, NULL, NULL, NULL, NULL, 2, NULL, NULL, NULL, NULL, 1),
(57, 'thuyên_test1', 'http://demo.hoihuongdanvien.vn/files/collection/2018/03/15/img_1521106057_5aaa3c89715ce3.22080173.png', '2008-10-13 00:00:00', 1, '888888888', '2018-04-05 00:00:00', '888888888', '2018-02-25 00:00:00', 'HN', 'dsfsdfsd', 'sdfsdfds', '0976831235', '0976831235', 'thuyenht@viettel.com.vn', 'thuyenht@viettel.com.vn', 2, 1, 2015, 31, NULL, NULL, NULL, NULL, '4DmBHGOQ', '471309', 1, 1, 1, '2018-03-15 09:27:59', '2018-03-16 08:01:14', 13, 8, NULL, 1, NULL, 3, '200012', '155aaa41259421f', '2018-03-15 09:47:17', 3, 60, 59, '2018-03-15 09:45:45', '2018-03-15 09:37:57', NULL, NULL, NULL, 'C00033', NULL, 1),
(58, 'fdsfdsfsd', 'http://demo.hoihuongdanvien.vn/files/collection/2018/03/15/img_1521105921_5aaa3c0160c8f4.25210043.jpeg', '2013-03-15 00:00:00', 1, '123456713', '2018-04-15 00:00:00', '34', '2018-02-01 00:00:00', 'ểwr', 'ewr', 'rrerwe', '0977635498', NULL, 'ngandt5@viettel.com.vn', 'gvdfdf@fdf.gdf', 1, 1, 2015, 12, NULL, NULL, NULL, NULL, 'zuS8YFhv', '092237', 1, 0, 0, '2018-03-15 09:28:35', '2018-03-15 09:31:29', 1, 4, NULL, NULL, NULL, NULL, NULL, NULL, NULL, 1, NULL, NULL, NULL, NULL, 2, NULL, NULL, NULL, NULL, 1),
(59, 'Viettel 9', 'http://demo.hoihuongdanvien.vn/files/collection/2018/03/16/img_1521167144_5aab2b28cfc735.46161204.jpeg', '2013-03-23 00:00:00', 1, '232332243', '2018-04-05 00:00:00', '65473', '2018-02-01 00:00:00', 'Hà Nội', 'Hà Nội', 'Hà Nội', '0977635498', NULL, 'ngandt5@viettel.com.vn', NULL, 2, 1, 2015, 31, '1', '2', '3', '4', 'cNwtglDw', '575706', 1, 1, 1, '2018-03-16 02:29:49', '2018-03-16 03:15:30', 13, 1, NULL, 1, NULL, 3, '200021', '155aab366059fc6', '2018-03-16 03:13:36', 2, 44, 43, '2018-03-16 02:35:54', '2018-03-16 02:31:12', NULL, NULL, NULL, 'C00034', NULL, 1),
(60, 'Sau nửa thế kỷ, nhiều người Mỹ vẫn chưa thể vượt q', 'http://demo.hoihuongdanvien.vn/files/collection/2018/03/16/img_1521167765_5aab2d955deb76.02266190.png', '2012-05-27 00:00:00', 1, '555555551', '2018-04-05 00:00:00', '55555555945454545454', '2018-02-22 00:00:00', 'Hà Nội', 'Sau nửa thế kỷ, nhiều người Mỹ vẫn chưa thể vượt qua được nỗi ám ảnh của cuộc thảm sát Mỹ Lai.\r\nMike Hastie, một cựu binh và cũng là phóng viên chiến trường thời chiến tranh Việt Nam, rút trong túi ra', 'Sau nửa thế kỷ, nhiều người Mỹ vẫn chưa thể vượt qua được nỗi ám ảnh của cuộc thảm sát Mỹ Lai.\r\nMike Hastie, một cựu binh và cũng là phóng viên chiến trường thời chiến tranh Việt Nam, rút trong túi ra', '0976831235', '0976831235', 'thuyenht@viettel.com.vn', 'thuyenht@viettel.com.vn', 2, 1, 2014, 12, NULL, NULL, NULL, NULL, 'go8ptAst', '332869', 1, 1, 1, '2018-03-16 02:36:30', '2018-03-16 02:44:35', 2, 8, NULL, NULL, NULL, NULL, NULL, NULL, NULL, 5, NULL, 59, NULL, '2018-03-16 02:44:35', NULL, NULL, NULL, NULL, NULL, 1),
(61, 'Viettel 9', 'http://demo.hoihuongdanvien.vn/files/collection/2018/03/16/img_1521172808_5aab4148712340.65793374.jpeg', '2008-03-01 00:00:00', 1, '232332241', '2018-04-29 00:00:00', '65473', '2018-02-01 00:00:00', 'Hà Nội', 'Hà Nội', 'Hà Nội', '0977635498', NULL, 'ngandt5@viettel.com.vn', NULL, 1, 1, 2013, 31, '1', '2', '3', '4', 'EFoT5Tsi', '252351', 1, 1, 1, '2018-03-16 04:01:13', '2018-03-16 04:03:18', 2, 1, NULL, NULL, NULL, NULL, NULL, NULL, NULL, 2, NULL, 43, NULL, '2018-03-16 04:03:18', 1, NULL, NULL, NULL, NULL, 1),
(62, 'Viettel 10', 'http://demo.hoihuongdanvien.vn/files/collection/2018/03/16/img_1521173341_5aab435db17c56.13080195.png', '2008-03-01 00:00:00', 1, '232332240', '2018-04-29 00:00:00', '65473', '2018-02-01 00:00:00', 'Hà Nội', 'Hà Nội', 'Hà Nội', '0977635498', NULL, 'ngandt5@viettel.com.vn', NULL, 1, 1, 2013, 31, '1', '2', '3', '4', 'k8jXFrIb', '236050', 1, 1, 1, '2018-03-16 04:10:22', '2018-03-16 04:19:07', 7, 1, NULL, NULL, NULL, NULL, NULL, NULL, NULL, 2, NULL, 17, NULL, '2018-03-16 04:19:07', 2, NULL, NULL, NULL, NULL, 1),
(63, 'Viettel 10', 'http://demo.hoihuongdanvien.vn/files/collection/2018/03/16/img_1521174851_5aab4943cc0cf8.42700808.jpeg', '2008-03-01 00:00:00', 1, '232332212', '2018-04-29 00:00:00', '65473', '2018-02-01 00:00:00', 'Hà Nội', 'Hà Nội', 'Hà Nội', '0977635498', NULL, 'ngandt5@viettel.com.vn', NULL, 1, 1, 2013, 31, '1', '2', '3', '4', 'yt72n8Wv', '333147', 1, 0, 0, '2018-03-16 04:34:15', '2018-03-16 04:42:48', 1, 1, NULL, NULL, NULL, NULL, NULL, NULL, NULL, 2, NULL, NULL, NULL, NULL, 2, NULL, NULL, NULL, NULL, 1),
(64, 'Nguyễn Thị MaiNguyễn Thị MaiNguyễn Thị MaiNguyễEnd', 'http://demo.hoihuongdanvien.vn/files/collection/2018/03/16/img_1521174852_5aab494418e6e8.66516951.jpeg', '2009-03-08 00:00:00', 1, '124124124', '2018-04-12 00:00:00', '11209886611209886610', '2018-02-07 00:00:00', 'CA TP Hà nộiCA TP Hà nộiCA TP Hà nộiCA TP Hà nộEnd', 'Địa chỉ thường trúĐịa chỉ thường trúĐịa chỉ thường trúĐịa chỉ thường trúĐịa chỉ thường trúĐịa chỉ thường trúĐịa chỉ thường trúĐịa chỉ thường trúĐịa chỉ thường trúĐịa chỉ thường trúĐịa chỉ thường trEnđ', 'Địa chỉ liên hệĐịa chỉ liên hệĐịa chỉ liên hệĐịa chỉ liên hệĐịa chỉ liên hệĐịa chỉ liên hệĐịa chỉ liên hệĐịa chỉ liên hệĐịa chỉ liên hệĐịa chỉ liên hệĐịa chỉ liên hệĐịa chỉ liên hệĐịa chỉ liên hệĐịEnd', '0978429296', NULL, 'maint18@viettel.com.vn', NULL, 1, 1, 2015, 31, NULL, NULL, NULL, NULL, '4bSdIkbC', '776172', 1, 0, 0, '2018-03-16 04:34:40', '2018-03-16 04:34:55', 1, 1, NULL, NULL, NULL, NULL, NULL, NULL, NULL, 6, NULL, NULL, NULL, NULL, 1, NULL, NULL, NULL, NULL, 16),
(65, 'Xem hồ sơ_Inbound', 'http://demo.hoihuongdanvien.vn/files/collection/2018/03/16/img_1521181959_5aab6507b64694.16100161.jpeg', '2008-03-16 00:00:00', 1, '454654656', '2018-05-06 00:00:00', '23432434343', '2018-02-17 00:00:00', 'HỘI HƯỚNG DẪN VIÊN DU LỊCH VIỆT NAMHỘI HƯỚNG DẪN V', 'HỘI HƯỚNG DẪN VIÊN DU LỊCH VIỆT NAMHỘI HƯỚNG DẪN VIÊN DU LỊCH VIỆT NAMHỘI HƯỚNG DẪN VIÊN DU LỊCH VIỆT NAMHỘI HƯỚNG DẪN VIÊN DU LỊCH VIỆT NAMHỘI HƯỚNG DẪN VIÊN DU LỊCH VIỆT NAMHỘI HƯỚNG DẪN VIÊN DU LỊC', 'HỘI HƯỚNG DẪN VIÊN DU LỊCH VIỆT NAMHỘI HƯỚNG DẪN VIÊN DU LỊCH VIỆT NAMHỘI HƯỚNG DẪN VIÊN DU LỊCH VIỆT NAMHỘI HƯỚNG DẪN VIÊN DU LỊCH VIỆT NAMHỘI HƯỚNG DẪN VIÊN DU LỊCH VIỆT NAMHỘI HƯỚNG DẪN VIÊN DU LỊC', '0977635498', NULL, 'ngandt5@viettel.com.vn', NULL, 1, 1, 2018, 13, 'HỘI HƯỚNG DẪN VIÊN DU LỊCH VIỆT NAMHỘI HƯỚNG DẪN VIÊN DU LỊCH VIỆT NAMHỘI HƯỚNG DẪN VIÊN DU LỊCH VIỆT NAMHỘI HƯỚNG DẪN VIÊN DU LỊCH VIỆT NAMHỘI HƯỚNG DẪN VIÊN DU LỊCH VIỆT NAMHỘI HƯỚNG DẪN VIÊN DU LỊCHỘI HƯỚNG DẪN VIÊN DU LỊCH VIỆT NAMHỘI HƯỚNG DẪN VIÊN DU LỊCH VIỆT NAMHỘI HƯỚNG DẪN VIÊN DU LỊCH VIỆ', '<script> alert(\"test\") </script>', '<script><script>alert(\"test\")</script></script>', '%3C%73%63%72%69%70%74%3E%61%6C%65%72%74%28%22%74%65%73%74%22%29%3C%2F%73%63%72%69%70%74%3E', 'zVY40fHi', '623115', 1, 1, 1, '2018-03-16 06:33:04', '2018-03-16 09:02:47', 5, 1, NULL, NULL, NULL, NULL, NULL, NULL, NULL, 2, 44, 43, '2018-03-16 07:21:27', '2018-03-16 07:21:07', 1, NULL, NULL, 'C00045', NULL, 1),
(66, 'Xem hồ sơ_Outbound', 'http://demo.hoihuongdanvien.vn/files/collection/2018/03/16/img_1521181959_5aab6507b64694.16100161.jpeg', '2008-03-16 00:00:00', 1, '222222222', '2018-05-06 00:00:00', '23432434343', '2018-02-17 00:00:00', 'HỘI HƯỚNG DẪN VIÊN DU LỊCH VIỆT NAMHỘI HƯỚNG DẪN V', 'HỘI HƯỚNG DẪN VIÊN DU LỊCH VIỆT NAMHỘI HƯỚNG DẪN VIÊN DU LỊCH VIỆT NAMHỘI HƯỚNG DẪN VIÊN DU LỊCH VIỆT NAMHỘI HƯỚNG DẪN VIÊN DU LỊCH VIỆT NAMHỘI HƯỚNG DẪN VIÊN DU LỊCH VIỆT NAMHỘI HƯỚNG DẪN VIÊN DU LỊC', 'HỘI HƯỚNG DẪN VIÊN DU LỊCH VIỆT NAMHỘI HƯỚNG DẪN VIÊN DU LỊCH VIỆT NAMHỘI HƯỚNG DẪN VIÊN DU LỊCH VIỆT NAMHỘI HƯỚNG DẪN VIÊN DU LỊCH VIỆT NAMHỘI HƯỚNG DẪN VIÊN DU LỊCH VIỆT NAMHỘI HƯỚNG DẪN VIÊN DU LỊC', '0977635498', NULL, 'ngandt5@viettel.com.vn', NULL, 1, 1, 2018, 13, 'HỘI HƯỚNG DẪN VIÊN DU LỊCH VIỆT NAMHỘI HƯỚNG DẪN VIÊN DU LỊCH VIỆT NAMHỘI HƯỚNG DẪN VIÊN DU LỊCH VIỆT NAMHỘI HƯỚNG DẪN VIÊN DU LỊCH VIỆT NAMHỘI HƯỚNG DẪN VIÊN DU LỊCH VIỆT NAMHỘI HƯỚNG DẪN VIÊN DU LỊCHỘI HƯỚNG DẪN VIÊN DU LỊCH VIỆT NAMHỘI HƯỚNG DẪN VIÊN DU LỊCH VIỆT NAMHỘI HƯỚNG DẪN VIÊN DU LỊCH VIỆ', '<script> alert(\"test\") </script>', '<script><script>alert(\"test\")</script></script>', '%3C%73%63%72%69%70%74%3E%61%6C%65%72%74%28%22%74%65%73%74%22%29%3C%2F%73%63%72%69%70%74%3E', 'E5yrZhDT', '318929', 1, 1, 1, '2018-03-16 06:33:53', '2018-03-16 08:33:42', 2, 1, NULL, NULL, NULL, NULL, NULL, NULL, NULL, 2, NULL, 43, NULL, '2018-03-16 08:33:42', 2, NULL, NULL, NULL, NULL, 1),
(67, 'Xem hồ sơ_Nội địa', 'http://demo.hoihuongdanvien.vn/files/collection/2018/03/16/img_1521181959_5aab6507b64694.16100161.jpeg', '2008-03-16 00:00:00', 1, '333333333', '2018-05-06 00:00:00', '23432434343', '2018-02-17 00:00:00', 'HỘI HƯỚNG DẪN VIÊN DU LỊCH VIỆT NAMHỘI HƯỚNG DẪN V', 'HỘI HƯỚNG DẪN VIÊN DU LỊCH VIỆT NAMHỘI HƯỚNG DẪN VIÊN DU LỊCH VIỆT NAMHỘI HƯỚNG DẪN VIÊN DU LỊCH VIỆT NAMHỘI HƯỚNG DẪN VIÊN DU LỊCH VIỆT NAMHỘI HƯỚNG DẪN VIÊN DU LỊCH VIỆT NAMHỘI HƯỚNG DẪN VIÊN DU LỊC', 'HỘI HƯỚNG DẪN VIÊN DU LỊCH VIỆT NAMHỘI HƯỚNG DẪN VIÊN DU LỊCH VIỆT NAMHỘI HƯỚNG DẪN VIÊN DU LỊCH VIỆT NAMHỘI HƯỚNG DẪN VIÊN DU LỊCH VIỆT NAMHỘI HƯỚNG DẪN VIÊN DU LỊCH VIỆT NAMHỘI HƯỚNG DẪN VIÊN DU LỊC', '0977635498', NULL, 'ngandt5@viettel.com.vn', NULL, 2, 1, 2018, 13, 'HỘI HƯỚNG DẪN VIÊN DU LỊCH VIỆT NAMHỘI HƯỚNG DẪN VIÊN DU LỊCH VIỆT NAMHỘI HƯỚNG DẪN VIÊN DU LỊCH VIỆT NAMHỘI HƯỚNG DẪN VIÊN DU LỊCH VIỆT NAMHỘI HƯỚNG DẪN VIÊN DU LỊCH VIỆT NAMHỘI HƯỚNG DẪN VIÊN DU LỊCHỘI HƯỚNG DẪN VIÊN DU LỊCH VIỆT NAMHỘI HƯỚNG DẪN VIÊN DU LỊCH VIỆT NAMHỘI HƯỚNG DẪN VIÊN DU LỊCH VIỆ', '<script> alert(\"test\") </script>', '<script><script>alert(\"test\")</script></script>', '%3C%73%63%72%69%70%74%3E%61%6C%65%72%74%28%22%74%65%73%74%22%29%3C%2F%73%63%72%69%70%74%3E', 'HxclH76t', '934399', 1, 1, 1, '2018-03-16 06:34:35', '2018-03-16 08:33:27', 2, 1, NULL, NULL, NULL, NULL, NULL, NULL, NULL, 2, NULL, 43, NULL, '2018-03-16 08:33:27', 2, NULL, NULL, NULL, NULL, 1),
(68, 'Xem hồ sơ_Tại điểm', 'http://demo.hoihuongdanvien.vn/files/collection/2018/03/16/img_1521182106_5aab659a0a9606.37950183.png', '2008-03-16 00:00:00', 1, '555555555', '2018-05-06 00:00:00', '23432434343', '2018-02-17 00:00:00', 'HỘI HƯỚNG DẪN VIÊN DU LỊCH VIỆT NAMHỘI HƯỚNG DẪN V', 'HỘI HƯỚNG DẪN VIÊN DU LỊCH VIỆT NAMHỘI HƯỚNG DẪN VIÊN DU LỊCH VIỆT NAMHỘI HƯỚNG DẪN VIÊN DU LỊCH VIỆT NAMHỘI HƯỚNG DẪN VIÊN DU LỊCH VIỆT NAMHỘI HƯỚNG DẪN VIÊN DU LỊCH VIỆT NAMHỘI HƯỚNG DẪN VIÊN DU LỊC', 'HỘI HƯỚNG DẪN VIÊN DU LỊCH VIỆT NAMHỘI HƯỚNG DẪN VIÊN DU LỊCH VIỆT NAMHỘI HƯỚNG DẪN VIÊN DU LỊCH VIỆT NAMHỘI HƯỚNG DẪN VIÊN DU LỊCH VIỆT NAMHỘI HƯỚNG DẪN VIÊN DU LỊCH VIỆT NAMHỘI HƯỚNG DẪN VIÊN DU LỊC', '0977635498', NULL, 'ngandt5@viettel.com.vn', NULL, 2, 1, 2018, 13, 'HỘI HƯỚNG DẪN VIÊN DU LỊCH VIỆT NAMHỘI HƯỚNG DẪN VIÊN DU LỊCH VIỆT NAMHỘI HƯỚNG DẪN VIÊN DU LỊCH VIỆT NAMHỘI HƯỚNG DẪN VIÊN DU LỊCH VIỆT NAMHỘI HƯỚNG DẪN VIÊN DU LỊCH VIỆT NAMHỘI HƯỚNG DẪN VIÊN DU LỊCHỘI HƯỚNG DẪN VIÊN DU LỊCH VIỆT NAMHỘI HƯỚNG DẪN VIÊN DU LỊCH VIỆT NAMHỘI HƯỚNG DẪN VIÊN DU LỊCH VIỆ', '<script> alert(\"test\") </script>', '<script><script>alert(\"test\")</script></script>', '%3C%73%63%72%69%70%74%3E%61%6C%65%72%74%28%22%74%65%73%74%22%29%3C%2F%73%63%72%69%70%74%3E', 'fTOn7UXx', '519087', 1, 1, 1, '2018-03-16 06:35:28', '2018-03-16 06:35:28', 1, 1, NULL, NULL, NULL, NULL, NULL, NULL, NULL, 2, NULL, NULL, NULL, NULL, NULL, NULL, NULL, NULL, NULL, 1),
(69, '11111111111111111111111111111111111111111111111111', 'http://demo.hoihuongdanvien.vn/files/collection/2018/03/16/img_1521182376_5aab66a82d3aa8.89669388.png', '2012-06-28 00:00:00', 1, '121212121', '2018-04-11 00:00:00', '11111111111111111111', '2018-02-15 00:00:00', 'Hà Nội', 'sdfsdf', 'sdfsdfsd', '0976831235', '0976831235', 'thuyenht@viettel.com.vn', 'thuyenht@viettel.com.vn', 1, 1, 2014, 31, NULL, NULL, NULL, NULL, 'j4N1p4F8', '406035', 1, 1, 1, '2018-03-16 06:40:08', '2018-03-16 06:40:08', 1, 37, NULL, NULL, NULL, NULL, NULL, NULL, NULL, 10, NULL, NULL, NULL, NULL, 2, NULL, NULL, NULL, NULL, 1),
(70, 'Xem hồ sơ_Tại điểm sua', 'http://demo.hoihuongdanvien.vn/files/collection/2018/03/16/img_1521182106_5aab659a0a9606.37950183.png', '2008-03-16 00:00:00', 1, '666666666', '2018-05-06 00:00:00', '23432434343', '2018-02-17 00:00:00', 'HỘI HƯỚNG DẪN VIÊN DU LỊCH VIỆT NAMHỘI HƯỚNG DẪN V', 'HỘI HƯỚNG DẪN VIÊN DU LỊCH VIỆT NAMHỘI HƯỚNG DẪN VIÊN DU LỊCH VIỆT NAMHỘI HƯỚNG DẪN VIÊN DU LỊCH VIỆT NAMHỘI HƯỚNG DẪN VIÊN DU LỊCH VIỆT NAMHỘI HƯỚNG DẪN VIÊN DU LỊCH VIỆT NAMHỘI HƯỚNG DẪN VIÊN DU LỊC', 'HỘI HƯỚNG DẪN VIÊN DU LỊCH VIỆT NAMHỘI HƯỚNG DẪN VIÊN DU LỊCH VIỆT NAMHỘI HƯỚNG DẪN VIÊN DU LỊCH VIỆT NAMHỘI HƯỚNG DẪN VIÊN DU LỊCH VIỆT NAMHỘI HƯỚNG DẪN VIÊN DU LỊCH VIỆT NAMHỘI HƯỚNG DẪN VIÊN DU LỊC', '0977635498', NULL, 'ngandt5@viettel.com.vn', NULL, 3, 1, 2018, 13, 'HỘI HƯỚNG DẪN VIÊN DU LỊCH VIỆT NAMHỘI HƯỚNG DẪN VIÊN DU LỊCH VIỆT NAMHỘI HƯỚNG DẪN VIÊN DU LỊCH VIỆT NAMHỘI HƯỚNG DẪN VIÊN DU LỊCH VIỆT NAMHỘI HƯỚNG DẪN VIÊN DU LỊCH VIỆT NAMHỘI HƯỚNG DẪN VIÊN DU LỊCHỘI HƯỚNG DẪN VIÊN DU LỊCH VIỆT NAMHỘI HƯỚNG DẪN VIÊN DU LỊCH VIỆT NAMHỘI HƯỚNG DẪN VIÊN DU LỊCH VIỆ', '<script> alert(\"test\") </script>', '<script><script>alert(\"test\")</script></script>', '%3C%73%63%72%69%70%74%3E%61%6C%65%72%74%28%22%74%65%73%74%22%29%3C%2F%73%63%72%69%70%74%3E', 'bLTuKZx0', '980429', 1, 1, 1, '2018-03-16 06:40:05', '2018-03-16 08:37:33', 1, 18, NULL, NULL, NULL, NULL, NULL, NULL, NULL, 2, NULL, 43, NULL, '2018-03-16 08:33:08', NULL, NULL, NULL, NULL, NULL, 11);
INSERT INTO `members` (`id`, `fullName`, `profileImg`, `birthday`, `gender`, `touristGuideCode`, `expirationDate`, `cmtCccd`, `dateIssued`, `issuedBy`, `permanentAddress`, `address`, `firstMobile`, `secondMobile`, `firstEmail`, `secondEmail`, `typeOfTravelGuide`, `typeOfPlace`, `experienceYear`, `experienceLevel`, `otherSkills`, `otherInformation`, `touristGuideLevel`, `achievements`, `emailToken`, `phoneToken`, `emailVerified`, `phoneVerified`, `acceptTermsAndPolicies`, `createdAt`, `updatedAt`, `status`, `province_code`, `is_verified`, `is_fee`, `is_signed`, `member_type`, `member_code`, `member_qr_id`, `member_from`, `guideLanguage`, `approved_by`, `verified_by`, `approved_at`, `verified_at`, `inboundOutbound`, `deleteAt`, `is_delete`, `file_code`, `initial_stock`, `province`) VALUES
(71, 'Nguyễn Thị MaiNguyễn Thị MaiNguyễn Thị MaiNguyễEnd', 'http://demo.hoihuongdanvien.vn/files/collection/2018/03/16/img_1521182473_5aab67090e2454.09445286.jpeg', '2009-03-01 00:00:00', 1, '142142142', '2018-04-05 00:00:00', '11209886611209886610', '2018-02-21 00:00:00', 'CA TP Hà nộiCA TP Hà nộiCA TP Hà nộiCA dddddTPdEnđ', 'Địa chỉ thường trúĐịa chỉ thường trúĐịa chỉ thường trúĐịa chỉ thường trúĐịa chỉ thường trúĐịa chỉ thường trúĐịa chỉ thường trúĐịa chỉ thường trúĐịa chỉ thường trúĐịa chỉ thường trúĐịa chỉ thường trEnd', 'Địa chỉ liên hệĐịa chỉ liên hệĐịa chỉ liên hệĐịa chỉ liên hệĐịa chỉ liên hệĐịa chỉ liên hệĐịa chỉ liên hệĐịa chỉ liên hệĐịa chỉ liên hệĐịa chỉ liên hệĐịa chỉ liên hệĐịa chỉ liên hệĐịa chỉ liên hệĐịEnd', '0978429296', NULL, 'maint18@viettel.com.vn', 'sdfaseeeeeeeeeeeeeeeeeeeeeeeeeeeeeeeeeng@gmail.com', 1, 1, 2018, 31, 'Các chuyên môn khácCác chuyên môn khácCác chuyên môn khácCác chuyên môn khácCác chuyên môn khácCác chuyên môn khácCác chuyên môn khácCác chuyên môn khácCác chuyên môn khácCác chuyên môn khácCác chuyên môn khácCác chuyên môn khácCác chuyên môn khácCác chuyên môn khácCác chuyên môn khácCác chuyên mEnđ', 'Thông tin khácThông tin khácThông tin khácThông tin khácThông tin khácThông tin khácThông tin khácThông tin khácThông tin khácThông tin khácThông tin khácThông tin khácThông tin khácThông tin khácThông tin khácThông tin khácThông tin khácThông tin khácThông tin khácThông tin khácThông tin khácThôEnđ', 'Hạng hướng dẫn viênHạng hướng dẫn viênHạng hướng dẫn viênHạng hướng dẫn viênHạng hướng dẫn viênHạng hướng dẫn viênHạng hướng dẫn viênHạng hướng dẫn viênHạng hướng dẫn viênHạng hướng dẫn viênHạng hướng dẫn viênHạng hướng dẫn viênHạng hướng dẫn viênHạng hướng dẫn viênHạng hướng dẫn viênHạng hướng dEnd', 'Thành tíchThành tíchThành tíchThành tíchThành tíchThành tíchThành tíchThành tíchThành tíchThành tíchThành tíchThành tíchThành tíchThành tíchThành tíchThành tíchThành tíchThành tíchThành tíchThành tíchThành tíchThành tíchThành tíchThành tíchThành tíchThành tíchThành tíchThành tíchThành tíchThành tEnđ', '4tNUre6d', '669195', 1, 1, 1, '2018-03-16 06:50:02', '2018-03-16 08:02:14', 5, 1, NULL, 1, NULL, NULL, NULL, NULL, NULL, 4, 44, 43, '2018-03-16 08:00:40', '2018-03-16 08:00:09', 1, NULL, NULL, 'C00046', NULL, 4),
(72, 'Xem hồ sơ_Tại điểm', 'http://demo.hoihuongdanvien.vn/files/collection/2018/03/16/img_1521182106_5aab659a0a9606.37950183.png', '2008-03-16 00:00:00', 1, '777777777', '2018-05-06 00:00:00', '23432434343', '2018-02-17 00:00:00', 'HỘI HƯỚNG DẪN VIÊN DU LỊCH VIỆT NAMHỘI HƯỚNG DẪN V', 'HỘI HƯỚNG DẪN VIÊN DU LỊCH VIỆT NAMHỘI HƯỚNG DẪN VIÊN DU LỊCH VIỆT NAMHỘI HƯỚNG DẪN VIÊN DU LỊCH VIỆT NAMHỘI HƯỚNG DẪN VIÊN DU LỊCH VIỆT NAMHỘI HƯỚNG DẪN VIÊN DU LỊCH VIỆT NAMHỘI HƯỚNG DẪN VIÊN DU LỊC', 'HỘI HƯỚNG DẪN VIÊN DU LỊCH VIỆT NAMHỘI HƯỚNG DẪN VIÊN DU LỊCH VIỆT NAMHỘI HƯỚNG DẪN VIÊN DU LỊCH VIỆT NAMHỘI HƯỚNG DẪN VIÊN DU LỊCH VIỆT NAMHỘI HƯỚNG DẪN VIÊN DU LỊCH VIỆT NAMHỘI HƯỚNG DẪN VIÊN DU LỊC', '0977635498', NULL, 'ngandt5@viettel.com.vn', NULL, 3, 1, 2018, 13, 'HỘI HƯỚNG DẪN VIÊN DU LỊCH VIỆT NAMHỘI HƯỚNG DẪN VIÊN DU LỊCH VIỆT NAMHỘI HƯỚNG DẪN VIÊN DU LỊCH VIỆT NAMHỘI HƯỚNG DẪN VIÊN DU LỊCH VIỆT NAMHỘI HƯỚNG DẪN VIÊN DU LỊCH VIỆT NAMHỘI HƯỚNG DẪN VIÊN DU LỊCHỘI HƯỚNG DẪN VIÊN DU LỊCH VIỆT NAMHỘI HƯỚNG DẪN VIÊN DU LỊCH VIỆT NAMHỘI HƯỚNG DẪN VIÊN DU LỊCH VIỆ', '<script> alert(\"test\") </script>', '<script><script>alert(\"test\")</script></script>', '%3C%73%63%72%69%70%74%3E%61%6C%65%72%74%28%22%74%65%73%74%22%29%3C%2F%73%63%72%69%70%74%3E', 'Rxy457NJ', '261062', 1, 1, 1, '2018-03-16 07:28:35', '2018-03-16 07:28:35', 1, 6, NULL, NULL, NULL, NULL, NULL, NULL, NULL, 2, NULL, NULL, NULL, NULL, NULL, NULL, NULL, NULL, NULL, 2),
(73, 'sdasdasd', 'http://demo.hoihuongdanvien.vn/files/collection/2018/03/16/img_1521185137_5aab7171bfdb67.94907905.jpeg', '2009-03-01 00:00:00', 1, '196196196', NULL, '112098866', '2018-02-01 00:00:00', 'sdfasdf', 'ádfas', 'sdfasdfa', '0978429296', '0913207826', 'maint18@viettel.com.vn', 'mainguyen.it@gmail.com', 3, 2, 2015, 31, NULL, NULL, NULL, NULL, 'rhTqKZTs', '782645', 1, 1, 1, '2018-03-16 07:28:31', '2018-03-16 07:28:31', 1, 65, NULL, NULL, NULL, NULL, NULL, NULL, NULL, 4, NULL, NULL, NULL, NULL, NULL, NULL, NULL, NULL, NULL, 15),
(74, 'Xem hồ sơ_Tại điểm Xem hồ sơ_Tại điểmXem hồ sơ_Tại', 'http://demo.hoihuongdanvien.vn/files/collection/2018/03/16/img_1521186969_5aab789974cb56.82377981.jpeg', '2008-03-16 00:00:00', 1, '000000001', '2018-05-06 00:00:00', '23432434343', '2018-02-17 00:00:00', 'HỘI HƯỚNG DẪN VIÊN DU LỊCH VIỆT NAMHỘI HƯỚNG DẪN V', 'HỘI HƯỚNG DẪN VIÊN DU LỊCH VIỆT NAMHỘI HƯỚNG DẪN VIÊN DU LỊCH VIỆT NAMHỘI HƯỚNG DẪN VIÊN DU LỊCH VIỆT NAMHỘI HƯỚNG DẪN VIÊN DU LỊCH VIỆT NAMHỘI HƯỚNG DẪN VIÊN DU LỊCH VIỆT NAMHỘI HƯỚNG DẪN VIÊN DU LỊC', 'HỘI HƯỚNG DẪN VIÊN DU LỊCH VIỆT NAMHỘI HƯỚNG DẪN VIÊN DU LỊCH VIỆT NAMHỘI HƯỚNG DẪN VIÊN DU LỊCH VIỆT NAMHỘI HƯỚNG DẪN VIÊN DU LỊCH VIỆT NAMHỘI HƯỚNG DẪN VIÊN DU LỊCH VIỆT NAMHỘI HƯỚNG DẪN VIÊN DU LỊC', '0977635498', NULL, 'ngandt5@viettel.com.vn', NULL, 3, 1, 2018, 13, 'HỘI HƯỚNG DẪN VIÊN DU LỊCH VIỆT NAMHỘI HƯỚNG DẪN VIÊN DU LỊCH VIỆT NAMHỘI HƯỚNG DẪN VIÊN DU LỊCH VIỆT NAMHỘI HƯỚNG DẪN VIÊN DU LỊCH VIỆT NAMHỘI HƯỚNG DẪN VIÊN DU LỊCH VIỆT NAMHỘI HƯỚNG DẪN VIÊN DU LỊCHỘI HƯỚNG DẪN VIÊN DU LỊCH VIỆT NAMHỘI HƯỚNG DẪN VIÊN DU LỊCH VIỆT NAMHỘI HƯỚNG DẪN VIÊN DU LỊCH VIỆ', '<script> alert(\"test\") </script>', '<script><script>alert(\"test\")</script></script>', '%3C%73%63%72%69%70%74%3E%61%6C%65%72%74%28%22%74%65%73%74%22%29%3C%2F%73%63%72%69%70%74%3E', 'sDoYf1K2', '766303', 1, 1, 1, '2018-03-16 07:56:36', '2018-03-16 07:56:36', 1, 6, NULL, NULL, NULL, NULL, NULL, NULL, NULL, 2, NULL, NULL, NULL, NULL, NULL, NULL, NULL, NULL, NULL, 1),
(75, 'check lap du lieu', 'http://demo.hoihuongdanvien.vn/files/collection/2018/03/16/img_1521187276_5aab79cc1cda11.94248856.jpeg', '2008-03-16 00:00:00', 1, '000000002', '2018-05-06 00:00:00', '23432434343', '2018-02-17 00:00:00', 'HỘI HƯỚNG DẪN VIÊN DU LỊCH VIỆT NAMHỘI HƯỚNG DẪN V', 'HỘI HƯỚNG DẪN VIÊN DU LỊCH VIỆT NAMHỘI HƯỚNG DẪN VIÊN DU LỊCH VIỆT NAMHỘI HƯỚNG DẪN VIÊN DU LỊCH VIỆT NAMHỘI HƯỚNG DẪN VIÊN DU LỊCH VIỆT NAMHỘI HƯỚNG DẪN VIÊN DU LỊCH VIỆT NAMHỘI HƯỚNG DẪN VIÊN DU LỊC', 'HỘI HƯỚNG DẪN VIÊN DU LỊCH VIỆT NAMHỘI HƯỚNG DẪN VIÊN DU LỊCH VIỆT NAMHỘI HƯỚNG DẪN VIÊN DU LỊCH VIỆT NAMHỘI HƯỚNG DẪN VIÊN DU LỊCH VIỆT NAMHỘI HƯỚNG DẪN VIÊN DU LỊCH VIỆT NAMHỘI HƯỚNG DẪN VIÊN DU LỊC', '0977635498', NULL, 'ngandt5@viettel.com.vn', NULL, 3, 1, 2018, 13, 'HỘI HƯỚNG DẪN VIÊN DU LỊCH VIỆT NAMHỘI HƯỚNG DẪN VIÊN DU LỊCH VIỆT NAMHỘI HƯỚNG DẪN VIÊN DU LỊCH VIỆT NAMHỘI HƯỚNG DẪN VIÊN DU LỊCH VIỆT NAMHỘI HƯỚNG DẪN VIÊN DU LỊCH VIỆT NAMHỘI HƯỚNG DẪN VIÊN DU LỊCHỘI HƯỚNG DẪN VIÊN DU LỊCH VIỆT NAMHỘI HƯỚNG DẪN VIÊN DU LỊCH VIỆT NAMHỘI HƯỚNG DẪN VIÊN DU LỊCH VIỆ', '<script> alert(\"test\") </script>', '<script><script>alert(\"test\")</script></script>', '%3C%73%63%72%69%70%74%3E%61%6C%65%72%74%28%22%74%65%73%74%22%29%3C%2F%73%63%72%69%70%74%3E', 'F0lH2NHD', '086954', 1, 1, 1, '2018-03-16 08:02:02', '2018-03-16 08:02:02', 1, 6, NULL, NULL, NULL, NULL, NULL, NULL, NULL, 2, NULL, NULL, NULL, NULL, NULL, NULL, NULL, NULL, NULL, 1),
(76, 'check BSHS tham dinh', 'http://demo.hoihuongdanvien.vn/files/collection/2018/03/16/img_1521187276_5aab79cc1cda11.94248856.jpeg', '2008-03-16 00:00:00', 1, '000000003', '2018-05-06 00:00:00', '23432434343', '2018-02-17 00:00:00', 'HỘI HƯỚNG DẪN VIÊN DU LỊCH VIỆT NAMHỘI HƯỚNG DẪN V', 'HỘI HƯỚNG DẪN VIÊN DU LỊCH VIỆT NAMHỘI HƯỚNG DẪN VIÊN DU LỊCH VIỆT NAMHỘI HƯỚNG DẪN VIÊN DU LỊCH VIỆT NAMHỘI HƯỚNG DẪN VIÊN DU LỊCH VIỆT NAMHỘI HƯỚNG DẪN VIÊN DU LỊCH VIỆT NAMHỘI HƯỚNG DẪN VIÊN DU LỊC', 'HỘI HƯỚNG DẪN VIÊN DU LỊCH VIỆT NAMHỘI HƯỚNG DẪN VIÊN DU LỊCH VIỆT NAMHỘI HƯỚNG DẪN VIÊN DU LỊCH VIỆT NAMHỘI HƯỚNG DẪN VIÊN DU LỊCH VIỆT NAMHỘI HƯỚNG DẪN VIÊN DU LỊCH VIỆT NAMHỘI HƯỚNG DẪN VIÊN DU LỊC', '0977635498', NULL, 'ngandt5@viettel.com.vn', NULL, 3, 1, 2018, 13, 'HỘI HƯỚNG DẪN VIÊN DU LỊCH VIỆT NAMHỘI HƯỚNG DẪN VIÊN DU LỊCH VIỆT NAMHỘI HƯỚNG DẪN VIÊN DU LỊCH VIỆT NAMHỘI HƯỚNG DẪN VIÊN DU LỊCH VIỆT NAMHỘI HƯỚNG DẪN VIÊN DU LỊCH VIỆT NAMHỘI HƯỚNG DẪN VIÊN DU LỊCHỘI HƯỚNG DẪN VIÊN DU LỊCH VIỆT NAMHỘI HƯỚNG DẪN VIÊN DU LỊCH VIỆT NAMHỘI HƯỚNG DẪN VIÊN DU LỊCH VIỆ', '<script> alert(\"test\") </script>', '<script><script>alert(\"test\")</script></script>', '%3C%73%63%72%69%70%74%3E%61%6C%65%72%74%28%22%74%65%73%74%22%29%3C%2F%73%63%72%69%70%74%3E', 'EMZn7cvD', '516109', 1, 1, 1, '2018-03-16 08:19:02', '2018-03-16 08:19:02', 1, 6, NULL, NULL, NULL, NULL, NULL, NULL, NULL, 2, NULL, NULL, NULL, NULL, NULL, NULL, NULL, NULL, NULL, 1),
(77, 'check BSHS tham dinh 1', 'http://demo.hoihuongdanvien.vn/files/collection/2018/03/16/img_1521187276_5aab79cc1cda11.94248856.jpeg', '2008-03-16 00:00:00', 1, '000000004', '2018-05-06 00:00:00', '23432434343', '2018-02-17 00:00:00', 'HỘI HƯỚNG DẪN VIÊN DU LỊCH VIỆT NAMHỘI HƯỚNG DẪN V', 'HỘI HƯỚNG DẪN VIÊN DU LỊCH VIỆT NAMHỘI HƯỚNG DẪN VIÊN DU LỊCH VIỆT NAMHỘI HƯỚNG DẪN VIÊN DU LỊCH VIỆT NAMHỘI HƯỚNG DẪN VIÊN DU LỊCH VIỆT NAMHỘI HƯỚNG DẪN VIÊN DU LỊCH VIỆT NAMHỘI HƯỚNG DẪN VIÊN DU LỊC', 'HỘI HƯỚNG DẪN VIÊN DU LỊCH VIỆT NAMHỘI HƯỚNG DẪN VIÊN DU LỊCH VIỆT NAMHỘI HƯỚNG DẪN VIÊN DU LỊCH VIỆT NAMHỘI HƯỚNG DẪN VIÊN DU LỊCH VIỆT NAMHỘI HƯỚNG DẪN VIÊN DU LỊCH VIỆT NAMHỘI HƯỚNG DẪN VIÊN DU LỊC', '0977635498', NULL, 'ngandt5@viettel.com.vn', NULL, 3, 1, 2018, 13, 'HỘI HƯỚNG DẪN VIÊN DU LỊCH VIỆT NAMHỘI HƯỚNG DẪN VIÊN DU LỊCH VIỆT NAMHỘI HƯỚNG DẪN VIÊN DU LỊCH VIỆT NAMHỘI HƯỚNG DẪN VIÊN DU LỊCH VIỆT NAMHỘI HƯỚNG DẪN VIÊN DU LỊCH VIỆT NAMHỘI HƯỚNG DẪN VIÊN DU LỊCHỘI HƯỚNG DẪN VIÊN DU LỊCH VIỆT NAMHỘI HƯỚNG DẪN VIÊN DU LỊCH VIỆT NAMHỘI HƯỚNG DẪN VIÊN DU LỊCH VIỆ', '<script> alert(\"test\") </script>', '<script><script>alert(\"test\")</script></script>', '%3C%73%63%72%69%70%74%3E%61%6C%65%72%74%28%22%74%65%73%74%22%29%3C%2F%73%63%72%69%70%74%3E', 'CUHXgn09', '283157', 1, 1, 1, '2018-03-16 08:19:42', '2018-03-16 08:20:05', 7, 1, NULL, NULL, NULL, NULL, NULL, NULL, NULL, 2, NULL, 43, NULL, '2018-03-16 08:20:05', NULL, NULL, NULL, NULL, NULL, 1),
(78, 'check BSHS tham dinh 2', 'http://demo.hoihuongdanvien.vn/files/collection/2018/03/16/img_1521188636_5aab7f1cb429a3.47387654.jpeg', '2008-03-16 00:00:00', 1, '000000005', '2018-05-06 00:00:00', '23432434343', '2018-02-17 00:00:00', 'HỘI HƯỚNG DẪN VIÊN DU LỊCH VIỆT NAMHỘI HƯỚNG DẪN V', 'HỘI HƯỚNG DẪN VIÊN DU LỊCH VIỆT NAMHỘI HƯỚNG DẪN VIÊN DU LỊCH VIỆT NAMHỘI HƯỚNG DẪN VIÊN DU LỊCH VIỆT NAMHỘI HƯỚNG DẪN VIÊN DU LỊCH VIỆT NAMHỘI HƯỚNG DẪN VIÊN DU LỊCH VIỆT NAMHỘI HƯỚNG DẪN VIÊN DU LỊC', 'HỘI HƯỚNG DẪN VIÊN DU LỊCH VIỆT NAMHỘI HƯỚNG DẪN VIÊN DU LỊCH VIỆT NAMHỘI HƯỚNG DẪN VIÊN DU LỊCH VIỆT NAMHỘI HƯỚNG DẪN VIÊN DU LỊCH VIỆT NAMHỘI HƯỚNG DẪN VIÊN DU LỊCH VIỆT NAMHỘI HƯỚNG DẪN VIÊN DU LỊC', '0977635498', NULL, 'dinhngan.tk61@gmail.com', NULL, 3, 1, 2018, 13, 'HỘI HƯỚNG DẪN VIÊN DU LỊCH VIỆT NAMHỘI HƯỚNG DẪN VIÊN DU LỊCH VIỆT NAMHỘI HƯỚNG DẪN VIÊN DU LỊCH VIỆT NAMHỘI HƯỚNG DẪN VIÊN DU LỊCH VIỆT NAMHỘI HƯỚNG DẪN VIÊN DU LỊCH VIỆT NAMHỘI HƯỚNG DẪN VIÊN DU LỊCHỘI HƯỚNG DẪN VIÊN DU LỊCH VIỆT NAMHỘI HƯỚNG DẪN VIÊN DU LỊCH VIỆT NAMHỘI HƯỚNG DẪN VIÊN DU LỊCH VIỆ', '<script> alert(\"test\") </script>', '<script><script>alert(\"test\")</script></script>', '%3C%73%63%72%69%70%74%3E%61%6C%65%72%74%28%22%74%65%73%74%22%29%3C%2F%73%63%72%69%70%74%3E', 'H38rpH1X', '057237', 1, 1, 1, '2018-03-16 08:24:34', '2018-03-19 07:54:55', 1, 1, NULL, NULL, NULL, NULL, NULL, NULL, NULL, 2, NULL, NULL, NULL, NULL, NULL, NULL, NULL, NULL, NULL, 1),
(79, 'bổ sung thẩm định lần 2bổ sung thẩm định lần 3', 'http://demo.hoihuongdanvien.vn/files/collection/2018/03/16/img_1521191335_5aab89a77e0e21.51858982.png', '2009-01-06 00:00:00', 1, '111131111', '2018-05-05 00:00:00', '11111111111sua3', '2018-01-01 00:00:00', '11111111111sua2', 'bổ sung thẩm định lần 3', 'bổ sung thẩm định lần 3', '0976831235', NULL, 'thuyenht@viettel.com.vn', NULL, 1, 1, 2012, 31, 'dsfsdfds sửa', 'dsfsdfds sửa', 'dsfsdfds sửa', 'dsfsdfds sửa', 'X06e98Xj', '300338', 1, 1, 1, '2018-03-16 09:09:44', '2018-03-19 08:00:16', 7, 61, NULL, NULL, NULL, NULL, NULL, NULL, NULL, 8, NULL, 43, NULL, '2018-03-19 08:00:16', 2, NULL, NULL, NULL, NULL, 7),
(80, 'bổ sung đăng ký', 'http://demo.hoihuongdanvien.vn/files/collection/2018/03/16/img_1521196610_5aab9e42252ea7.13632401.png', '2012-05-27 00:00:00', 1, '222322222', '2018-04-18 00:00:00', '222222222', '2018-02-13 00:00:00', 'Hà Nội', 'dsfsdfsd', 'sdfsdf', '0976831235', NULL, 'thuyenht@viettel.com.vn', NULL, 1, 1, 2014, 14, NULL, NULL, NULL, NULL, 'hqyMmfRu', '061233', 1, 1, 1, '2018-03-16 10:37:31', '2018-03-19 07:54:50', 22, 9, NULL, NULL, NULL, NULL, NULL, NULL, NULL, 3, 60, 59, '2018-03-16 10:38:54', '2018-03-16 10:38:24', 2, NULL, NULL, NULL, NULL, 15),
(81, 'viettel 11', 'http://demo.hoihuongdanvien.vn/files/collection/2018/03/19/img_1521434269_5aaf3e9dc877f9.89915900.jpeg', '2008-03-19 00:00:00', 2, '131313131', '2018-05-06 00:00:00', '121212121212', '2018-02-02 00:00:00', 'CA Hà Nội', '1. Vào acc kế toán\r\n2. Vào Danh sách hồ sơ\r\n3. Click combo Nơi đăng ký sinh hoạt\r\n==> Mong muốn: hiển thị CLB thuộc hội… khi văn phòng đại diện là trống hoặc Hội Hà Nội', '1. Vào acc kế toán\r\n2. Vào Danh sách hồ sơ\r\n3. Click combo Nơi đăng ký sinh hoạt\r\n==> Mong muốn: hiển thị CLB thuộc hội… khi văn phòng đại diện là trống hoặc Hội Hà Nội', '0977635498', '0977635498', 'ngandt5@viettel.com.vn', 'ngandt5@viettel.com.vn', 1, 1, 2013, 31, 'Tên doanh nghiệp đã và đang công tác', 'Tên doanh nghiệp đã và đang công tác', 'Tên doanh nghiệp đã và đang công tác', 'Tên doanh nghiệp đã và đang công tác', 'XQo7cF11', '712989', 1, 1, 1, '2018-03-19 04:43:25', '2018-03-19 04:43:25', 1, 1, NULL, NULL, NULL, NULL, NULL, NULL, NULL, 6, NULL, NULL, NULL, NULL, 1, NULL, NULL, NULL, NULL, 26),
(82, 'viettel 12_Outbound', 'http://demo.hoihuongdanvien.vn/files/collection/2018/03/19/img_1521434670_5aaf402e31be81.55316577.jpeg', '2008-03-19 00:00:00', 2, '232332242', '2018-05-06 00:00:00', '121212121212', '2018-02-02 00:00:00', 'CA Hà Nội', '1. Vào acc kế toán\r\n2. Vào Danh sách hồ sơ\r\n3. Click combo Nơi đăng ký sinh hoạt\r\n==> Mong muốn: hiển thị CLB thuộc hội… khi văn phòng đại diện là trống hoặc Hội Hà Nội', '1. Vào acc kế toán\r\n2. Vào Danh sách hồ sơ\r\n3. Click combo Nơi đăng ký sinh hoạt\r\n==> Mong muốn: hiển thị CLB thuộc hội… khi văn phòng đại diện là trống hoặc Hội Hà Nội', '0977635498', '0977635498', 'ngandt5@viettel.com.vn', 'ngandt5@viettel.com.vn', 1, 1, 2013, 31, 'Tên doanh nghiệp đã và đang công tác', 'Tên doanh nghiệp đã và đang công tác', 'Tên doanh nghiệp đã và đang công tác', 'Tên doanh nghiệp đã và đang công tác', 'TiblfGFo', '745825', 1, 1, 1, '2018-03-19 04:44:45', '2018-03-19 07:59:55', 2, 1, NULL, NULL, NULL, NULL, NULL, NULL, NULL, 6, NULL, 43, NULL, '2018-03-19 07:59:55', 2, NULL, NULL, NULL, NULL, 1),
(83, 'viettel 13_BSHS thẩm định', 'http://demo.hoihuongdanvien.vn/files/collection/2018/03/19/img_1521448853_5aaf77959221c5.35910421.jpeg', '2008-02-13 00:00:00', 2, '141415141', '2018-06-10 00:00:00', '15155', '2018-02-03 00:00:00', 'CA Hà Nội', 'Hà Nội', 'Hà Nội', '0977635498', NULL, 'ngandt5@viettel.com.vn', NULL, 3, 1, 2016, 9, '8. Các kỹ năng chuyên môn khác (MC, Game show,...)', '9. Thông tin khác', '10. Hạng hướng dẫn viên', '11. Thành tích (Khen thưởng, giấy khen, bằng khen,...)', '7ZVAdJQP', '560714', 1, 1, 1, '2018-03-19 08:42:44', '2018-03-19 09:27:28', 4, 1, NULL, NULL, NULL, NULL, NULL, NULL, NULL, 3, 44, 43, '2018-03-19 09:27:28', '2018-03-19 09:00:32', NULL, NULL, NULL, 'C00047', NULL, 1);

-- --------------------------------------------------------

--
-- Cấu trúc bảng cho bảng `members_tmp`
--

CREATE TABLE `members_tmp` (
  `id` int(10) UNSIGNED NOT NULL,
  `member_id` int(11) NOT NULL,
  `content` text COLLATE utf8mb4_unicode_ci,
  `createdAt` timestamp NULL DEFAULT NULL,
  `updatedAt` timestamp NULL DEFAULT NULL
) ENGINE=InnoDB DEFAULT CHARSET=utf8mb4 COLLATE=utf8mb4_unicode_ci;

--
-- Đang đổ dữ liệu cho bảng `members_tmp`
--

INSERT INTO `members_tmp` (`id`, `member_id`, `content`, `createdAt`, `updatedAt`) VALUES
(18, 2, '{\"fullName\":\"Nguy\\u1ec5n Th\\u1ecb Mai - update profile\",\"gender\":\"2\",\"birthday\":\"1987-06-12\",\"touristGuideCode\":\"157157157\",\"expirationDate\":\"2018-04-04\",\"cmtCccd\":\"112098866\",\"dateIssued\":\"2018-02-23\",\"issuedBy\":\"CA TP H\\u00e0 n\\u1ed9i\",\"permanentAddress\":\"\\u0110\\u1ecba ch\\u1ec9 th\\u01b0\\u1eddng tr\\u00fa\",\"address\":\"\\u0110\\u1ecba ch\\u1ec9 li\\u00ean h\\u1ec7\",\"firstMobile\":\"0978429296\",\"secondMobile\":\"0913207826\",\"firstEmail\":\"maint18@viettel.com.vn\",\"secondEmail\":\"mainguyen.it@gmail.com\",\"typeOfTravelGuide\":\"1\",\"typeOfPlace\":1,\"experienceYear\":\"2015\",\"inboundOutbound\":\"2\",\"experienceLevel\":\"31\",\"otherSkills\":null,\"otherInformation\":null,\"touristGuideLevel\":null,\"achievements\":null,\"status\":1,\"province_code\":\"1\",\"is_verified\":null,\"is_fee\":null,\"is_signed\":null,\"member_type\":null,\"guideLanguage\":\"1\",\"educations\":[{\"branchId\":\"3\",\"degreeId\":\"4\",\"file\":0}],\"majorSkills\":{\"ids\":\"3\",\"files\":[]},\"languageSkills\":[{\"languageId\":\"1\",\"levelId\":\"8\",\"file\":null}],\"elements\":[{\"groupSizeId\":\"5\",\"typeGuideId\":\"7\"}],\"workHistory\":[{\"elementName\":\"T\\u00ean doanh nghi\\u1ec7p 1\",\"typeOfContract\":\"1\",\"fromDate\":\"2014-01-01 00:00:00\",\"toDate\":\"2016-01-01 00:00:00\"},{\"elementName\":\"T\\u00ean doanh nghi\\u1ec7p 2\",\"typeOfContract\":\"2\",\"fromDate\":\"2015-01-01 00:00:00\",\"toDate\":\"2016-01-01 00:00:00\"}],\"avatar\":\"http:\\/\\/demo.hoihuongdanvien.vn\\/files\\/collection\\/2018\\/03\\/19\\/img_1521423836_5aaf15dc46dd99.83793664.png\",\"achievementFiles\":[],\"province\":\"7\",\"member_id\":\"2\"}', '2018-03-19 01:44:49', '2018-03-19 01:44:49'),
(19, 3, '{\"fullName\":\"Tran thi thanh ha\",\"gender\":\"1\",\"birthday\":\"2008-05-06\",\"touristGuideCode\":\"111111119\",\"expirationDate\":\"2018-04-04\",\"cmtCccd\":\"111111119\",\"dateIssued\":\"2018-02-09\",\"issuedBy\":\"H\\u00e0 N\\u1ed9i\",\"permanentAddress\":\"H\\u00e0 N\\u1ed9i\",\"address\":\"H\\u00e0 N\\u1ed9i\",\"firstMobile\":\"0976831235\",\"secondMobile\":\"0976831235\",\"firstEmail\":\"thuyenht@viettel.com.vn\",\"secondEmail\":\"thuyenht@viettel.com.vn\",\"typeOfTravelGuide\":\"1\",\"typeOfPlace\":1,\"experienceYear\":\"2014\",\"inboundOutbound\":\"1\",\"experienceLevel\":\"13\",\"otherSkills\":null,\"otherInformation\":null,\"touristGuideLevel\":null,\"achievements\":null,\"status\":1,\"province_code\":\"3\",\"is_verified\":null,\"is_fee\":null,\"is_signed\":null,\"member_type\":null,\"guideLanguage\":\"4\",\"educations\":[{\"branchId\":\"1\",\"degreeId\":\"4\",\"file\":0}],\"majorSkills\":{\"ids\":\"7\",\"files\":[]},\"languageSkills\":[{\"languageId\":\"3\",\"levelId\":\"7\",\"file\":null}],\"elements\":[{\"groupSizeId\":\"5\",\"typeGuideId\":\"3\"}],\"workHistory\":[{\"elementName\":\"abc1\",\"typeOfContract\":\"1\",\"fromDate\":\"2014-01-01 00:00:00\",\"toDate\":\"2014-01-01 00:00:00\"}],\"avatar\":\"http:\\/\\/demo.hoihuongdanvien.vn\\/files\\/collection\\/2018\\/03\\/19\\/img_1521423977_5aaf166926f483.56938990.png\",\"achievementFiles\":[],\"province\":\"1\",\"member_id\":\"3\"}', '2018-03-19 01:46:50', '2018-03-19 01:46:50');

-- --------------------------------------------------------

--
-- Cấu trúc bảng cho bảng `members_tmp_bk`
--

CREATE TABLE `members_tmp_bk` (
  `id` int(10) UNSIGNED NOT NULL,
  `member_id` int(11) NOT NULL,
  `fullName` varchar(191) COLLATE utf8mb4_unicode_ci DEFAULT NULL,
  `avatar` varchar(191) COLLATE utf8mb4_unicode_ci DEFAULT NULL,
  `birthday` datetime DEFAULT NULL,
  `gender` tinyint(4) DEFAULT NULL,
  `touristGuideCode` varchar(191) COLLATE utf8mb4_unicode_ci DEFAULT NULL,
  `expirationDate` datetime DEFAULT NULL,
  `cmtCccd` varchar(191) COLLATE utf8mb4_unicode_ci DEFAULT NULL,
  `dateIssued` datetime DEFAULT NULL,
  `issuedBy` varchar(191) COLLATE utf8mb4_unicode_ci DEFAULT NULL,
  `permanentAddress` varchar(1024) COLLATE utf8mb4_unicode_ci DEFAULT NULL,
  `address` varchar(1024) COLLATE utf8mb4_unicode_ci DEFAULT NULL,
  `firstMobile` varchar(50) COLLATE utf8mb4_unicode_ci DEFAULT NULL,
  `secondMobile` varchar(50) COLLATE utf8mb4_unicode_ci DEFAULT NULL,
  `firstEmail` varchar(191) COLLATE utf8mb4_unicode_ci DEFAULT NULL,
  `secondEmail` varchar(191) COLLATE utf8mb4_unicode_ci DEFAULT NULL,
  `typeOfTravelGuide` tinyint(4) DEFAULT NULL,
  `typeOfPlace` tinyint(4) DEFAULT NULL,
  `experienceYear` int(11) DEFAULT NULL,
  `experienceLevel` tinyint(4) DEFAULT NULL,
  `otherSkills` text COLLATE utf8mb4_unicode_ci,
  `otherInformation` text COLLATE utf8mb4_unicode_ci,
  `touristGuideLevel` text COLLATE utf8mb4_unicode_ci,
  `achievements` text COLLATE utf8mb4_unicode_ci,
  `emailToken` varchar(191) COLLATE utf8mb4_unicode_ci DEFAULT NULL,
  `createdAt` timestamp NULL DEFAULT NULL,
  `updatedAt` timestamp NULL DEFAULT NULL,
  `province_code` tinyint(4) NOT NULL,
  `guideLanguage` tinyint(4) DEFAULT NULL,
  `inboundOutbound` tinyint(4) DEFAULT NULL,
  `province` int(4) DEFAULT NULL,
  `branchId_tmp` int(10) DEFAULT NULL,
  `degreeId_tmp` int(10) DEFAULT NULL,
  `majorId_tmp` int(10) DEFAULT NULL,
  `languageId_tmp` int(10) DEFAULT NULL,
  `levelId_tmp` int(10) DEFAULT NULL,
  `elementId_tmp` int(10) DEFAULT NULL,
  `typeGuideId_tmp` int(10) DEFAULT NULL,
  `groupSizeId_tmp` int(10) DEFAULT NULL
) ENGINE=InnoDB DEFAULT CHARSET=utf8mb4 COLLATE=utf8mb4_unicode_ci;

-- --------------------------------------------------------

--
-- Cấu trúc bảng cho bảng `member_decision_file`
--

CREATE TABLE `member_decision_file` (
  `id` int(10) NOT NULL,
  `memberId` int(10) UNSIGNED NOT NULL,
  `number_decisive` varchar(20) DEFAULT NULL,
  `leaderId` varchar(191) CHARACTER SET utf8mb4 DEFAULT NULL,
  `sign_date` date DEFAULT NULL,
  `fileId` int(10) DEFAULT NULL,
  `is_print` tinyint(4) DEFAULT NULL,
  `is_signed` tinyint(4) DEFAULT NULL,
  `createdAt` timestamp NULL DEFAULT NULL ON UPDATE CURRENT_TIMESTAMP,
  `updatedAt` timestamp NULL DEFAULT NULL ON UPDATE CURRENT_TIMESTAMP,
  `deleteAt` timestamp NULL DEFAULT NULL ON UPDATE CURRENT_TIMESTAMP,
  `is_delete` tinyint(4) DEFAULT '0'
) ENGINE=InnoDB DEFAULT CHARSET=latin1;

--
-- Đang đổ dữ liệu cho bảng `member_decision_file`
--

INSERT INTO `member_decision_file` (`id`, `memberId`, `number_decisive`, `leaderId`, `sign_date`, `fileId`, `is_print`, `is_signed`, `createdAt`, `updatedAt`, `deleteAt`, `is_delete`) VALUES
(5, 3, '123', '3', '2018-03-13', 210, 1, 1, '2018-03-13 04:21:59', '2018-03-13 04:21:59', '2018-03-13 04:21:59', 0),
(7, 6, '123', '3', '2018-03-13', 213, 1, 1, '2018-03-13 04:34:07', '2018-03-13 04:34:07', '2018-03-13 04:34:07', 0),
(8, 4, '123', '3', '2018-03-13', 212, 1, 1, '2018-03-13 04:33:53', '2018-03-13 04:33:53', '2018-03-13 04:33:53', 0),
(9, 2, '123', '3', '2018-03-13', 223, 1, 1, '2018-03-13 07:34:51', '2018-03-13 07:34:51', '2018-03-13 07:34:51', 0),
(10, 1, 'www', '3', '2018-03-15', 308, 1, 1, '2018-03-15 10:11:52', '2018-03-15 10:11:52', '2018-03-15 10:11:52', 0),
(11, 7, '123', '3', '2018-03-13', 224, 1, 1, '2018-03-13 07:35:31', '2018-03-13 07:35:31', '2018-03-13 07:35:31', 0),
(12, 8, '123', '4', '2018-03-13', 225, 1, 1, '2018-03-13 07:35:42', '2018-03-13 07:35:42', '2018-03-13 07:35:42', 0),
(13, 9, '123', '4', '2018-03-13', 226, 1, 1, '2018-03-13 07:35:53', '2018-03-13 07:35:53', '2018-03-13 07:35:53', 0),
(14, 10, '123', '3', '2018-03-06', 227, 1, 1, '2018-03-13 07:36:09', '2018-03-13 07:36:09', '2018-03-13 07:36:09', 0),
(15, 12, '123', '3', '2018-03-06', 228, 1, 1, '2018-03-13 07:36:22', '2018-03-13 07:36:22', '2018-03-13 07:36:22', 0),
(16, 13, '1', '3', '2018-03-13', 229, 1, 1, '2018-03-13 07:36:45', '2018-03-13 07:36:45', '2018-03-13 07:36:45', 0),
(17, 14, '123', '3', '2018-03-13', 230, 1, 1, '2018-03-13 07:49:11', '2018-03-13 07:49:11', '2018-03-13 07:49:11', 0),
(18, 5, '123', '3', '2018-03-13', 231, 1, 1, '2018-03-13 07:52:36', '2018-03-13 07:52:36', '2018-03-13 07:52:36', 0),
(19, 15, '123aa', '4', '2018-03-14', 259, 1, 1, '2018-03-14 07:54:30', '2018-03-14 07:54:30', '2018-03-14 07:54:30', 0),
(20, 17, '21', '4', '2018-03-14', 236, 1, 1, '2018-03-14 03:31:45', '2018-03-14 03:31:45', '2018-03-14 03:31:45', 0),
(24, 34, '888888', '4', '2018-03-14', 261, 1, 1, '2018-03-14 08:07:36', '2018-03-14 08:07:36', '2018-03-14 08:07:36', 0),
(25, 35, '123456', '4', '2018-03-14', 262, 1, 1, '2018-03-14 08:13:48', '2018-03-14 08:13:48', '2018-03-14 08:13:48', 0),
(26, 28, 'sdsad', '3', '2018-03-15', 294, 1, 1, '2018-03-15 09:11:35', '2018-03-15 09:11:35', '2018-03-15 09:11:35', 0),
(27, 27, 'sadasd', '3', '2018-03-15', 297, 1, 1, '2018-03-15 09:13:54', '2018-03-15 09:13:54', '2018-03-15 09:13:54', 0),
(29, 57, '123', '3', '2018-02-26', 304, 1, 1, '2018-03-15 09:47:05', '2018-03-15 09:47:05', '2018-03-15 09:47:05', 0),
(30, 18, '123', '3', '2018-03-15', 306, 1, 1, '2018-03-15 10:11:27', '2018-03-15 10:11:27', '2018-03-15 10:11:27', 0),
(31, 22, 'sad', '3', '2018-03-15', 305, 1, 1, '2018-03-15 10:09:40', '2018-03-15 10:09:40', '2018-03-15 10:09:40', 0),
(32, 36, 'dsfds', '3', '2018-03-15', 307, 1, 1, '2018-03-15 10:11:39', '2018-03-15 10:11:39', '2018-03-15 10:11:39', 0),
(33, 33, '234', '4', '2018-03-15', 309, 1, 1, '2018-03-15 10:12:18', '2018-03-15 10:12:18', '2018-03-15 10:12:18', 0),
(34, 24, '123', '3', '2018-03-15', 310, 1, 1, '2018-03-15 10:12:29', '2018-03-15 10:12:29', '2018-03-15 10:12:29', 0),
(35, 23, '345', '3', '2018-03-15', 311, 1, 1, '2018-03-15 10:12:40', '2018-03-15 10:12:40', '2018-03-15 10:12:40', 0),
(36, 59, 'Q157', '4', '2018-03-16', 317, 1, 1, '2018-03-16 02:56:09', '2018-03-16 02:56:09', '2018-03-16 02:56:09', 0),
(38, 37, '122', '3', '2018-03-16', 344, 1, 1, '2018-03-16 07:53:29', '2018-03-16 07:53:29', '2018-03-16 07:53:29', 0),
(39, 31, 'dfds', '3', '2018-03-16', 346, 1, 1, '2018-03-16 07:55:49', '2018-03-16 07:55:49', '2018-03-16 07:55:49', 0),
(41, 46, NULL, NULL, NULL, NULL, 1, NULL, '2018-03-16 08:20:03', '2018-03-16 08:20:03', NULL, 0),
(42, 38, NULL, NULL, NULL, NULL, 1, NULL, '2018-03-16 08:32:29', '2018-03-16 08:32:29', NULL, 0),
(43, 29, NULL, NULL, NULL, NULL, 1, NULL, '2018-03-16 09:07:11', '2018-03-16 09:07:11', NULL, 0);

-- --------------------------------------------------------

--
-- Cấu trúc bảng cho bảng `member_payments`
--

CREATE TABLE `member_payments` (
  `id` int(11) NOT NULL,
  `number_payment` varchar(100) NOT NULL,
  `date_payment` datetime NOT NULL,
  `is_delete` tinyint(4) DEFAULT NULL,
  `memberId` int(10) UNSIGNED NOT NULL,
  `currency` varchar(100) NOT NULL,
  `currency_type` varchar(10) NOT NULL,
  `payment_method` varchar(300) CHARACTER SET utf8mb4 COLLATE utf8mb4_unicode_ci DEFAULT NULL,
  `payment_content` varchar(300) CHARACTER SET utf8mb4 COLLATE utf8mb4_unicode_ci DEFAULT NULL,
  `note` varchar(200) CHARACTER SET utf8mb4 COLLATE utf8mb4_unicode_ci DEFAULT NULL,
  `createdAt` datetime NOT NULL DEFAULT CURRENT_TIMESTAMP ON UPDATE CURRENT_TIMESTAMP,
  `updatedAt` timestamp NULL DEFAULT NULL ON UPDATE CURRENT_TIMESTAMP,
  `deleteAt` timestamp NULL DEFAULT NULL ON UPDATE CURRENT_TIMESTAMP
) ENGINE=InnoDB DEFAULT CHARSET=latin1;

--
-- Đang đổ dữ liệu cho bảng `member_payments`
--

INSERT INTO `member_payments` (`id`, `number_payment`, `date_payment`, `is_delete`, `memberId`, `currency`, `currency_type`, `payment_method`, `payment_content`, `note`, `createdAt`, `updatedAt`, `deleteAt`) VALUES
(1, '111111118', '2018-03-13 00:00:00', 0, 4, '10023', 'vnd', 'payment', 'sdfsdf', 'sdfsdfsd', '2018-03-13 03:34:26', '2018-03-13 03:34:26', NULL),
(2, '100', '2018-03-13 00:00:00', 0, 6, '100', 'vnd', 'payment', 'sdfsdf', 'sdfsdf', '2018-03-13 03:36:07', '2018-03-13 03:36:07', NULL),
(3, 'sdf', '2018-03-01 00:00:00', 0, 3, '111', 'vnd', 'payment', 'ưerqw', 'qưerqwr', '2018-03-13 03:47:45', '2018-03-13 03:47:45', NULL),
(4, '12432432', '2018-03-13 00:00:00', 0, 9, '121323', 'vnd', 'payment', 'sdfsd', 'sdfsdf', '2018-03-13 07:26:45', '2018-03-13 07:26:45', NULL),
(5, '1223', '2018-03-13 00:00:00', 0, 14, '23234', 'vnd', 'payment', 'sdfdsf', NULL, '2018-03-13 07:27:31', '2018-03-13 07:27:31', NULL),
(6, '1213', '2018-03-13 00:00:00', 0, 10, '1213', 'vnd', 'payment', 'sdf', 'sdfsd', '2018-03-13 07:27:42', '2018-03-13 07:27:42', NULL),
(7, '123', '2018-03-13 00:00:00', 0, 12, '1213', 'vnd', 'payment', 'sdf', 'sdf', '2018-03-13 07:27:56', '2018-03-13 07:27:56', NULL),
(8, '23214243', '2018-03-13 00:00:00', 0, 13, '232434', 'vnd', 'payment', 'dsfdsf', 'sdfdsf', '2018-03-13 07:28:13', '2018-03-13 07:28:13', NULL),
(9, '23434343', '2018-03-13 00:00:00', 0, 8, '3434343', 'vnd', 'payment', 'sdfsdfdsf', NULL, '2018-03-13 07:28:44', '2018-03-13 07:28:44', NULL),
(10, 'UNC002', '2017-12-13 10:35:44', 0, 7, '500000', 'vnd', '1', 'Nộp tiền đăng ký hội viên', 'Nộp bổ sung do lần 1 nộp thiếu', '2018-03-16 10:35:44', '2018-03-16 10:35:44', '2018-03-16 10:35:44'),
(11, '1235', '2018-03-13 00:00:00', 0, 1, '1234', 'vnd', 'payment', 'sdfsdf', 'sdfsdf', '2018-03-13 07:33:03', '2018-03-13 07:33:03', NULL),
(12, '123', '2018-03-13 00:00:00', 0, 2, '123', 'vnd', 'payment', 'sdfsdf', 'sdfsdf', '2018-03-13 07:33:16', '2018-03-13 07:33:16', NULL),
(14, 'UNC001', '2017-12-12 10:35:44', 0, 5, '500000', 'vnd', '1', 'Nộp tiền đăng ký hội viên', '', '2018-03-16 10:35:44', '2018-03-16 10:35:44', '2018-03-16 10:35:44'),
(15, '1', '2018-03-14 00:00:00', 0, 17, '1000000', 'vnd', 'payment', 'Nộp tiền đăng ký gia nhập hội', 'OK', '2018-03-14 03:18:02', '2018-03-14 03:18:02', NULL),
(16, '2', '2018-03-14 00:00:00', 0, 34, '1000000', 'vnd', 'payment', 'th', NULL, '2018-03-14 04:41:42', '2018-03-14 04:41:42', NULL),
(17, '3', '2018-03-14 00:00:00', 0, 35, '1500000', 'vnd', 'payment', '0', NULL, '2018-03-14 04:42:29', '2018-03-14 04:42:29', NULL),
(18, '3', '2018-03-14 00:00:00', 0, 36, '3000', 'vnd', 'payment', '00', NULL, '2018-03-14 04:42:56', '2018-03-14 04:42:56', NULL),
(19, '4545', '2018-03-07 00:00:00', 0, 15, '45', 'vnd', 'payment', '54', '67', '2018-03-14 06:23:11', '2018-03-14 06:23:11', NULL),
(20, '111111111111111111111111111119', '2018-03-14 00:00:00', 0, 22, '-234234', 'vnd', 'payment', 'Nội dung nộp tiền Nội dung nộp tiềnNội dung nộp tiềnNội dung nộp tiềnNội dung nộp tiềnNội dung nộp tiềnNội dung nộp tiềnNội dung nộp tiềnNội dung nộp tiềnNội dung nộp tiềnNội dung nộp tiềnNội dung End', 'Ghi chú Ghi chú Ghi chú Ghi chú Ghi chú Ghi chú Ghi chú Ghi chú Ghi chú Ghi chú Ghi chú Ghi chú Ghi chú Ghi chú Ghi chú Ghi chú Ghi chú Ghi chú Ghi chú Ghi chú Ghi chú Ghi chú Ghi chú Ghi chú Ghi cEnd', '2018-03-14 08:10:14', '2018-03-14 08:10:14', NULL),
(23, '123456', '2018-03-12 00:00:00', 0, 33, '100', 'vnd', 'payment', 'Nội dung nộp tiền', 'Ghi chú', '2018-03-14 08:38:44', '2018-03-14 08:38:44', NULL),
(25, '1234', '2018-03-08 00:00:00', 0, 11, '5000000', 'vnd', 'payment', 'ádfasdfa', 'ádfsadfaf', '2018-03-14 09:41:26', '2018-03-14 09:41:26', NULL),
(26, '3233', '2018-03-06 00:00:00', 0, 18, '234234', 'vnd', 'payment', 'dfsdf', 'ádfa', '2018-03-14 10:08:44', '2018-03-14 10:08:44', NULL),
(27, '111111111111111111111111111111', '2018-03-14 00:00:00', 0, 23, '111111111', 'vnd', 'payment', '11111111111111111111111111111111111111111111111111111111111111111111111111111111111111111111111111111111111111111111111111111111111111111111111111111111111111111111111111111111111111111111111111111111', '11111111111111111111111111111111111111111111111111111111111111111111111111111111111111111111111111111111111111111111111111111111111111111111111111111111111111111111111111111111111111111111111111111111', '2018-03-14 11:40:13', '2018-03-14 11:40:13', NULL),
(28, '11111', '2018-03-07 00:00:00', 0, 24, '-1111111111', 'vnd', 'payment', 'ádadaf', 'âfafaf', '2018-03-14 11:43:06', '2018-03-14 11:43:06', NULL),
(29, '5445646', '2018-03-19 00:00:00', 0, 25, '2000000000', 'vnd', '1', 'Nộp tiền đăng ký hội viên65756756', NULL, '2018-03-19 01:57:27', '2018-03-19 01:57:27', '2018-03-19 01:57:27'),
(31, 'ABD123', '2018-03-07 00:00:00', 0, 27, '2343', 'vnd', 'payment', 'Nội dung nộp tiền', NULL, '2018-03-15 04:03:35', '2018-03-15 04:03:35', NULL),
(32, 'aaaaa', '2018-03-15 00:00:00', 0, 28, '1111121212', 'vnd', 'payment', 'ládlkajdklajdlksajd', NULL, '2018-03-15 06:32:42', '2018-03-15 06:32:42', NULL),
(33, 'sdsds', '2018-03-01 00:00:00', 0, 57, '123', 'vnd', 'payment', 'dsfsd', 'sdfsd', '2018-03-15 09:46:15', '2018-03-15 09:46:15', NULL),
(34, 'lajldjaljfdlka', '2018-03-11 00:00:00', 0, 29, '111', 'vnd', 'payment', '1212121sdfafdafafafafaf1212121sdfafdafafafafaf1212121sdfafdafafafafaf1212121sdfafdafafafafaf1212121sdfafdafafafafaf1212121sdfafdafafafafaf1212121sdfafdafafafafaf1212121sdfafdafafafafaf1212121sdfafdafa', '212123 sad âd', '2018-03-19 02:58:35', '2018-03-19 02:58:35', '2018-03-19 02:58:35'),
(35, 'CT157', '2018-03-16 00:00:00', 0, 59, '1000000', 'vnd', 'payment', 'thanh toán lệ phí', 'fdsfd', '2018-03-16 02:46:18', '2018-03-16 02:46:18', NULL),
(37, '123', '2018-03-16 00:00:00', 0, 31, '123', 'vnd', 'payment', '<script> alert(1) </script>\nhoặc: <script>alert(“XSS”)</script> \n<script> alert(1) </script>\nhoặc: <script>alert(“XSS”)</script> \n<script> alert(1) </script>\nhoặc: <script>alert(“XSS”)</script> \n<scri', '<script> alert(1) </script>\nhoặc: <script>alert(“XSS”)</script> \n<script> alert(1) </script>\nhoặc: <script>alert(“XSS”)</script> \n<script> alert(1) </script>\nhoặc: <script>alert(“XSS”)</script> \n<scri', '2018-03-16 04:22:54', '2018-03-16 04:22:54', NULL),
(39, '-----///////', '2018-03-16 00:00:00', 0, 46, '1133', 'vnd', 'payment', 'sadsadsa', 'sdasd', '2018-03-16 04:27:10', '2018-03-16 04:27:10', NULL),
(42, '123', '2018-03-16 00:00:00', 0, 38, '00000000000000000000000000000000000000000000000000', 'vnd', 'payment', 'dsfdsfdsfds', NULL, '2018-03-16 07:07:43', '2018-03-16 07:07:43', NULL),
(43, '123', '2018-03-16 00:00:00', 0, 49, '234', 'vnd', 'payment', 'fđfg', NULL, '2018-03-16 07:18:24', '2018-03-16 07:18:24', NULL),
(45, '123', '2018-03-16 00:00:00', 0, 44, '123', 'vnd', 'payment', '&#x3C;&#x73;&#x63;&#x72;&#x69;&#x70;&#x74;&#x3E;&#x20;&#x61;&#x6C;&#x65;&#x72;&#x74;&#x28;&#x22;&#x74;&#x65;&#x73;&#x74;&#x22;&#x29;&#x20;&#x3C;&#x2F;&#x73;&#x63;&#x72;&#x69;&#x70;&#x74;&#x3E;', '\' + (SELECT\nTOP 1 FieldName FROM TableName) + \'', '2018-03-16 07:38:06', '2018-03-16 07:38:06', '2018-03-16 07:38:06'),
(46, 'adb234123412', '2018-03-06 00:00:00', 0, 37, '234444', 'vnd', 'payment', 'ffffffsdfsadfadsffffffsdfsadfadsffffffsdfsadfadsffffffsdfsadfadsffffffsdfsadfadsffffffsdfsadfadsffffffsdfsadfadsffffffsdfsadfadsffffffsdfsadfadsffffffsdfsadfadsffffffsdfsadfadsffffffsdfsadfadsffffffsd', 'ffffffsdfsadfadsffffffsdfsadfadsffffffsdfsadfadsffffffsdfsadfadsffffffsdfsadfadsffffffsdfsadfadsffffffsdfsadfadsffffffsdfsadfadsffffffsdfsadfadsffffffsdfsadfadsffffffsdfsadfadsffffffsdfsadfadsffffffsd', '2018-03-19 02:58:22', '2018-03-19 02:58:22', '2018-03-19 02:58:22'),
(47, 'eeeeeeeeeeeeeeeeeeeeeeeeeeeend', '2018-03-01 00:00:00', 0, 71, '12345678', 'vnd', 'payment', 'Nội dung nộp tiềnNội dung nộp tiềnNội dung nộp tiềnNội dung nộp tiềnNội dung nộp tiềnNội dung nộp tiềnNội dung nộp tiềnNội dung nộp tiềnNội dung nộp tiềnNội dung nộp tiềnNội dung nộp tiềnNội dung nEnd', 'Ghi chúGhi chúGhi chúGhi chúGhi chúGhi chúGhi chúGhi chúGhi chúGhi chúGhi chúGhi chúGhi chúGhi chúGhi chúGhi chúGhi chúGhi chúGhi chúGhi chúGhi chúGhi chúGhi chúGhi chúGhi chúGhi chúGhi chúGhi chúGEnđ', '2018-03-16 08:07:08', '2018-03-16 08:07:08', '2018-03-16 08:07:08'),
(49, 'sdfsadf', '2018-03-06 00:00:00', 0, 42, '42342', 'vnd', 'payment', 'sdfsd', 'sdf', '2018-03-16 10:32:09', '2018-03-16 10:32:09', NULL),
(50, '123fdsfd', '2018-03-16 00:00:00', 0, 48, '1234', 'vnd', 'payment', 'dss', NULL, '2018-03-19 02:58:46', '2018-03-19 02:58:46', '2018-03-19 02:58:46'),
(52, 'aabbcc#!@#!', '2018-03-19 02:45:08', NULL, 43, '200000000', 'vnd', '1', 'Nộp tiền', 'Nt', '2018-03-19 02:45:08', '2018-03-19 02:45:08', '2018-03-19 02:45:08'),
(54, 'aabbcc#!@#!', '2018-03-19 03:31:56', NULL, 32, '200000000', 'vnd', '1', 'Nộp tiền', 'Nt', '2018-03-19 03:31:56', '2018-03-19 03:31:56', NULL),
(55, '54654', '2018-03-19 00:00:00', 0, 45, '0', 'vnd', 'payment', '56756', NULL, '2018-03-19 03:50:19', '2018-03-19 03:50:19', NULL);

-- --------------------------------------------------------

--
-- Cấu trúc bảng cho bảng `migrations`
--

CREATE TABLE `migrations` (
  `id` int(10) UNSIGNED NOT NULL,
  `migration` varchar(191) COLLATE utf8mb4_unicode_ci NOT NULL,
  `batch` int(11) NOT NULL
) ENGINE=InnoDB DEFAULT CHARSET=utf8mb4 COLLATE=utf8mb4_unicode_ci;

--
-- Đang đổ dữ liệu cho bảng `migrations`
--

INSERT INTO `migrations` (`id`, `migration`, `batch`) VALUES
(1, '2014_10_12_000000_create_users_table', 1),
(2, '2014_10_12_100000_create_password_resets_table', 1),
(3, '2017_11_27_000000_create_files_table', 1),
(4, '2017_11_28_000000_create_members_table', 1),
(5, '2017_11_28_000001_create_educationBranches_table', 1),
(6, '2017_11_28_000002_create_educationDegrees_table', 1),
(7, '2017_11_28_000003_create_educations_table', 1),
(8, '2017_11_28_000004_create_languages_table', 1),
(9, '2017_11_28_000005_create_languageLevels_table', 1),
(10, '2017_11_28_000006_create_languageSkills_table', 1),
(11, '2017_11_28_000007_create_works_table', 1),
(12, '2017_11_28_000008_create_workHistory_table', 1),
(13, '2017_11_28_000009_create_typeGuides_table', 1),
(14, '2017_11_28_000010_create_groupSizes_table', 1),
(15, '2017_11_28_000011_create_elements_table', 1),
(16, '2017_11_28_000012_create_majors_table', 1),
(17, '2017_11_28_000013_create_majorSkills_table', 1),
(18, '2017_11_28_000014_create_majorSkillFiles_table', 1),
(19, '2017_11_28_000015_create_achievementFiles_table', 1),
(20, '2017_12_24_071226_create_notes_table', 1),
(21, '2018_02_27_161019_create_jobs_table', 2),
(22, '2018_02_27_170752_create_failed_jobs_table', 2),
(23, '2018_03_06_034605_add_column_to_members_table', 3);

-- --------------------------------------------------------

--
-- Cấu trúc bảng cho bảng `notes`
--

CREATE TABLE `notes` (
  `id` int(11) NOT NULL,
  `member_id` int(11) DEFAULT NULL,
  `user_id` int(11) DEFAULT NULL,
  `note` varchar(255) DEFAULT NULL,
  `created_at` timestamp NULL DEFAULT NULL ON UPDATE CURRENT_TIMESTAMP,
  `updated_at` timestamp NULL DEFAULT NULL ON UPDATE CURRENT_TIMESTAMP,
  `function_type` int(11) DEFAULT NULL COMMENT '1: thẩm định 2: phê duyệt',
  `action_type` int(11) NOT NULL
) ENGINE=InnoDB DEFAULT CHARSET=utf8;

--
-- Đang đổ dữ liệu cho bảng `notes`
--

INSERT INTO `notes` (`id`, `member_id`, `user_id`, `note`, `created_at`, `updated_at`, `function_type`, `action_type`) VALUES
(1, 1, 43, 'Từ chối thẩm định lần 1', '2018-03-13 03:58:13', '2018-03-13 03:58:13', 1, 0),
(2, 1, 43, 'Yêu cầu bổ sung lần 1', '2018-03-13 04:27:33', '2018-03-13 04:27:33', 1, 0),
(3, 1, 43, 'từ chối lần 2', '2018-03-13 04:29:14', '2018-03-13 04:29:14', 1, 0),
(4, 2, 43, 'Yêu cầu bổ sung 1', '2018-03-13 04:36:33', '2018-03-13 04:36:33', 1, 0),
(5, 5, 43, 'Từ chối lần 1', '2018-03-13 04:36:47', '2018-03-13 04:36:47', 1, 0),
(6, 7, 43, 'Từ chối lần 1', '2018-03-13 04:37:15', '2018-03-13 04:37:15', 1, 0),
(7, 2, 43, 'từ chối lần 1', '2018-03-13 04:42:23', '2018-03-13 04:42:23', 1, 0),
(8, 1, 44, 'Từ chối lần 1', '2018-03-13 06:51:04', '2018-03-13 06:51:04', 2, 0),
(9, 1, 44, 'Yêu cầu bổ sung phê duyệt 1', '2018-03-13 06:53:00', '2018-03-13 06:53:00', 2, 0),
(10, 1, 44, 'Từ chối lần 2', '2018-03-13 06:57:28', '2018-03-13 06:57:28', 2, 0),
(11, 1, 44, 'Yêu cầu bổ sung lần 3', '2018-03-13 06:57:45', '2018-03-13 06:57:45', 2, 0),
(12, 11, 43, 'yêu cầu bổ sung 1', '2018-03-13 07:02:09', '2018-03-13 07:02:09', 1, 0),
(13, 11, 43, 'Từ chối lần 1', '2018-03-13 09:10:32', '2018-03-13 09:10:32', 1, 0),
(14, 11, 43, 'Yêu cầu bổ sung lần 2', '2018-03-13 09:10:53', '2018-03-13 09:10:53', 1, 0),
(15, 11, 43, 'Từ chối lần 2Từ chối lần 2Từ chối lần 2Từ chối lần 2Từ chối lần 2Từ chối lần 2Từ chối lần 2Từ chối lần 2Từ chối lần 2Từ chối lần 2Từ chối lần 2Từ chối lần 2Từ chối lần 2Từ chối lần 2Từ chối lần 2TừEnd', '2018-03-13 09:13:43', '2018-03-13 09:13:43', 1, 0),
(16, 11, 43, 'Yêu cầu bổ sung 3Yêu cầu bổ sung 3Yêu cầu bổ sung 3Yêu cầu bổ sung 3Yêu cầu bổ sung 3Yêu cầu bổ sung 3Yêu cầu bổ sung 3Yêu cầu bổ sung 3Yêu cầu bổ sung 3Yêu cầu bổ sung 3Yêu cầu bổ sung 3Yêu cầu bổ su', '2018-03-13 09:14:00', '2018-03-13 09:14:00', 1, 0),
(17, 11, 43, 'Yêu cầu bổ sung 3Yêu cầu bổ sung 3Yêu cầu bổ sung 3Yêu cầu bổ sung 3Yêu cầu bổ sung 3Yêu cầu bổ sung 3Yêu cầu bổ sung 3Yêu cầu bổ sung 3Yêu cầu bổ sung 3Yêu cầu bổ sung 3Yêu cầu bổ sung 3Yêu cầu bổEnđ', '2018-03-13 09:14:27', '2018-03-13 09:14:27', 1, 0),
(18, 11, 43, 'Yêu cầu bổ sung 3Yêu cầu bổ sung 3Yêu cầu bổ sung 3Yêu cầu bổ sung 3Yêu cầu bổ sung 3Yêu cầu bổ sung 3Yêu cầu bổ sung 3Yêu cầu bổ sung 3Yêu cầu bổ sung 3Yêu cầu bổ sung 3Yêu cầu bổ sung 3Yêu cầu bổEnđ', '2018-03-13 09:37:37', '2018-03-13 09:37:37', 1, 0),
(19, 11, 43, 'Hồ sơ đã được thẩm định', '2018-03-13 09:37:43', '2018-03-13 09:37:43', 1, 0),
(20, 16, 17, 'alaklfkljfkalf', '2018-03-13 15:31:11', '2018-03-13 15:31:11', 1, 2),
(21, 17, 43, 'Hồ sơ đã được thẩm định', '2018-03-14 02:54:47', '2018-03-14 02:54:47', 1, 3),
(22, 17, 44, 'thiếu hồ sơ', '2018-03-14 03:02:21', '2018-03-14 03:02:21', 2, 8),
(23, 17, 44, 'Hồ sơ đã được phê duyệt', '2018-03-14 03:04:01', '2018-03-14 03:04:01', 2, 4),
(24, 22, 43, 'Hồ sơ đã được thẩm định', '2018-03-14 03:51:56', '2018-03-14 03:51:56', 1, 3),
(25, 22, 44, 'Hồ sơ đã được phê duyệt', '2018-03-14 03:55:27', '2018-03-14 03:55:27', 2, 4),
(26, 34, 43, 'Hồ sơ đã được thẩm định', '2018-03-14 04:29:26', '2018-03-14 04:29:26', 1, 3),
(27, 35, 43, 'Hồ sơ đã được thẩm định', '2018-03-14 04:29:38', '2018-03-14 04:29:38', 1, 3),
(28, 36, 43, 'Hồ sơ đã được thẩm định', '2018-03-14 04:29:45', '2018-03-14 04:29:45', 1, 3),
(29, 34, 44, 'd', '2018-03-14 04:30:26', '2018-03-14 04:30:26', 2, 8),
(30, 35, 44, 'c', '2018-03-14 04:30:34', '2018-03-14 04:30:34', 2, 8),
(31, 36, 44, 'Hồ sơ đã được phê duyệt', '2018-03-14 04:31:04', '2018-03-14 04:31:04', 2, 4),
(32, 34, 44, 'Hồ sơ đã được phê duyệt', '2018-03-14 04:31:24', '2018-03-14 04:31:24', 2, 4),
(33, 35, 44, 'Hồ sơ đã được phê duyệt', '2018-03-14 04:31:40', '2018-03-14 04:31:40', 2, 4),
(34, 31, 59, 'Hồ sơ đã được thẩm định', '2018-03-14 04:32:26', '2018-03-14 04:32:26', 1, 3),
(35, 29, 59, 'Hồ sơ đã được thẩm định', '2018-03-14 04:33:07', '2018-03-14 04:33:07', 1, 3),
(36, 28, 59, 'Hồ sơ đã được thẩm định', '2018-03-14 04:33:45', '2018-03-14 04:33:45', 1, 3),
(37, 27, 59, 'Hồ sơ đã được thẩm định', '2018-03-14 04:34:16', '2018-03-14 04:34:16', 1, 3),
(38, 25, 59, 'Hồ sơ đã được thẩm định', '2018-03-14 04:34:57', '2018-03-14 04:34:57', 1, 3),
(39, 24, 59, 'dfsdfsdfsdf', '2018-03-14 04:43:24', '2018-03-14 04:43:24', 1, 7),
(40, 33, 1, 'Từ chối thẩm địnhTừ chối thẩm địnhTừ chối thẩm địnhTừ chối thẩm địnhTừ chối thẩm địnhTừ chối thẩm địnhTừ chối thẩm địnhTừ chối thẩm địnhTừ chối thẩm địnhTừ chối thẩm địnhTừ chối thẩm địnhTừ chối thEnd', '2018-03-14 07:25:30', '2018-03-14 07:25:30', 1, 7),
(41, 33, 43, 'Yêu cầu bổ sung Yêu cầu bổ sung Yêu cầu bổ sung Yêu cầu bổ sung Yêu cầu bổ sung Yêu cầu bổ sung Yêu cầu bổ sung Yêu cầu bổ sung Yêu cầu bổ sung Yêu cầu bổ sung Yêu cầu bổ sung Yêu cầu bổ sung Yêu cEnđ', '2018-03-11 06:40:26', '2018-03-14 07:21:04', 1, 2),
(42, 32, 43, 'Từ chối thẩm định', '2018-03-14 06:41:42', '2018-03-14 06:41:42', 1, 7),
(43, 32, 43, 'Yêu cầu bổ sung lần 2', '2018-03-14 06:43:34', '2018-03-14 06:43:34', 1, 2),
(44, 30, 43, 'Từ chối thẩm định lần 1', '2018-03-14 06:44:31', '2018-03-14 06:44:31', 1, 7),
(45, 23, 59, 'Hồ sơ đã được thẩm định', '2018-03-14 06:59:11', '2018-03-14 06:59:11', 1, 3),
(46, 18, 59, 'dfdsfsdfsdfsd', '2018-03-14 07:00:03', '2018-03-14 07:00:03', 1, 2),
(47, 33, 43, 'Từ chối lần 2', '2018-03-09 07:06:44', '2018-03-14 07:22:10', 1, 7),
(48, 32, 43, 'Từ chối lần 2', '2018-03-14 07:06:59', '2018-03-14 07:06:59', 1, 7),
(49, 30, 43, 'từ chối lần 2', '2018-03-14 07:07:16', '2018-03-14 07:07:16', 1, 7),
(50, 26, 43, 'Từ chối lần 2', '2018-03-14 07:07:28', '2018-03-14 07:07:28', 1, 7),
(51, 19, 59, 'Hồ sơ đã được thẩm định', '2018-03-14 07:20:39', '2018-03-14 07:20:39', 1, 3),
(52, 33, 43, 'Yêu cầu bổ sung 2', '2018-03-12 07:22:44', '2018-03-14 07:23:14', 1, 2),
(53, 33, 43, 'Hồ sơ đã được thẩm định', '2018-03-13 07:23:46', '2018-03-14 07:34:26', 1, 3),
(54, 32, 43, 'Yêu cầu bổ sung 3', '2018-03-14 07:34:11', '2018-03-14 07:34:11', 1, 2),
(55, 24, 59, 'Hồ sơ đã được thẩm định', '2018-03-14 07:35:14', '2018-03-14 07:35:14', 1, 3),
(56, 18, 59, 'Hồ sơ đã được thẩm định', '2018-03-14 07:35:31', '2018-03-14 07:35:31', 1, 3),
(57, 33, 44, 'Từ chối phê duyệt lần 1', '2018-03-07 07:38:32', '2018-03-14 07:39:49', 2, 8),
(58, 33, 44, 'Yêu cầu bổ sung phê duyệt lần 1', '2018-03-08 07:44:48', '2018-03-14 07:45:28', 2, 2),
(59, 33, 44, 'Hồ sơ đã được phê duyệt', '2018-03-14 07:45:44', '2018-03-14 07:45:44', 2, 4),
(60, 19, 60, 'dsfsdgfsdgsdfsdfsdfsdfsdf', '2018-03-14 08:27:18', '2018-03-14 08:27:18', 2, 2),
(61, 19, 60, 'lần 2', '2018-03-14 08:27:50', '2018-03-14 08:27:50', 2, 2),
(62, 19, 60, 'lần 3', '2018-03-14 08:28:38', '2018-03-14 08:28:38', 2, 8),
(63, 19, 60, 'lần 4', '2018-03-14 08:28:52', '2018-03-14 08:28:52', 2, 2),
(64, 19, 60, 'Hồ sơ đã được phê duyệt', '2018-03-14 08:29:07', '2018-03-14 08:29:07', 2, 4),
(65, 11, 44, 'Đồng ý phê duyệt', '2018-03-14 08:47:01', '2018-03-14 08:47:01', 2, 4),
(66, 31, 44, 'Đồng ý phê duyệt', '2018-03-14 08:47:14', '2018-03-14 08:47:14', 2, 4),
(67, 29, 44, 'Đồng ý phê duyệt', '2018-03-14 08:48:05', '2018-03-14 08:48:05', 2, 4),
(68, 28, 44, 'Đồng ý phê duyệt', '2018-03-14 08:48:18', '2018-03-14 08:48:18', 2, 4),
(69, 27, 44, 'Đồng ý phê duyệt', '2018-03-14 08:48:29', '2018-03-14 08:48:29', 2, 4),
(70, 25, 44, 'Đồng ý phê duyệt', '2018-03-14 08:48:41', '2018-03-14 08:48:41', 2, 4),
(71, 24, 44, 'Đồng ý phê duyệt', '2018-03-14 08:49:05', '2018-03-14 08:49:05', 2, 4),
(72, 23, 44, 'Đồng ý phê duyệt', '2018-03-14 08:49:18', '2018-03-14 08:49:18', 2, 4),
(73, 18, 44, 'Đồng ý phê duyệt', '2018-03-14 08:49:28', '2018-03-14 08:49:28', 2, 4),
(74, 1, 17, 'Đồng ý phê duyệt', '2018-03-14 10:26:59', '2018-03-14 10:26:59', 2, 4),
(75, 37, 43, 'Đồng ý thẩm định', '2018-03-14 10:30:52', '2018-03-14 10:30:52', 1, 3),
(76, 38, 59, 'Đồng ý thẩm định', '2018-03-14 10:32:08', '2018-03-14 10:32:08', 1, 3),
(77, 37, 44, 'Đồng ý phê duyệt', '2018-03-14 10:32:12', '2018-03-14 10:32:12', 2, 4),
(78, 21, 59, 'Đồng ý thẩm định', '2018-03-14 10:32:18', '2018-03-14 10:32:18', 1, 3),
(79, 21, 44, 'sdfasdfa', '2018-03-15 03:00:18', '2018-03-15 03:00:18', 2, 2),
(80, 21, 44, 'sdfasdfasf', '2018-03-15 03:00:31', '2018-03-15 03:00:31', 2, 8),
(81, 21, 44, 'sdfasdfasf\r\nsdfasf', '2018-03-15 03:00:39', '2018-03-15 03:00:39', 2, 2),
(82, 21, 44, 'ssd', '2018-03-15 03:00:45', '2018-03-15 03:00:45', 2, 8),
(83, 21, 44, 'yeu cau bo sung', '2018-03-15 03:35:48', '2018-03-15 03:35:48', 2, 2),
(84, 21, 44, 'yeu cau bo sung', '2018-03-15 03:37:09', '2018-03-15 03:37:09', 2, 8),
(85, 40, 43, 'yêu cầu bổ sung hồ sơ', '2018-03-15 04:42:56', '2018-03-15 04:42:56', 1, 2),
(86, 49, 17, 'jajaja', '2018-03-08 06:54:40', '2018-03-15 07:32:17', 1, 2),
(87, 49, 43, 'Từ chối 1', '2018-03-09 06:58:49', '2018-03-15 07:32:25', 1, 7),
(88, 43, 59, 'bổ sung 1', '2018-03-15 07:07:21', '2018-03-15 07:07:21', 1, 2),
(89, 41, 10, 'yeu cau bo sung lan 1', '2018-03-15 07:22:50', '2018-03-15 07:22:50', 1, 2),
(90, 41, 10, 'tu choi lan 1', '2018-03-15 07:25:55', '2018-03-15 07:25:55', 1, 7),
(91, 49, 43, 'Yêu cầu bổ sung 2', '2018-03-10 07:29:19', '2018-03-15 07:32:32', 1, 2),
(92, 43, 59, 'Đồng ý thẩm định', '2018-03-15 07:31:15', '2018-03-15 07:31:15', 1, 3),
(93, 44, 59, 'Đồng ý thẩm định', '2018-03-15 07:31:34', '2018-03-15 07:31:34', 1, 3),
(94, 46, 59, 'Đồng ý thẩm định', '2018-03-15 07:31:44', '2018-03-15 07:31:44', 1, 3),
(95, 53, 17, 'aaaaaaa', '2018-03-15 07:34:57', '2018-03-15 07:34:57', 1, 2),
(96, 49, 43, 'Từ chối 2', '2018-03-11 07:35:44', '2018-03-15 07:38:33', 1, 7),
(97, 54, 17, 'ssssss', '2018-03-15 07:38:49', '2018-03-15 07:38:49', 1, 7),
(98, 52, 43, 'Đồng ý thẩm định', '2018-03-15 07:42:04', '2018-03-15 07:42:04', 1, 3),
(99, 41, 43, 'Đồng ý thẩm định', '2018-03-15 07:42:44', '2018-03-15 07:42:44', 1, 3),
(100, 48, 43, 'Từ chối lần 1', '2018-03-15 08:06:35', '2018-03-15 08:06:35', 1, 7),
(101, 48, 43, 'Yêu cầu bổ xung lần 1', '2018-03-15 08:55:10', '2018-03-15 08:55:10', 1, 2),
(102, 45, 43, 'từ chối lần 1', '2018-03-15 08:57:02', '2018-03-15 08:57:02', 1, 7),
(103, 52, 17, 'Yêu cầu bổ sung hồ sơ từ Hà', '2018-03-15 09:14:40', '2018-03-15 09:14:40', 2, 2),
(104, 42, 43, 'từ chối thẩm định lần 1', '2018-03-15 09:20:50', '2018-03-15 09:20:50', 1, 7),
(105, 49, 43, 'Đồng ý thẩm định', '2018-03-02 09:22:33', '2018-03-15 09:58:02', 1, 3),
(106, 48, 43, 'Đồng ý thẩm định', '2018-03-15 09:27:01', '2018-03-15 09:27:01', 1, 3),
(107, 45, 43, 'Đồng ý thẩm định', '2018-03-15 09:27:18', '2018-03-15 09:27:18', 1, 3),
(108, 42, 43, 'Đồng ý thẩm định', '2018-03-15 09:27:31', '2018-03-15 09:27:31', 1, 3),
(109, 32, 59, 'Đồng ý thẩm định', '2018-03-15 09:31:01', '2018-03-15 09:31:01', 1, 3),
(110, 30, 59, 'từ chối', '2018-03-15 09:32:44', '2018-03-15 09:32:44', 1, 7),
(111, 30, 43, 'Đồng ý thẩm định', '2018-03-15 09:32:45', '2018-03-15 09:32:45', 1, 3),
(112, 26, 59, 'Đồng ý thẩm định', '2018-03-15 09:33:43', '2018-03-15 09:33:43', 1, 3),
(113, 26, 43, 'Từ chối lần 2', '2018-03-15 09:33:43', '2018-03-15 09:33:43', 1, 2),
(114, 26, 43, 'Từ chối lần 2', '2018-03-15 09:36:07', '2018-03-15 09:36:07', 1, 2),
(115, 26, 43, 'bổ sung lần 3', '2018-03-15 09:36:47', '2018-03-15 09:36:47', 1, 2),
(116, 57, 59, 'Đồng ý thẩm định', '2018-03-15 09:37:57', '2018-03-15 09:37:57', 1, 3),
(117, 55, 59, 'Đồng ý thẩm định', '2018-03-15 09:40:59', '2018-03-15 09:40:59', 1, 3),
(118, 55, 60, 'dgrtfrtfr', '2018-03-15 09:44:08', '2018-03-15 09:44:08', 2, 8),
(119, 55, 60, '87897987', '2018-03-15 09:44:29', '2018-03-15 09:44:29', 2, 2),
(120, 57, 60, 'Đồng ý phê duyệt', '2018-03-15 09:45:45', '2018-03-15 09:45:45', 2, 4),
(121, 49, 44, 'Từ chối thẩm định 1', '2018-03-01 10:07:32', '2018-03-15 10:09:25', 2, 8),
(122, 49, 44, 'yêu cầu bổ sung lần 1', '2018-03-16 02:28:25', '2018-03-16 02:28:25', 2, 22),
(123, 59, 43, '', '2018-03-16 02:31:12', '2018-03-16 02:31:12', 1, 3),
(124, 49, 44, 'từ chối lần 2', '2018-03-16 02:31:20', '2018-03-16 02:31:20', 2, 8),
(125, 49, 44, 'yêu cầu bổ sung lần 2', '2018-03-16 02:31:46', '2018-03-16 02:31:46', 2, 22),
(126, 49, 44, 'từ chối lần 3', '2018-03-16 02:32:10', '2018-03-16 02:32:10', 2, 8),
(127, 49, 44, 'bổ sung thông tin lần 3', '2018-03-16 02:34:03', '2018-03-16 02:34:03', 2, 22),
(128, 42, 44, 'yêu cầu bổ sung', '2018-03-16 02:35:08', '2018-03-16 02:35:08', 2, 22),
(129, 59, 44, '', '2018-03-16 02:35:54', '2018-03-16 02:35:54', 2, 4),
(130, 49, 44, '', '2018-03-16 02:39:13', '2018-03-16 02:39:13', 2, 4),
(131, 42, 44, '', '2018-03-16 02:39:46', '2018-03-16 02:39:46', 2, 4),
(132, 48, 44, '', '2018-03-16 02:41:41', '2018-03-16 02:41:41', 2, 4),
(133, 32, 44, '', '2018-03-16 02:41:55', '2018-03-16 02:41:55', 2, 4),
(134, 45, 44, '', '2018-03-16 02:43:42', '2018-03-16 02:43:42', 2, 4),
(135, 60, 59, 'bổ sung lần 1', '2018-03-16 02:44:35', '2018-03-16 02:44:35', 1, 2),
(136, 30, 44, 'vsdfs', '2018-03-16 03:10:16', '2018-03-16 03:10:16', 2, 22),
(137, 51, 43, 'xcvzxv', '2018-03-16 03:19:13', '2018-03-16 03:19:13', 1, 7),
(138, 54, 43, 'dfasdfsd', '2018-03-16 03:19:37', '2018-03-16 03:19:37', 1, 7),
(139, 54, 43, 'dfasdfsd\r\nsdfsdf', '2018-03-16 03:20:11', '2018-03-16 03:20:11', 1, 2),
(140, 54, 43, '', '2018-03-16 03:20:32', '2018-03-16 03:20:32', 1, 3),
(141, 46, 60, '', '2018-03-16 03:47:36', '2018-03-16 03:47:36', 2, 4),
(142, 44, 60, '', '2018-03-16 03:47:55', '2018-03-16 03:47:55', 2, 4),
(143, 43, 60, '', '2018-03-16 03:48:31', '2018-03-16 03:48:31', 2, 4),
(144, 54, 60, '', '2018-03-16 03:52:49', '2018-03-16 03:52:49', 2, 4),
(145, 38, 60, '', '2018-03-16 03:53:14', '2018-03-16 03:53:14', 2, 4),
(146, 61, 43, '!@@$$^*(*)()\r\nboor sung', '2018-03-16 04:03:18', '2018-03-16 04:03:18', 1, 2),
(147, 62, 17, 'Yeeu caau bo sung abce x', '2018-03-16 04:16:55', '2018-03-16 04:16:55', 1, 2),
(148, 62, 17, 'What is Lorem Ipsum?\r\nLorem Ipsum is simply dummy text of the printing and typesetting industry. Lorem Ipsum has been the industry\'s standard dummy text ever since the 1500s, when an unknown printer to', '2018-03-16 04:19:07', '2018-03-16 04:19:07', 1, 7),
(149, 53, 17, 'Yêu cầu bổ sung, check mail', '2018-03-16 04:29:57', '2018-03-16 04:29:57', 1, 2),
(150, 71, 43, 'ádaas', '2018-03-16 07:00:18', '2018-03-16 07:00:18', 1, 7),
(151, 65, 43, '', '2018-03-16 07:21:07', '2018-03-16 07:21:07', 1, 3),
(152, 65, 44, '', '2018-03-16 07:21:27', '2018-03-16 07:21:27', 2, 4),
(153, 71, 43, '', '2018-03-16 08:00:09', '2018-03-16 08:00:09', 1, 3),
(154, 71, 44, '', '2018-03-16 08:00:40', '2018-03-16 08:00:40', 2, 4),
(155, 77, 43, 'từ chối', '2018-03-16 08:20:05', '2018-03-16 08:20:05', 1, 7),
(156, 70, 43, 'từ chối', '2018-03-16 08:30:01', '2018-03-16 08:30:01', 1, 7),
(157, 67, 43, 'từ chối', '2018-03-16 08:30:20', '2018-03-16 08:30:20', 1, 7),
(158, 66, 43, 'từ', '2018-03-16 08:30:36', '2018-03-16 08:30:36', 1, 7),
(159, 70, 43, 'yêu cầu bổ sung', '2018-03-16 08:33:08', '2018-03-16 08:33:08', 1, 2),
(160, 67, 43, 'yêu cầu bổ sung', '2018-03-16 08:33:27', '2018-03-16 08:33:27', 1, 2),
(161, 66, 43, 'yêu cầu bổ sung', '2018-03-16 08:33:42', '2018-03-16 08:33:42', 1, 2),
(162, 16, 24, 'asssssssssssss', '2018-03-16 08:38:19', '2018-03-16 08:38:19', 1, 2),
(163, 79, 59, 'từ chối lần 1', '2018-03-16 09:20:45', '2018-03-16 09:20:45', 1, 7),
(164, 79, 59, 'bổ sung lần 1', '2018-03-16 09:22:09', '2018-03-16 09:22:09', 1, 2),
(165, 79, 59, 'bổ sung lần 2', '2018-03-16 09:27:13', '2018-03-16 09:27:13', 1, 2),
(166, 79, 59, 'bổ sung lần 3', '2018-03-16 09:49:08', '2018-03-16 09:49:08', 1, 2),
(167, 79, 59, 'bổ sung lần 4', '2018-03-16 09:58:12', '2018-03-16 09:58:12', 1, 2),
(168, 79, 59, 'bổ sung lần 5', '2018-03-16 10:06:48', '2018-03-16 10:06:48', 1, 2),
(169, 80, 59, '', '2018-03-16 10:38:24', '2018-03-16 10:38:24', 1, 3),
(170, 80, 60, 'bổ sung phê duyệt 1', '2018-03-16 10:38:54', '2018-03-16 10:38:54', 2, 22),
(171, 82, 43, 'bs', '2018-03-19 07:59:55', '2018-03-19 07:59:55', 1, 2),
(172, 79, 43, 'gfdgd', '2018-03-19 08:00:16', '2018-03-19 08:00:16', 1, 7),
(173, 83, 43, 'thiếu thông tin cá nhân', '2018-03-19 08:44:25', '2018-03-19 08:44:25', 1, 2),
(174, 83, 43, 'thiếu thông tin cá nhân 3', '2018-03-19 08:58:44', '2018-03-19 08:58:44', 1, 2),
(175, 83, 43, '', '2018-03-19 09:00:32', '2018-03-19 09:00:32', 1, 3),
(176, 83, 44, 'bổ sung thêm ghi chú', '2018-03-19 09:09:25', '2018-03-19 09:09:25', 2, 22),
(177, 83, 44, '', '2018-03-19 09:27:28', '2018-03-19 09:27:28', 2, 4);

-- --------------------------------------------------------

--
-- Cấu trúc bảng cho bảng `password_resets`
--

CREATE TABLE `password_resets` (
  `email` varchar(191) COLLATE utf8mb4_unicode_ci NOT NULL,
  `token` varchar(191) COLLATE utf8mb4_unicode_ci NOT NULL,
  `created_at` timestamp NULL DEFAULT NULL
) ENGINE=InnoDB DEFAULT CHARSET=utf8mb4 COLLATE=utf8mb4_unicode_ci;

-- --------------------------------------------------------

--
-- Cấu trúc bảng cho bảng `typeGuides`
--

CREATE TABLE `typeGuides` (
  `id` int(10) UNSIGNED NOT NULL,
  `typeName` varchar(191) COLLATE utf8mb4_unicode_ci DEFAULT NULL,
  `createdAt` timestamp NULL DEFAULT NULL,
  `updatedAt` timestamp NULL DEFAULT NULL,
  `status` tinyint(4) DEFAULT NULL
) ENGINE=InnoDB DEFAULT CHARSET=utf8mb4 COLLATE=utf8mb4_unicode_ci;

--
-- Đang đổ dữ liệu cho bảng `typeGuides`
--

INSERT INTO `typeGuides` (`id`, `typeName`, `createdAt`, `updatedAt`, `status`) VALUES
(1, 'Du lịch sinh thái mai sửa', '2017-11-30 17:08:38', '2017-11-30 17:08:38', 0),
(2, 'Du lịch văn hóa- lịch sử', '2017-11-30 17:08:38', '2017-11-30 17:08:38', 1),
(3, 'Du lịch tâm linh', '2017-12-01 14:55:54', '2017-12-01 15:54:56', 1),
(4, 'Du lịch thể thao-mạo hiểm', '2017-12-01 14:53:53', '2017-12-01 14:53:53', 1),
(5, 'Du lịch MICE, sự kiện', '2017-12-01 14:55:54', '2017-12-01 15:54:56', 1),
(6, 'Du lịch nghiên cứu-học tập', '2017-12-01 14:53:53', '2017-12-01 14:53:53', 1),
(7, 'Du lịch nghỉ dưỡng-chữa bệnh', '2017-12-01 14:55:54', '2017-12-01 15:54:56', 1),
(8, 'Loại hình khác', '2017-12-01 14:53:53', '2017-12-01 14:53:53', 1);

-- --------------------------------------------------------

--
-- Cấu trúc bảng cho bảng `users`
--

CREATE TABLE `users` (
  `id` int(10) UNSIGNED NOT NULL,
  `fullname` varchar(191) COLLATE utf8mb4_unicode_ci NOT NULL,
  `username` varchar(191) COLLATE utf8mb4_unicode_ci NOT NULL,
  `role` varchar(191) COLLATE utf8mb4_unicode_ci NOT NULL,
  `status` varchar(191) COLLATE utf8mb4_unicode_ci NOT NULL,
  `email` varchar(191) COLLATE utf8mb4_unicode_ci NOT NULL,
  `password` varchar(191) COLLATE utf8mb4_unicode_ci NOT NULL,
  `remember_token` varchar(100) COLLATE utf8mb4_unicode_ci DEFAULT NULL,
  `created_at` timestamp NULL DEFAULT NULL,
  `updated_at` timestamp NULL DEFAULT NULL,
  `province_type` tinyint(4) DEFAULT NULL,
  `deleted_at` datetime DEFAULT NULL,
  `memberId` int(11) DEFAULT NULL
) ENGINE=InnoDB DEFAULT CHARSET=utf8mb4 COLLATE=utf8mb4_unicode_ci;

--
-- Đang đổ dữ liệu cho bảng `users`
--

INSERT INTO `users` (`id`, `fullname`, `username`, `role`, `status`, `email`, `password`, `remember_token`, `created_at`, `updated_at`, `province_type`, `deleted_at`, `memberId`) VALUES
(1, 'Duong Dai Dao', 'daiduong47', '9', '1', 'daiduong47@gmail.com', '$2y$10$Oe0H487tJeD1qieoDT2GOuelC.qeKhSkgGar9Gr8124GOOxE8Fgby', '1268ZarE5VXHJZs8sXiOrWmxLfFA7qZz9zikLRconXffN4BYsL7IvVD3xxAi', '2017-11-30 19:22:22', '2017-11-30 19:22:22', 1, NULL, NULL),
(2, 'hattt', 'hattt', '2', '1', 'hattt@eprtech.com', '$2y$10$Oe0H487tJeD1qieoDT2GOuelC.qeKhSkgGar9Gr8124GOOxE8Fgby', 'HKav0XhzFvC8YbC5OCpkDt1pEhC8YkPjfEcUzkYu1xKhNPGNO92pNLWfhPLh', '2017-12-01 01:53:00', '2017-12-01 01:53:00', 1, NULL, 1),
(3, 'Ha Tran Thi Thanh', 'hattt123', '1', '1', 'hattt1@eprtech.com', '$2y$10$Lj9VIoxwvEyfq/fhkoA.zufAx97lcbzflYSLBve9Gck8fRlDB8BHW', '8cjQIYFR2BqImR0uBmqtvDdrPKda6uqaOveg6mZHq3xvwJvP1ecpQLgQYWbI', '2017-12-12 09:37:46', '2017-12-12 09:37:46', 3, NULL, 3),
(4, 'admin', 'administrator', '3', '1', 'admin@gmail.com', '$2y$10$f4mlE8POn6gP31kJN3B1rexIE/8jDHtj0L.XNASYisvS.8/2l12fy', '7XJNB7hlBRXFzo5M2RneiKiBu8ls5Q55MWbeYOpPyO5IxkYMPCBboHldoAyB', '2017-12-12 09:39:40', '2017-12-12 09:39:40', 1, NULL, NULL),
(5, 'Chuyên viên', 'daiduong472', '6', '1', 'daiduong472@gmail.com', '$2y$10$K3Ao1Gk9Kyj7igIIgP94I.YaPDEXAkePe6fSAoO6USr3f5jmSGfSC', 'MzIvyAdbDzMBYf9PDdRgpnQwZdUkThON3c108yqhoDDPIuLgF874QpcBOMzv', '2017-12-12 16:51:37', '2017-12-12 16:51:37', 1, NULL, NULL),
(6, 'Dương Văn Phượng', 'phuongdv', '6', '1', 'duongphuongit@gmail.com', '$2y$10$FkLr.d382OSDEuuCAmw16e5RcB99q0PGhB0BnrsNUoO4qoSwFK4Iq', 'MZEliNFD2LiMZPtSDBqJS91UNiaKjCtpE8XEY6AOJt2QnX8GyHdGPxrMMjtE', '2017-12-12 18:34:58', '2017-12-12 18:34:58', 1, NULL, NULL),
(7, 'tran thi thanh ha', 'hattt2', '73', '1', 'hattt+1@eprtech.com', '$2y$10$i7vbLHQ0kJzq4cwyThULPueRUjpXcN4tV0IFi9lTWEPL7ApulaqqS', 'EDAqjlxlMtOwCoj9nOuAlTI0YTH8NZX8IhWF1d9swbPJiMIOpcEQLEoxZJm9', '2017-12-14 20:05:51', '2017-12-14 20:05:51', 1, NULL, NULL),
(8, 'bui van dung', 'trusohanoi', '7', '1', 'buivandungvn@gmail.com', '$2y$10$M4Q0e1I9r2qRe3XugiZn/epHBbNvufMJGznFqBu0bYetmiDgltwTu', NULL, '2017-12-14 23:33:35', '2017-12-14 23:33:35', 1, NULL, NULL),
(9, 'nguyễn thị thanh thủy', 'thanhthuy123', '6', '1', 'nguyenthanhthuy21490@gmail.com', '$2y$10$1o6f77KMpbhZit6Gxpmw9OQd70UP9KyI6ngyjvnGMmoebcGEhXZi.', NULL, '2017-12-15 02:50:47', '2017-12-15 02:50:47', 1, NULL, NULL),
(10, 'Chuyên viên Hội', 'cvh', '61', '1', 'chuyenvienhoi@hhdulichvn.vn', '$2y$10$Gf7MLSNEaFhHH62pcMB5su3cAiDT/7UtoNGJwbx.Z5ls/zq6yUdSy', 'YFrgGryX82BMzF6J4nD3H8QOXtd1CIPlnbPwhT7ra5svmeSgm4i5MWepsoZX', '2017-12-20 08:06:48', '2017-12-20 08:06:48', 1, NULL, NULL),
(11, 'Lãnh đạo Hội', 'ldh', '8', '1', 'lanhdaohoi@hhdulichvn.vn', '$2y$10$Oe0H487tJeD1qieoDT2GOuelC.qeKhSkgGar9Gr8124GOOxE8Fgby', 'qimkEZWkf48tUeI2MwQuZLrurZK7RfTR0mLUHS8J7jg2ZgrdZ1ulBC8t0F8n', '2017-12-20 08:28:49', '2017-12-20 08:28:49', 1, NULL, NULL),
(12, 'Chuyên Viên Đà Nẵng', 'chuyenviendn', '62', '1', 'chuyenviendn@hhdulich.vn', '$2y$10$3Zc5GeJwQII6Kmzi3CyMH.ygEeERP1K4VDaM/A4vntdZhFSwid0l.', 'hXplMiCrdguYdQN9rddimZZUPC1H4QDXjlMWLznuFdskgKndN0o2pzsAp6tt', '2017-12-20 19:35:08', '2017-12-20 19:35:08', 2, NULL, NULL),
(13, 'Lãnh đạo VPĐD Đà Nẵng', 'lanhdaodn', '72', '1', 'lanhdaodn@hhdulich.vn', '$2y$10$voMAlwUJK.YSblHkQza2F.NhP42Y43DtgrrWVydjPz8UZMWwHqIOS', 'T1nHnI8ez7BcjelrIfjCBcc41Ik9Euw11xpbRUZJaPQ7KBnENw7hjV2E00sh', '2017-12-20 19:38:58', '2017-12-20 19:38:58', 2, NULL, NULL),
(14, 'Chuyên viên Hồ Chí Minh', 'chuyenvienhcm', '63', '1', 'chuyenvienhcm@hhdulich.vn', '$2y$10$6Sr52wNLwfpDu.jc6XlVDuGcX2rFn2Zbz2S/UH.ehAafgDS7Wt0Nm', 'BI5zjOKqcRp8F4u8LdavkZ6ML1ynMqyjigyvOcAsIVY8x0l0xjgrFPZz4T1n', '2017-12-20 19:40:47', '2017-12-20 19:40:47', 3, NULL, NULL),
(15, 'Lãnh đạo VPĐD Hồ Chí Minh', 'lanhdaohcm', '73', '1', 'lanhdaohcm@hhdulich.vn', '$2y$10$yrKS1PKZD4zP6fGdO77WL.ussx2J2MG.Z.uhQN6JyTB4GHPjqm8bS', 'IHk9zpU5mpiaVZfTGeVRZWGQamtGHzuechZIQjRSzGUxUTwjZYqnY55LotvW', '2017-12-20 19:41:37', '2017-12-20 19:41:37', 3, NULL, NULL),
(16, 'Chuyên viên hội đà nẵng 2', 'chuyenviendn2', '9', '1', 'chuyenviendn2@gmail.com', '$2y$10$61BfafM7HyrrtCA6i1LWyeG5Grr/YlfeTYPX7ePdOADHJ1BLUsJpG', 'FGThjmQXrSkyn40q9toakhAq1HbChjKzjXZD8eWm7JPJql3eGyeg4X8nLIlV', '2017-12-20 19:59:26', '2017-12-20 19:59:26', 2, NULL, NULL),
(17, 'Kế toán hội', 'ktoanhoi', '8', '1', 'kethoanhoi@hhdulich.vn', '$2y$10$eDh1dAzfeMg/rRO1YcSZJenMyURsBvQPkphEHsj22Uz3GF5CMjXs6', 'zi5QXqT9cr8auaeY1dQhnjKnVUXWsKmeYaBdBeKVnVxqtr9kzbH0CQpbtvrb', '2017-12-23 07:23:05', '2018-01-17 09:14:10', 1, NULL, NULL),
(18, 'Nguyễn Xuân Bình', 'binhnx2000', '1', '1', 'binhnx2000@yahoo.com', '$2y$10$u.pnTRVbn3Gkh/25c0qvuOw2mmCWjfWNSzSykCU7JNjUi/R9lKZ3a', NULL, '2018-01-11 19:32:35', '2018-01-11 19:32:35', 1, NULL, NULL),
(19, 'Đỗ Tuấn Việt', 'amiviet2012', '1', '1', 'amiviet2012@gmail.com', '$2y$10$442T12bSoDHn/j7PwlOr7eXzZKih0aPcy3ExHgBzSXP49MuopbDb2', NULL, '2018-01-11 19:33:06', '2018-01-11 19:33:06', 1, NULL, NULL),
(20, 'Chuyên viên Hà Nội', 'cvhn', '61', '1', 'cvhn@gmail.com', '$2y$10$4cekl0IFLGWFGYjlVQI.nu06bSSmOQgaK.assOtiFTXyQqtm3wd1G', 'qimkEZWkf48tUeI2MwQuZLrurZK7RfTR0mLUHS8J7jg2ZgrdZ1ulBC8t0F8n', '2018-01-17 09:13:05', '2018-01-17 09:13:05', 1, NULL, NULL),
(21, 'Lãnh đạo hà nội', 'ldhn', '71', '1', 'ldhn@gmail.com', '$2y$10$BwJL3cvO56fMHcd0MGkD0OIEagY56m89QzFletzQV1k1tVyAu3Wia', 'KDfutHTJNgOU3SBso1dJFZ7HHUtXps2kTstK9JOOJXOvJEJ1LXMloGrA2KGk', '2018-01-17 09:13:36', '2018-01-17 09:13:36', 1, NULL, NULL),
(22, 'Chuyên viên Hà Nội', 'HoangLong', '9', '1', 'hoanglonghna@gmail.com', '$2y$10$nwef2nMGZKgil6AVkKC7H.s/nGZLFFfwJFmfhpDD4aBi44Eo0dxMC', 'Ftuh3iWwnGs605hCGh3yLMZRbzBt8izFcZr09LCFkpBzOZrazmJaJ7vcEi9j', '2018-01-17 09:13:05', '2018-01-17 09:13:05', 1, NULL, NULL),
(23, 'Nguyễn Xuân Bình', 'binhnx2000', '1', '1', '1binhnx2000@yahoo.com', '$2y$10$CKgLekARuwwi713ivAjE3.pcP7f9dv8kiWbP5aW2pumCvz/gQkCk2', NULL, '2018-02-03 07:54:15', '2018-02-03 07:54:15', 1, NULL, NULL),
(24, 'Administrator', 'admin', '1', '1', 'admin@hhdulich.vn', '$2y$10$Oe0H487tJeD1qieoDT2GOuelC.qeKhSkgGar9Gr8124GOOxE8Fgby', 'kfYrVCK86pmAgB1dFAaT5gmuQrzLlIiKp8pFYiV5qPPZYohKI7HmhPe06ued', '2017-12-22 10:23:05', '2017-12-22 10:23:05', 1, NULL, 1),
(25, 'Họ tên cvtd HN', 'Tên đăng nhập cvtd HN', '61', '1', 'cvtdhn@gmail.com.vn', '$2y$10$IIFOcmbc2VWmLfuS6dyNnuOIcK.PVSOpuhG4DIz2APR2Pe2jtrgYK', 'AjJuOSsiOVBLjxVqEvKX20oUa9OAOUijzJ6ICKSFIWmn7ljudEt2UHFaxN7M', '2018-02-09 00:45:45', '2018-02-09 00:45:45', 1, NULL, NULL),
(26, 'Họ tên cvtd HCM', 'Tên đăng nhập cvtd HCM', '63', '1', 'cvtdhcm@gmail.com', '$2y$10$wYwR5RA/rieqRRgQnv684Oxynb7/Ym6y.pGmM2slWSY73T3Zi77c2', 'ziMxWFv4dCvjcjF8KMML9lHF4JJouXTeJblblsNBqvrq33JKaoBiyLsLXVdS', '2018-02-09 01:08:12', '2018-02-09 01:08:12', 3, NULL, NULL),
(27, 'họ tên ld hcm', 'tên đăng nhập ldhcm', '73', '1', 'ldhcm@gmail.com', '$2y$10$bDo1srWkIIfUWQuscMVUGeJK4GLzkHBMaq/VCQEjIikM5eEn1aTe.', 'xA3xuuKk0oguaXDMmdzt6bFUZa3UD1hRHbPmEHvjlqZ9DL77qtmlI2elDs1F', '2018-02-09 02:34:47', '2018-02-09 03:11:25', 3, NULL, NULL),
(28, 'nguyễn thị an', 'annthn@hhdulich.vn', '1', '1', 'annt@hhdulich.vn', '$2y$10$VQ2RtjT1xwrT8AvvgKxKJeknpLVD0beGjwQVx4xkRCoGSnjyn/KZ6', NULL, '2018-02-09 02:37:48', '2018-02-09 02:37:48', 1, NULL, NULL),
(29, 'họ tên kế toán', 'tên đăng nhập kế toán', '2', '1', 'kt@gmail.com', '$2y$10$AIzzZfTOhWlnQYOZgIfgm.cchV3Pzo.UpTY9j008KE3iOrDA2AiCy', 'yZDPrYTu6bqEvizuO5DecynXBmvg4GXOlishH1rGIHQUolE9NNjXz65golp3', '2018-02-09 02:38:19', '2018-02-09 02:38:19', 1, NULL, NULL),
(30, 'Ngoan Cố', 'tranha08430', '1', '1', '65_tranha084@gmail.com', '$2y$10$XLgBGzRHq0hBd4OoWhvVkOQ.hfgyf/cLLISRCVcRVQNUi01O764jq', NULL, '2018-02-10 14:21:50', '2018-02-10 14:21:50', 2, NULL, NULL),
(31, 'NGHIÊM TRUNG VIỆT', 'nghiemtrung.viet31', '1', '1', '2_nghiemtrung.viet@gmail.com', '$2y$10$.3o1ir7/ficittpRnrW4bu7cDL3DPlv0uUHJFccR5B56yboLvaFfO', NULL, '2018-02-10 14:40:56', '2018-02-10 14:40:56', 1, NULL, 11),
(32, 'Ngoan Cố', 'tranha08418', '1', '1', '98_tranha084@gmail.com', '$2y$10$R5cVGQKQONTwC3TydjSThOBPvhpZH29QEOxxnxzxMtRtrVRtSO30a', NULL, '2018-02-10 15:00:29', '2018-02-10 15:00:29', 2, NULL, 114),
(33, 'Nguyễn Quang Trung', 'quangtrung.dl081214', '1', '1', '13_quangtrung.dl0812@gmail.com', '$2y$10$yAmwZ2J1r3Yt6ADsYb/oGONwqcPbreoY.KGGVhNN0mKFVQvKUasyO', NULL, '2018-02-10 18:52:23', '2018-02-10 18:52:23', 1, NULL, 1),
(34, 'Nguyễn Quang Trung', 'quangtrung.dl081278', '1', '1', '63_quangtrung.dl0812@gmail.com', '$2y$10$7fEfNf9mAVQr.E0y6w8aQO08F2Wq5.IypvElhRgAtOYmJ36go8FAe', NULL, '2018-02-10 19:27:34', '2018-02-10 19:27:34', 1, NULL, 1),
(35, 'Tran Xuan Toi', 'xuantoi9099', '1', '1', '42_xuantoi90@gmail.com', '$2y$10$7tlCjhlW5.R6XTEEl7jFxeGYCRt4im4SjAZ6WA3wMDNG5N7CVQT7S', NULL, '2018-02-10 20:23:15', '2018-02-10 20:23:15', 1, NULL, 115),
(36, 'Nguyễn Quang Trung', 'quangtrung.dl081296', '1', '1', '30_quangtrung.dl0812@gmail.com', '$2y$10$UWg3BXFTEHcEcrGsQmIoHeHR6ZG/DDXTs5LVtB4umDMWZYrZYNYhe', NULL, '2018-02-10 21:40:31', '2018-02-10 21:40:31', 1, NULL, 1),
(37, 'Nguyễn Quang Trung', 'quangtrung.dl081240', '1', '1', '21_quangtrung.dl0812@gmail.com', '$2y$10$BuoEsfkRNIIPjN.iMb7cXuxe0LDfClER/IkA9dh0y3u0hZaEN4S9S', NULL, '2018-02-10 21:42:42', '2018-02-10 21:42:42', 1, NULL, 1),
(38, 'Nguyễn Quang Trung', 'quangtrung.dl08121', '1', '1', '60_quangtrung.dl0812@gmail.com', '$2y$10$etVqW4GmXwkPuMhxBkwaJO08g1UIZyaCk3BHVeQuq6zsEzLXsrHHK', NULL, '2018-02-10 21:43:36', '2018-02-10 21:43:36', 1, NULL, 1),
(39, 'Nguyễn Đức Hệ', 'dexi19752', '1', '1', '40_dexi1975@yahoo.com.vn', '$2y$10$XfImDwc77/hlhWZSBATIyelCllGcnYryLM4dadyznAzt1ZiTXlwu.', NULL, '2018-02-10 21:52:07', '2018-02-10 21:52:07', 1, NULL, 3),
(40, 'Đỗ Tuấn Việt', 'amiviet201254', '1', '1', '33_amiviet2012@gmail.com', '$2y$10$L0TiaJkQT6rB9lfEuZlj0u7kiKkEXM9tPMDVZbYEZ6WU.AlxA1RPe', NULL, '2018-02-11 01:22:48', '2018-02-11 01:22:48', 1, NULL, 10),
(41, 'Nguyễn Quang Trung', 'quangtrung.dl081292', '1', '1', '26_quangtrung.dl0812@gmail.com', '$2y$10$K3iaWb4Rsia5ZKuQF.RDbOFHdKzbAHPEnFeapZzsh4MH5pEnLdL4.', NULL, '2018-02-11 03:04:45', '2018-02-11 03:04:45', 1, NULL, 1),
(42, 'Tran Xuan Toi', 'xuantoi9062', '1', '1', '58_xuantoi90@gmail.com', '$2y$10$6fZWkr5edut51NHCEtld7unYLQWyuHKZmv82kB2MzOFcz6i4i50L2', NULL, '2018-02-12 10:54:07', '2018-02-12 10:54:07', 1, NULL, 115),
(43, 'Chuyên viên thẩm định hà nội', 'cvtdhn', '61', '1', 'cvtdhn@viettel.com.vn', '$2y$10$nAbCJky.ePJh9WncGXypaOVG3/3yUgErQu/z2O3iLBf2eBYrB/9Vq', 'R0xvhFwxxyJfp59k4ndwE0nfC1hGgmRqzuX6cD2WmRvBBkwXnCqFR62rckMK', '2018-02-22 00:14:04', '2018-02-22 00:14:04', 1, NULL, NULL),
(44, 'Lãnh đạo thẩm định hà nội', 'ldtdhn', '71', '1', 'ldtdhn@viettel.com.vn', '$2y$10$WGKYR/vsnZx4ahku3xl8y.a862ngkTh3ehRD/GVSzQ4Iu8Xo.RJp2', '1XfVjVGyXOi9pYr6djUYPF8D3NnAWWSRQ1UxMqv00i7M05qdSAjhLKASOiwS', '2018-02-22 00:43:09', '2018-02-22 00:43:09', 1, NULL, NULL),
(45, 'Nguyễn Đức Hệ', 'dexi19758', '1', '1', '80_dexi1975@yahoo.com.vn', '$2y$10$lnEThrSbR.4e1EF/vPTrTumaGiioAtKEsEJrIaRCFL0zC8p7NTQce', NULL, '2018-02-22 13:20:52', '2018-02-22 13:20:52', 1, NULL, 3),
(46, 'Cấp thẻ', 'ct', '9', '1', 'ct@viettel.com.vn', '$2y$10$9MZIrqVF0FRhkRQ86YzX7uMgeqBGxH7QDfygIARQBCM.GyAttqa/u', 'PBJHgCwCPyZ8PxYsiu4WnkM63r6zngIPZDw2tnAbgsZxOzgncxtia6UWoc0Y', '2018-02-22 19:08:07', '2018-02-22 19:08:07', 1, NULL, NULL),
(47, 'Lãnh đạo hội', 'ldhhn', '8', '1', 'ldhoi@viettel.com.vn', '$2y$10$AKIfbqsDFUC62hY5P/d3fOo/bmapYTMLZ9Z9O87aXHfCeYeqDV3aG', 'sjy2IRprNulZwBgPEsDuMhU23YUEze2e4EBXjgTBgK2iKT2wuDYT2KFArVrd', '2018-02-22 19:46:11', '2018-02-22 19:46:37', 1, NULL, NULL),
(48, 'kế toán', 'kt', '2', '1', 'kt@viettel.com.vn', '$2y$10$7MKt8lAAtcWlCn2JQeixp.R8ZZrihXyJKHCOzKk11hChuucpSg1AO', '070vRvtLJZ5wLsCMcGdwv0qc2YN46xaCvQah0o9U5DppfeMtH1loWnzgb88m', '2018-02-23 01:35:30', '2018-02-23 01:35:30', 1, NULL, NULL),
(49, 'Tran Xuan Toi', 'xuantoi9067', '1', '1', '50_xuantoi90@gmail.com', '$2y$10$OwgMGtE4XiK9lErqCwfvserU66DEt24437ifILUukMb4QBvbvguQi', NULL, '2018-02-23 02:54:50', '2018-02-23 02:54:50', 1, NULL, 115),
(50, 'Tran Xuan Toi', 'xuantoi9083', '1', '1', '46_xuantoi90@gmail.com', '$2y$10$I14.b33/LyP577EyQ4o4VOUXNC78VSFQ2Ehrge6qqqCPXqJNDpfg2', NULL, '2018-02-23 02:58:05', '2018-02-23 02:58:05', 1, NULL, 115),
(51, 'Tran Xuan Toi', 'tranha08439', '1', '1', '5_tranha084@gmail.com', '$2y$10$Ip0kbLT7wJF3vpU1L2VsteED7JNdU21zDUzbsxEIhQ6PHjTaCRQSa', NULL, '2018-02-23 02:59:23', '2018-02-23 02:59:23', 1, NULL, 115),
(52, 'Chuyên viên thẩm định hồ chí minh', 'cvtdhcm', '63', '1', 'cvtdhcm@viettel.com.vn', '$2y$10$6/bEOe/ZivKzbFdSjZJfCerf1XlcTfHd7UOmKdprMqNsHbMCK98Vy', 'zoI0hAWky2lz84BEphvEPnLctZUeYHyxOFdawQ3j63utzSWpNk5l1gQ3wOYi', '2018-02-23 03:08:04', '2018-02-23 03:08:04', 3, NULL, NULL),
(53, 'Lãnh đạo thẩm định hcm', 'ldtdhcm', '73', '1', 'ldtdhcm@viettel.com.vn', '$2y$10$1QRu1fYyywGEyqz2TinZueYl025/Ygg3LSY4FrJw8yOLGvLAVJBuW', 'FsvFV1gbrTmiIvq9ALm6JKpviwxkKLkXwNbg9CdwqmZjxcm7sskFLNulKnup', '2018-02-23 03:09:12', '2018-02-23 03:09:12', 3, NULL, NULL),
(54, 'Chuyên viên thẩm định đà nẵng', 'cvtddn', '62', '1', 'cvtddn@viettel.com.vn', '$2y$10$Hx8c8YsjbCbcErQGB2K7t.Cba2O4DwZxV.kW1gHGl0HvwTBaatRWa', 'n4MJAR6sxMfYrHkxLWY8lzj0ftkZQpVhhVUXsBNPdeTfujhWz8muRHbIPyoh', '2018-02-23 03:10:21', '2018-02-23 03:12:02', 2, NULL, NULL),
(55, 'Lãnh đạo thẩm định đà nẵng', 'ldtddn', '72', '1', 'ldtddn@viettel.com.vn', '$2y$10$GTyc/UWJeHcgUm6a5jTRte.Ta4Sz7fFMYFNm.3l4D4BwdJ4GeSWGe', 'jPyx8Ex3fB7Y7VS7uk6yXw6I73fqQ135kGel6cwjB0G4oKhbXx9JeglNX6zF', '2018-02-23 03:11:28', '2018-02-23 03:11:28', 2, NULL, NULL),
(56, 'Tran Xuan Toi', 'tranha08415', '1', '1', '73_tranha084@gmail.com', '$2y$10$TPXLK4dSxtLwfik2i5drAOgDK9IoLxAGnukGSOpjTxMlPoFx.bIdu', NULL, '2018-02-23 03:52:45', '2018-02-23 03:52:45', 1, NULL, 115),
(57, 'ádfasdfa', 'maint18100', '1', '1', '2_maint18@viettel.com.vn', '$2y$10$GOI0fK/Xct/xWRA2vJvWKO5c/7qpMhVa6i.neA7b7WK6UJ/SQkT02', NULL, '2018-02-25 16:00:28', '2018-02-25 16:00:28', 1, NULL, 10),
(58, 'dsfasdfa', 'maint1818', '1', '1', '74_maint18@viettel.com.vn', '$2y$10$H3sVcIGAg/gk3MpUGU2WrOBEdzXraBxZiLpcflfp0rlDBNgMmyq2m', NULL, '2018-02-26 08:12:54', '2018-02-26 08:12:54', 1, NULL, 7),
(59, 'Thầm định hồ sơ', 'thamdinhhn', '61', '1', 'abc@gmail.com', '$2y$10$Q4exwiERs9Brf6YMDraO9u3e3MiAVoXbvWVSKFGxsFU.2hpvnRDQW', 'H23cXbqRmybihWSNMgiKYY1KqMsP4v1PVkSppWwO80pQa12IjfVhbmbPRqK2', '2018-02-26 08:36:58', '2018-02-26 08:36:58', 1, NULL, NULL),
(60, 'Phê duyệt hồ sơ', 'pheduyethn', '71', '1', 'pheduyet@gmail.com', '$2y$10$NpTW738lE19sXmej0KN9S.UeOBfkz9h//2unXgSKiFq84WU8jaCFi', 'OhHGem2Y1mb5GrzECKQgkN7Ds1sMtn1tmLsEUBn7mONabQ4s8GPVsjORAE1a', '2018-02-26 08:41:06', '2018-02-26 08:41:06', 1, NULL, NULL),
(61, 'Kế toán', 'ketoanhn', '2', '1', 'ketoan@gmail.com', '$2y$10$SULSmiejljDb24WbLhAMB.xyYVGliUi5mZTsVJnwJ4G8M5cCidmnm', '08ifDyfhI3DxhuRPGQbFeSvyS9QTZB5t57cc91gsI8BJSK54Ijhw5o7CRzbF', '2018-02-26 08:42:36', '2018-02-26 08:42:36', 1, NULL, NULL),
(62, 'Chuyên viên cấp thẻ hội viên', 'capthehn', '9', '1', 'capthe@gmail.com', '$2y$10$vqPaupnYWPhZEzVV/vRiD.1OxkRfxoR4uRVEnpS0Sig49I8BGKSki', 'cPB5UHINzXjYikzalyFpILnxg4c4mzMM9HWT3GyHoMFg5z3Cy6eNPrNALzXd', '2018-02-26 08:43:38', '2018-02-26 08:43:38', 1, NULL, NULL),
(63, 'ha3', 'tranha08440', '1', '1', '90_tranha084@gmail.com', '$2y$10$wqUyu5KopB55z2/7jNl0jO4kByesqn8UM1enckKPUsN8jxE0cbMYK', NULL, '2018-02-26 08:53:51', '2018-02-26 08:53:51', 1, NULL, 1),
(64, 'ha3', 'tranha08498', '1', '1', '81_tranha084@gmail.com', '$2y$10$CFiaLzWaDsY6MZW8Lmtun.6RbOxOMXhIxKzzWvqijA3lZkJui9Wz2', NULL, '2018-02-26 08:55:38', '2018-02-26 08:55:38', 1, NULL, 1),
(65, 'ádfasf', 'maint1874', '1', '1', '5_maint18@viettel.com.vn', '$2y$10$sn6twuxeLYfo1RQLCmXxXejqlemJ6g0xBobLDrIn3Vao7HPOFkb4m', NULL, '2018-02-26 09:00:25', '2018-02-26 09:00:25', 1, NULL, 11),
(66, 'ha4', 'tranha08445', '1', '1', '28_tranha084@gmail.com', '$2y$10$AqtwkceO8mA6lZL/lQCy..lz3Y4OQypfVP7FhrHwW.NJCHwTFYCd.', NULL, '2018-02-26 09:16:14', '2018-02-26 09:16:14', 1, NULL, 4),
(68, 'ha1', 'tranha084116', '1', '1', '27_tranha08411@gmail.com', '$2y$10$3nWnRmR6IL4BnUmyzXXFHez3a3QDKbMOSDa8MJV3K3cZK3x6K15Ky', NULL, '2018-02-26 09:50:00', '2018-02-26 09:50:00', 1, NULL, 3),
(69, 'ha1', 'tranha0841121', '1', '1', '93_tranha08411@gmail.com', '$2y$10$md14hSlaDSIXkWX2tXVQwu4WUfod5OVSRqR3X5k8iPrJEQYQrzm.i', NULL, '2018-02-26 10:00:28', '2018-02-26 10:00:28', 1, NULL, 3),
(70, 'test02_2602', 'abc79', '1', '1', '96_abc@gmail.com', '$2y$10$v9hVGf8gGU54LAzlxBVb0eLC.vTWQYDtjoXuWDr8RghSIY5jI7IHu', NULL, '2018-02-26 10:08:19', '2018-02-26 10:08:19', 1, NULL, 18),
(71, 'sdfasf', 'maint1856', '1', '1', '13_maint18@viettel.com.vn', '$2y$10$75ZouqbFLBOdrMC3ZpTANe2opq2deVE2NojSqtiPwnzIw9208XVcG', NULL, '2018-02-27 10:50:31', '2018-02-27 10:50:31', 1, NULL, 9),
(72, 'test04_2701', 'abc19', '1', '1', '11_abc@gmail.com', '$2y$10$PZdOsDUrU/px0Buh3rP9OePiEjn7eVutGVYRwW1iqPvsi4oUY3WIu', NULL, '2018-03-01 03:06:07', '2018-03-01 03:06:07', 1, NULL, 35),
(73, 'test01_2802', 'abc40', '1', '1', '89_abc@gmail.com', '$2y$10$XouVt.a8cIRe9Cdgw/X7UORFiRMBomeDMBzuCIAJXPXenmdmxxCg2', NULL, '2018-03-01 03:07:03', '2018-03-01 03:07:03', 1, NULL, 13),
(74, 'ha2', 'ngocpbw110283', '1', '1', '29_ngocpbw1102@gmail.com', '$2y$10$oIVJh1sIfxs8JjvkAocfYOBwA6PCJQjbAo1hifF/FMW5HFtGhfU5O', NULL, '2018-03-01 04:03:12', '2018-03-01 04:03:12', 1, NULL, 2),
(75, 'test03_2702', 'abc87', '1', '1', '21_abc@gmail.com', '$2y$10$REijmsj/26qXyJPoaYUrDuLHpmoAftidLZZXK3IZEzIFja/FPHZqW', NULL, '2018-03-01 04:28:25', '2018-03-01 04:28:25', 1, NULL, 34),
(76, 'test02_2702', 'abc14', '1', '1', '59_abc@gmail.com', '$2y$10$Ud/Wqcp/ww3rSm0WpwX7COKCgHI8Y9rInct.bedRA3KSLuLFMTzji', NULL, '2018-03-01 04:31:12', '2018-03-01 04:31:12', 1, NULL, 22),
(77, 'test03_2702', 'abc45', '1', '1', '78_abc@gmail.com', '$2y$10$JqXecDWXA3rFSecWH2MKI.Og2rl/jUdZRFoMAuK2MkB65bgRf3Rru', NULL, '2018-03-01 07:59:30', '2018-03-01 07:59:30', 1, NULL, 23),
(78, 'test02_0103', 'thuyenht90', '1', '1', '41_thuyenht@viettel.com.vn', '$2y$10$o9rfBwLSpF.x7MT75ASXaemkK.A7iAs4./F8D8D1epbxEmh3UKs06', 'J6N3XWD3WTeaHWftefHoyXJ6e5UHDUy34waExcFJe0KcHFg55FRSiSn5tNd2', '2018-03-01 07:59:41', '2018-03-01 07:59:41', 1, NULL, 49),
(79, 'Tes02_0103', 'thuyenht74', '1', '1', '2_thuyenht@viettel.com.vn', '$2y$10$9ecX72bQv8OvhgVg7Rgll.I3EErjSQiNIS8YyACSH8TT9vMrSltJO', 'GmWsbSVM9WFGS0eb8H2ywLXFC5JMnVLeMesoWOyWICD3hYOqzZI5UNNP2OyM', '2018-03-01 07:59:44', '2018-03-01 07:59:44', 1, NULL, 50),
(80, 'Lãnh đạo hội', 'lanhdaohoi', '8', '1', 'lanhdaohoi@gmail.com', '$2y$10$b4d5FbxqYMTIsKTZF0VXCer9YepyjSNQpZy8J0cJ.XIMFKaCuLpGW', 'c1V3SBwRFGT5tAf9owhdWYzKBg0t1MkWXx4QLffIzPA1JbN6HkjR2zZKH4Eh', '2018-03-02 03:35:17', '2018-03-02 03:35:17', 1, NULL, NULL),
(81, 'test bổ sung thông tin hội viên chính thức', 'thuyenht11', '1', '1', '53_thuyenht@viettel.com.vn', '$2y$10$i.euqsjooktdn8pngOQAN.b/SrDJqYykFwf6BUSYpMJ5nml9kv4NK', 'L83i9Kz2rZ7bdQr8bjF0NpA51w9gaDhEfimcRAdJZ32ANp9IyPXQhO40tyA0', '2018-03-02 03:56:43', '2018-03-02 03:56:43', 1, NULL, 52),
(82, 'Nguyễn Thị Mai dữ liệu 24022018_2', 'maint1824', '1', '1', '15_maint18@viettel.com.vn', '$2y$10$dzL39agD3W6QZKSjbOH1xuaYMeJzy11gOTCBOlHeDtUE5iR.xbATW', '0i6sI7Nt4TKch86cliqfBmvSOxfXBQ8K5CoGucQHFRKNJt2jp0x9LgWAX7DB', '2018-03-02 04:42:08', '2018-03-10 02:06:51', 3, NULL, 6),
(83, 'Nguyễn Thị Mai dữ liệu 27022018_1', 'maint1882', '1', '1', '46_maint18@viettel.com.vn', '$2y$10$vBUl4EZpRZGkMZxNJUYuIe/T.4v7jiouckcrR0XXtkj9lQRBKC7hq', NULL, '2018-03-02 07:32:44', '2018-03-02 07:32:44', 1, NULL, 25),
(84, 'Dương Văn Phượng', 'phuongdv16', '1', '1', '12_phuongdv@viettel.com.vn', '$2y$10$G88Dax2JmFVT3tfxYKyFgu2x.vefiU4GY9L2O1.TzMYJc7Tkdak4e', NULL, '2018-03-02 07:40:58', '2018-03-02 07:40:58', 1, NULL, 46),
(85, 'test02_0103', 'thuyenht65', '1', '1', '22_thuyenht@viettel.com.vn', '$2y$10$rNTrazGyBkNQXq0ohWaIdeDu0rcEYLs1oGMivO5WvCq/KaKD9w7Ry', 'xo04FaCPBPIOrk5P6ui8gI9L44kvvXlqNhjki2Sw3cnoz3EFf4GDaO6Ik44k', '2018-03-02 07:42:32', '2018-03-02 07:42:32', 1, NULL, 49),
(86, 'test03_0103', 'thuyenht86', '1', '1', '16_thuyenht@viettel.com.vn', '$2y$10$.0UB3B5BFPMR8XL7eMXGIO39BtRucaG1Q7lLWyXZz78648JcDjIH.', 'B7MGCwQj0WAHMxmnvxXfCFP9Q15nZFwqd0TKANcm3Bb8j7CegVf8qGBKAja2', '2018-03-02 07:44:44', '2018-03-02 07:44:44', 1, NULL, 51),
(87, 'test bổ sung 01', 'thuyenht27', '1', '1', '70_thuyenht@viettel.com.vn', '$2y$10$Jj4oMqTuoCrt3u397nX1XOi0tna6iOQin1YdPiHFdgT9wCpHlOpQO', 'sTh5TQXURDiJJdPC63BUlSwGdNULSJ4QMPX3COEYFbSqq13RksiyClgmIzlt', '2018-03-02 07:47:53', '2018-03-02 07:47:53', 1, NULL, 53),
(88, 'test bổ sung 02', 'thuyenht24', '1', '1', '8_thuyenht@viettel.com.vn', '$2y$10$ymwMm0KS3Ksr0IOpvBTNz.ka3fsDSRdSq4jtT62dKybEO6eVFtGk2', NULL, '2018-03-02 09:14:09', '2018-03-02 09:14:09', 1, NULL, 54),
(89, 'testcapma01', 'thuyenht58', '1', '1', '68_thuyenht@viettel.com.vn', '$2y$10$UXFWbqV.SFrAfZfE8sTnde4rCCPVjysCdjR.sLbVDP/FCmMUWX/qC', NULL, '2018-03-02 09:36:37', '2018-03-02 09:36:37', 1, NULL, 56),
(90, 'testcapma02', 'thuyenht71', '1', '1', '65_thuyenht@viettel.com.vn', '$2y$10$xWd4ehczrKrHzDJsoTDXJev9ZbyHH9gy7vNgTNfHjRy5fncERRDOy', NULL, '2018-03-02 09:45:56', '2018-03-02 09:45:56', 1, NULL, 57),
(91, 'ldhdl', 'ldhdl', '8', '1', 'ldhdl@gmail.com', '$2y$10$e/tZ8yT.o5cNVV/g0um9ReHnV6.UBL/3XRHmlON/pU.QfgkvUiNwC', NULL, '2018-03-06 02:07:45', '2018-03-06 02:07:45', 1, NULL, NULL),
(92, 'Lãnh đạo hội', 'ldhoi', '8', '1', 'lanhdaohoi@viettel.com.vn', '$2y$10$zYtqwGvZlCnwtKWXm8Ip0.NOJFsYwbB.sGkjpGDThFdUdpLmYRoVW', 'm0yXASTWymQZH7aijCfQAOuep6oLaV9z7usd3nE7gxS1JEfzPKPAWz0mdLBL', '2018-03-06 02:33:19', '2018-03-06 02:33:19', 1, NULL, NULL),
(93, 'Nguyễn Thị Hương dữ liệu 27022018_1', 'ngocpbw110276', '1', '1', '89_ngocpbw1102@gmail.com', '$2y$10$9vx1Cr2V2wbNykT45mesu.4N6JuHNJP7/wysA8cXdQmejb091HW/m', NULL, '2018-03-06 04:29:23', '2018-03-06 04:29:23', 1, NULL, 31),
(94, 'testbosungtt_01', 'thuyenht80', '1', '1', '65_thuyenht@viettel.com.vn', '$2y$10$NavI4PjbcJUDZXwRZpm59umNGe3t0MP4uxO5vM/ic8FodmGyVataG', 'NpXm7L7fwFPEIWb3jzmWyeXDK1TS29bCPSQNIUnRa9WQ7s7Pv4bjoDsZuQFs', '2018-03-06 04:40:14', '2018-03-06 04:40:14', 3, NULL, 58),
(95, 'bổ sung 07', 'thuyenht82', '1', '1', '62_thuyenht@viettel.com.vn', '$2y$10$NrZjP5MNTBsvKv4mUr5GiuRSxa56X8U00xXrO/s742pJaNi6DyiyC', 'YnVkjh5daIlGzZlPN2XDw3V9uvtXUxZcH9zmH4tt1t5zZkamgDYjkmJE6y4o', '2018-03-06 04:41:19', '2018-03-06 04:41:19', 1, NULL, 64),
(96, 'Nguyễn Thị Mai 9/3/2018', 'maint1882', '1', '1', '74_maint18@viettel.com.vn', '$2y$10$rcuNeDrSIcqTJ0zYEC3Ar.FEWGAkkHPs7vKLc8rWfc11lnNabW4Ym', NULL, '2018-03-10 01:32:39', '2018-03-10 02:05:44', 2, NULL, 66),
(97, 'Tập Cận Bình', 'demo69', '1', '1', '79_demo@gmail.com', '$2y$10$qXhM4ln90PH6Cfeo2ZOfEeNUskJv1PMvxtX8i5x0qHpTvbC0mYdBu', NULL, '2018-03-12 07:37:10', '2018-03-12 07:37:10', 2, NULL, 29),
(98, 'Cao Thi Thao', 'demo15', '1', '1', '1_demo@gmail.com', '$2y$10$FCj32H2CxdEK08H1fmDkq.5ufRamHbt5XodGZWyv4LmQrjZddThY2', NULL, '2018-03-12 07:37:19', '2018-03-12 07:37:19', 1, NULL, 33),
(99, 'test bố sung 02', 'demo17', '1', '1', '96_demo@gmail.com', '$2y$10$nqWC5IQnMj50AzQ4fOMZKOtMi4.hEAZT5ZqvhIaCX.uFcSbO6HkuW', NULL, '2018-03-12 07:44:26', '2018-03-12 07:44:26', 1, NULL, 59),
(100, 'test bố sung 02', 'demo46', '1', '1', '69_demo@gmail.com', '$2y$10$HXpjowyovt95VYO0SQfb9e0X0RR9/BBANM2lYDFzJar51nsmPwPxi', NULL, '2018-03-12 07:44:26', '2018-03-12 07:44:26', 1, NULL, 59),
(101, 'Nguyễn Thị Mai 12032018_outbound', 'maint1899', '1', '1', '100_maint18@viettel.com', '$2y$10$SegU/GnSZWcJC90pNA.GXu/DiAuYAQSe1keQ5ejwj5NZqWASCatgG', NULL, '2018-03-12 09:02:23', '2018-03-12 09:02:23', 1, NULL, 79),
(102, 'Nguyễn Thị Mai 12032018_nội địa', 'maint1810', '1', '1', '81_maint18@viettel.com', '$2y$10$byFZyXvqJbUc3UP7nFn0we8L/Ft6oOf6xWqmSX3uiVyFtjP3uu9jC', NULL, '2018-03-12 09:02:28', '2018-03-12 09:02:28', 1, NULL, 80),
(103, 'Nguyễn Thị Mai 13032018_tai diem', 'maint1858', '1', '1', '13_maint18@viettel.com.vn', '$2y$10$QlQnFhN4EzWssq39jdLDd.zWulQqVQrYuNMZE9sOxoxGbmwnNCmzG', 'tNAtOmjJ7gweVfks69OfsPl5cimWlDnq7QM80RgWg2tpLrO4EJbH0b4BqQa6', '2018-03-13 07:37:31', '2018-03-13 07:37:31', 1, NULL, 7),
(104, 'Nguyễn Thị Mai 13032018_ inbound', 'maint1861', '1', '1', '8_maint18@viettel.com.vn', '$2y$10$FH1NIk5yKSX1aLV.n4CdJulEwbYUFLwoiSYRG.yNOlvPchtiPERn.', NULL, '2018-03-13 08:06:16', '2018-03-13 08:06:16', 1, NULL, 1),
(105, 'abc2', 'thuyenht42', '1', '1', '17_thuyenht@viettel.com.vn', '$2y$10$VxYXx7qb1V3ySX0fzAUAjO0HiOZH8GuvCdwyWZ1vR5WW9EDd/WeyW', NULL, '2018-03-13 08:06:47', '2018-03-13 08:06:47', 3, NULL, 4),
(106, 'Nguyễn Thị Mai 12032018_nội địa', 'maint1838', '1', '1', '27_maint18@viettel.com.vn', '$2y$10$1/PhWQIvJMvt1QAnQ/732.jzGn2oiAVKDkYlt0jFo4Pbvzpcvu7.q', NULL, '2018-03-13 08:06:51', '2018-03-13 08:06:51', 1, NULL, 5),
(107, 'abc3', 'thuyenht62', '1', '1', '67_thuyenht@viettel.com.vn', '$2y$10$5e2XZLGH2Sse3DGs.B96DuY207L6hc8iCDpo6AaJXvdlq9IyOXNLa', NULL, '2018-03-13 08:06:59', '2018-03-13 08:06:59', 3, NULL, 6),
(108, 'Nguyễn Thị mai 13032018_test ho so', 'maint1869', '1', '1', '57_maint18@viettel.com.vn', '$2y$10$LX9eoelbZ4VnvMyzAejudOJOGaY0ek7pPUW7d1vxBWF/mwQLetmR2', NULL, '2018-03-13 08:07:05', '2018-03-13 08:07:05', 1, NULL, 8),
(109, 'abc4', 'thuyenht91', '1', '1', '85_thuyenht@viettel.com.vn', '$2y$10$YUpBkiDJjDiMUQWX7Yllp..9rgrqjlViYWBHO6si6naBQC2qeBRYe', NULL, '2018-03-13 08:07:08', '2018-03-13 08:07:08', 1, NULL, 9),
(110, 'abc5', 'thuyenht52', '1', '1', '81_thuyenht@viettel.com.vn', '$2y$10$8biLn8la8yQmmYsNSUYPPeGowBXFIXly7G07idcvuFLaq5FMPbxVy', NULL, '2018-03-13 08:07:12', '2018-03-13 08:07:12', 1, NULL, 10),
(111, 'abc6', 'thuyenht1', '1', '1', '7_thuyenht@viettel.com.vn', '$2y$10$anJekrMadTf/YvLbvCPn2.jGB3N49DKD0trf2HqANqilZD5hVgq7O', NULL, '2018-03-13 08:07:15', '2018-03-13 08:07:15', 1, NULL, 12),
(112, 'abc7', 'thuyenht3', '1', '1', '26_thuyenht@viettel.com.vn', '$2y$10$ShbUwuCjcZtmLdDi4RLdN.gQau.k5d1mQ9w59llGTzcZ3zLNp1Q.u', 'YvEWSrFsNPRHQcfF4VtAvazJjs3SSyEKrVQnOIE2j53uTWvjZiZzAA6FfPlt', '2018-03-13 08:07:19', '2018-03-13 08:07:19', 1, NULL, 13),
(113, 'abc8', 'thuyenht88', '1', '1', '60_thuyenht@viettel.com.vn', '$2y$10$9Lddcs.VqfxuJ1HoxLLCQOlDLCyJ1cXlZ069saxgCaPfb0GSeEfmW', NULL, '2018-03-13 15:16:18', '2018-03-13 15:16:18', 1, NULL, 14),
(114, 'Viettel Test', 'ngandt589', '1', '1', '5_ngandt5@viettel.com.vn', '$2y$10$Aq3w8AAwV33/dJJ0q3vVx.T4FRphPt7hbZMWMAVhvef/7WXkCec..', NULL, '2018-03-14 03:39:06', '2018-03-14 03:39:06', 1, NULL, 17),
(115, 'Viettel 1', 'ngandt532', '1', '1', '21_ngandt5@viettel.com.vn', '$2y$10$ZflaMzfSV3HrESaq/HqUz.1XP81yT33BEv.kS4Qrp7RLuZ0Oh9xvS', NULL, '2018-03-14 08:43:41', '2018-03-14 08:43:41', 1, NULL, 34),
(116, 'Viettel 2', '123456781', '1', '1', '74_ngandt5@viettel.com.vn', '$2y$10$bbFRXGncF6WAihYVvAhGquXo0JUiizbsUMYryH0JhdqRLSajOZS2G', NULL, '2018-03-15 08:09:19', '2018-03-15 08:09:19', 1, NULL, 35),
(117, 'thuyên_test1', '888888888', '1', '1', '28_thuyenht@viettel.com.vn', '$2y$10$U3ZaGdecdDVl8s/AYXg9QOSllmMp54VzAwVGILLWn0ifnbQsz8/ge', NULL, '2018-03-15 09:47:17', '2018-03-15 09:47:17', 1, NULL, 57),
(118, 'Viettel 2', '123456782', '1', '1', '28_ngandt5@viettel.com.vn', '$2y$10$XCABn56j43OTurP5xgbc4.huFF9B7DQU5qQfZBD9t2tp8RtgcC/g.', NULL, '2018-03-15 10:13:18', '2018-03-15 10:13:18', 1, NULL, 36),
(119, 'Nguyễn Thị Mai 14032018_tại điểm', '154154154', '1', '1', '46_maint18@viettel.com.vn', '$2y$10$M6UqDwCNNkDEn0FseOOCvOYLodNIR8iPBuFSQEbkC1Sw00dQILO5y', NULL, '2018-03-15 10:13:21', '2018-03-15 10:13:21', 1, NULL, 33),
(120, 'test5', '444444445', '1', '1', '82_thuyenht@viettel.com.vn', '$2y$10$t3hqqYJ8Mlyh3ZNYAKC2CeEl.KW0Hg1o3RleRuFigmpYqxLpP15/e', NULL, '2018-03-15 10:13:24', '2018-03-15 10:13:24', 1, NULL, 28),
(121, 'test4', '444444446', '1', '1', '75_thuyenht@viettel.com.vn', '$2y$10$mLr277uWXo5CmQWlHL/tdeL8sCNkONKlZLhIwtwCAEDfzEBVtAipe', NULL, '2018-03-15 10:13:27', '2018-03-15 10:13:27', 1, NULL, 27),
(122, 'test2', '444444448', '1', '1', '74_thuyenht@viettel.com.vn', '$2y$10$Fu2O6xbbX.hswHYJ.RGV/OOXKRWmo9eGsm5D/YUXmfaEp2DHtW7IC', NULL, '2018-03-15 10:13:36', '2018-03-15 10:13:36', 1, NULL, 24),
(123, 'test1', '444444449', '1', '1', '88_thuyenht@viettel.com.vn', '$2y$10$VCtBPTu97sg9HyVGzJvHP.EcgbNqo664QEgKF10wbL0C2jDGbKdnm', NULL, '2018-03-15 10:13:39', '2018-03-15 10:13:39', 1, NULL, 23),
(124, 'Nguyễn Thị Mai 13032018_outbound', '136136136', '1', '1', '78_maint18@viettel.com.vn', '$2y$10$jrZR6G3.ppcLSJdfYi6Bye3nSG2CiAZSTQfaRxqFm5Uc4ZZs4QT6W', NULL, '2018-03-15 10:13:42', '2018-03-15 10:13:42', 1, NULL, 22),
(125, '123', '333333339', '1', '1', '82_thuyenht@viettel.com.vn', '$2y$10$nO13ohMspEO38z8vbqx4ceRsTSVOW2J8ee8wvHuBsrt2y5WEERMo6', NULL, '2018-03-15 10:13:45', '2018-03-15 10:13:45', 1, NULL, 18),
(126, 'abcd', '101111111', '1', '1', '81_thuyenht@viettel.com.vn', '$2y$10$nrQDdbm0rxfqVo3gnFOIb.OnAarTrcNrIb/v.2nJf6inYQav12v7u', 'C9K5d8BAshtvz2cI4hfsTaM2KMIX62kD51I3f40bKieeB1rEB1nGtV31Fukp', '2018-03-15 10:13:50', '2018-03-15 10:13:50', 1, NULL, 15),
(127, 'Nguyễn Thị Mai 13032018_ inbound', '156156156', '1', '1', '85_maint18@viettel.com.vn', '$2y$10$02rgHba.kj5KEDJY2WBgye5K6H5hiqKNRjlTAnjLkkxdRbsyBhDXS', NULL, '2018-03-15 10:13:55', '2018-03-15 10:13:55', 1, NULL, 1),
(128, 'Viettel 9', '232332243', '1', '1', '63_ngandt5@viettel.com.vn', '$2y$10$Ze29EHWlXCWVF2xxbzyVD.dkxiqZwv.xBElvaiQOPDZ34ry1.HUQe', 'vfVLzPeMk7NWu0KU6NW3T8wl8ehzZXnrWoVnhBHR6zhquItSJ3mZdn6IkNAo', '2018-03-16 03:13:36', '2018-03-16 03:13:36', 1, NULL, 59),
(129, 'test7', '444444443', '1', '1', '97_thuyenht@viettel.com.vn', '$2y$10$d9PSm.r5n8ygg.ZBLM80iuDM7A7cCBDMEK2I4GD/1UBj114V088gO', 'le61JdK0zLp1tiJcBUdVKeXvXmOdh5FfbaOBfaP6S1F6bBw7TEe1V7CRrw30', '2018-03-16 08:04:54', '2018-03-16 08:04:54', 1, NULL, 31);

-- --------------------------------------------------------

--
-- Cấu trúc bảng cho bảng `vita`
--

CREATE TABLE `vita` (
  `id` int(11) NOT NULL,
  `status` tinyint(4) DEFAULT NULL,
  `type` tinyint(4) DEFAULT NULL,
  `name` varchar(255) DEFAULT NULL,
  `position` varchar(255) DEFAULT NULL,
  `company` varchar(255) DEFAULT NULL,
  `address` varchar(255) DEFAULT NULL,
  `deptec` tinyint(1) DEFAULT NULL COMMENT '1: Ban Chấp hành',
  `deptsc` tinyint(1) DEFAULT NULL COMMENT 'Ban Thường trực',
  `deptad` tinyint(1) DEFAULT NULL COMMENT 'Ban Cố vấn',
  `deptex` tinyint(1) DEFAULT NULL COMMENT 'Ban Chuyên môn: 1 - Ban Hội viên, 2 - Ban Đào tạo , 3 -	Ban Truyền thông và sự kiện ',
  `email` varchar(255) DEFAULT NULL,
  `phone` int(25) DEFAULT NULL
) ENGINE=InnoDB DEFAULT CHARSET=utf8;

--
-- Đang đổ dữ liệu cho bảng `vita`
--

INSERT INTO `vita` (`id`, `status`, `type`, `name`, `position`, `company`, `address`, `deptec`, `deptsc`, `deptad`, `deptex`, `email`, `phone`) VALUES
(1, 1, 1, 'Trần Trọng Kiên', 'CT', 'Chủ tịch HĐQT \r\nCông ty CP Du lịch Thiên Minh', 'Tầng 9, số 70-72 Bà Triệu, Q. Hoàn Kiếm, Hà Nội', 1, 1, NULL, NULL, NULL, NULL),
(2, 1, 1, 'Phạm Lê Thảo', 'PCT', 'Phó Vụ trưởng \nVụ Lữ hành Tổng cục Du lịch ', '80 Quán Sứ, Q. Hoàn Kiếm, HN', 1, 1, NULL, NULL, NULL, NULL),
(3, 1, 1, 'Bùi Văn Dũng', 'PCT', 'Trưởng ban Hội viên và Đào tạo HHDLVN', 'tầng 7, số 58 Kim Mã, Q. Ba Đình, HN', 1, NULL, NULL, NULL, NULL, NULL),
(4, 1, 1, 'Hoàng Hữu Lộc', 'PCT', 'Chủ tịch HĐTV Cty TNHH MTV Dịch vụ Lữ hành Saigontourist', '45 Lê Thánh Tôn, Q1, Hồ Chí Minh', 1, NULL, NULL, NULL, NULL, NULL),
(5, 1, 1, 'Trần Văn Long', 'PCT', 'Tổng Giám đốc Công ty CP Truyền thông Du lịch Việt', '175 Nguyễn Thái Bình, Q.1, Hồ Chí Minh', 1, NULL, NULL, NULL, NULL, NULL),
(6, 1, 1, 'Cao Trí Dũng', 'PCT', 'Chủ tịch Chi hội Lữ hành Đà Nẵng', '68 Nguyễn Thị Minh Khai, Q. hải Châu, Đà Nẵng', 1, NULL, NULL, NULL, NULL, NULL),
(7, 1, 1, 'Huỳnh Chí Công', 'UV', 'Phó Giám đốc Phòng hướng dẫn Công ty CP Dịch vụ Du lịch Bến Thành', '82 Calmetle, Q1, Hồ Chí Minh', 1, NULL, NULL, NULL, NULL, NULL),
(8, 1, 1, 'Nguyễn Đức Cường', 'UV', 'Hiệp hội Du lịch TP. HCM', '18 Trương Định, Q3, TP. HCM', 1, NULL, NULL, NULL, NULL, NULL),
(9, 1, 1, 'Lâm Hải Đào', 'UV', 'Giám đốc Phòng hướng dẫn Công ty Cổ phần FIDITOUR', '127 Nguyễn Huệ, Q1, Hồ Chí Minh', 1, NULL, NULL, NULL, NULL, NULL),
(10, 1, 1, 'Huỳnh Công Hiếu', 'UV', 'Phó phòng Hướng dẫn viên quốc tế Công ty TNHH MTV Dịch vụ lữ hành Saigontourist', '45 Lê Thánh Tôn, Q1, Hồ Chí Minh', 1, NULL, NULL, NULL, NULL, NULL),
(11, 1, 1, 'Trần Thị Việt Hương', 'UV', 'Giám đốc ban Hướng dẫn viên Cty CP Du lịch và Tiếp thị GTVT Việt Nam', '160 Pasteur, P6,Q3, Hồ Chí Minh', 1, NULL, NULL, NULL, NULL, NULL),
(12, 1, 1, 'Phan Bửu Toàn', 'UV', 'Phó Hiệu trưởng thường trực Trường Cao Đẳng nghề Du lịch Sài Gòn', '347A Nguyễn Thượng Hiền,', 1, NULL, NULL, NULL, NULL, NULL),
(13, 1, 1, 'Nguyễn Hữu Bình', 'UV', 'Phó Giám đốc Chi nhánh Công ty TNHH JTB-TNT tại Hà Nội', 'Phòng số 6, tầng M Khách sạn  Pan Pacific- Số 1 Đường Thanh Niên, Q. Ba Đình, Hà Nội', 1, NULL, NULL, NULL, NULL, NULL),
(14, 1, 1, 'Vũ Thái Chính', 'UV', 'Chủ tịch CLB Hướng dẫn viên tiếng Nhật Hà Nội', 'Tầng 7, 58 Kim Mã, Ba Đình, Hà Nội', 1, NULL, NULL, NULL, NULL, NULL),
(15, 1, 1, 'Lại Quốc Cường', 'UV', 'Giám đốc Công ty CP Du lịch Vẻ đẹp Việt', '41 Lô 3, Tổ 37A, Thanh Lương,', 1, NULL, NULL, NULL, NULL, NULL),
(16, 1, 1, 'Nguyễn Hồng Đài', 'UV', 'Giám đốc Công tyTNHH Du lịch Quốc tế Thái Bình Dương', 'Số 5 Hàng Chiếu, Hoàn Kiếm, Hà Nội', 1, NULL, NULL, NULL, NULL, NULL),
(17, 1, 1, 'Nguyễn Tiến Đạt', 'UV', 'Phó Giám đốc Công ty Du lịch Trần Việt', 'Tầng 4 Tòa nhà Bắc Á', 1, NULL, NULL, NULL, NULL, NULL),
(18, 1, 1, 'Nguyễn Thị Huyền', 'UV', 'Giám đốc điều hành Công TY TNHH VIETRANTOUR', 'Tầng 1, Tòa nhà Coalimex', 1, NULL, NULL, NULL, NULL, NULL),
(19, 1, 1, 'Nguyễn Thị Thu Mai', 'UV', 'Phó trưởng khoa Du lịch Viện Đại học Mở', 'Nhà B101, Nguyễn Hiền,', 1, NULL, NULL, NULL, NULL, NULL),
(20, 1, 1, 'Nguyễn Hồng Nguyên', '', 'Phó phòng Hướng dẫn Cty Lữ hành Hanoitourist', '18 Lý Thường Kiệt, Q. Hoàn Kiếm, Hà Nội', 1, NULL, NULL, NULL, NULL, NULL),
(21, 1, 1, 'Nguyễn Minh Thắng', 'UV', 'Trợ lý Trưởng phòng Điều hành Công ty TNHH Du lịch Trâu Việt Nam', 'Tầng 9, số 70-72 Bà Triệu, Q. Hoàn Kiếm, Hà Nội', 1, NULL, NULL, NULL, NULL, NULL),
(22, 1, 1, 'Nguyễn Đình Thành', 'UV', 'Hiệp hội Du lịch Đà Nẵng ', '14 Nguyễn Chí Thanh, Q. Hải Châu, TP. Đà Nẵng', 1, NULL, NULL, NULL, NULL, NULL),
(23, 1, 1, 'Lê Tấn Thanh Tùng', 'UV', 'Phó Tổng Giám đốc Công ty Cổ phần Du lịch Việt Nam Vitour', '83 Nguyễn Thị minh Khai, Q. Hải Châu, TP. Đà Nẵng', 1, NULL, NULL, NULL, NULL, NULL),
(24, 1, 1, 'Trần Trà ', 'UV', 'Chủ tịch Chi hội Hướng dẫn viên Du lịch Đà Nẵng', 'J226/1 Trương Nữ Vương,', 1, NULL, NULL, NULL, NULL, NULL),
(25, 1, 1, 'Nguyễn Thế Huệ', 'UV', 'Phó Chủ tịch Hiệp hội Du lịch Quảng Ninh', 'Trụ sở tại Cty CP Du lịch Hạ Long. Đường Hậu Cần, TP. Hạ Long, Quảng Ninh', 1, NULL, NULL, NULL, NULL, NULL),
(26, 1, 1, 'Trần Nhuận Vinh', 'UV', 'Chủ tịch CLB Hướng dẫn viên du lịch Quảng Ninh', 'Số 1 Cảng Mới, Bạch Đằng, TP.', 1, NULL, NULL, NULL, NULL, NULL),
(27, 1, 1, 'Hoàng Tuấn Anh', 'UV', 'Giám đốc Công ty CP Quốc tế nguồn nhân lực', '85/261 Trần Nguyên Hãn, Q.', 1, NULL, NULL, NULL, NULL, NULL),
(28, 1, 1, 'Nguyễn Hữu Bắc', 'UV', 'Chủ tịch Công ty TNHH MTV Đầu tư Du lịch Phuc Group', 'P.11 17 CT1, Tòa nhà Kim Thi,', 1, NULL, NULL, NULL, NULL, NULL),
(29, 1, 1, 'Nguyễn Phương Đông', 'UV', 'Trưởng văn phòng hướng dẫn thăm quan Đô thị cổ Hội An', '01 Cao Lãnh, TP. Hội An, Quảng Nam', 1, NULL, NULL, NULL, NULL, NULL),
(30, 1, 1, 'Nguyễn Tiến Giáp', 'UV', 'Chủ nhiệm CLB Hướng dẫn viên du lịch Thanh Hóa', 'Số 411 Trần Hưng Đạo, TP. Thanh Hóa', 1, NULL, NULL, NULL, NULL, NULL),
(31, 1, 1, 'Lê Đình Huy', 'UV', 'Chủ nhiệm CLB Hướng dẫn viên du lịch Huế', '1/63 La Sơn Phu Tử, Tp. Huế', 1, NULL, NULL, NULL, NULL, NULL),
(32, 1, 1, 'Nguyễn Vũ Khắc Huy', 'UV', 'Giám đốc Công ty TNHH MTV Du lịch VINA Phú Quốc', 'Tổ 14, Đường 30/4 Khu phố 1', 1, NULL, NULL, NULL, NULL, NULL),
(33, 1, 1, 'Trần Mạnh Khang', 'UV', 'Tổ trưởng Hướng dẫn viên Vietravel Cần Thơ', '05-07 Trần Văn Khéo, P. Cái Khế,', 1, NULL, NULL, NULL, NULL, NULL),
(34, 1, 1, 'Nguyễn Thị Xuân Lan', 'UV', 'Giám đốc Công ty TNHH Golden Life', '43A Lê Thánh Tôn, TP. Quy Nhơn, Bình Định', 1, NULL, NULL, NULL, NULL, NULL),
(35, 1, 1, 'Phan Long', 'UV', 'Giám đốc Vietravel Quảng Ngãi', '516 Quang Trung, TP. Quảng Ngãi', 1, NULL, NULL, NULL, NULL, NULL),
(36, 1, 1, 'Hoàng Bình Minh', 'UV', 'Giám đốc Công ty CP Du lịch Ninh Bình', '50 Lý Tự Trọng, TP. Ninh Bình', 1, NULL, NULL, NULL, NULL, NULL),
(37, 1, 1, 'Võ Thanh Mỹ', 'UV', 'Giám đốc Công ty Du lịch Vietravel Vũng Tầu', '150 Trương Công Định,', 1, NULL, NULL, NULL, NULL, NULL),
(38, 1, 1, 'Phạm Chí Ta', 'UV', 'Giám đốc Công ty TNHH Lữ hành Cao nguyên Việt Nam', '24 Lý Thường Kiệt, TP.', 1, NULL, NULL, NULL, NULL, NULL),
(39, 1, 1, 'Bùi Minh Thắng', 'UV', 'Giám đốc Công ty TNHH DVDL Thương mại Phương Thắng', '31 Nguyễn Cảnh Đức, TP. Nha Trang, Khánh Hòa', 1, NULL, NULL, NULL, NULL, NULL),
(40, 1, 1, 'Đinh Văn Thép', 'UV', 'Chủ tịch HĐQT Công ty TNHH MTV Du lịch Thái Hân', '68 Nguyễn Thái Học,', 1, NULL, NULL, NULL, NULL, NULL),
(41, 1, 1, 'Võ Đức Trung', 'UV', 'Giám đốc Chi nhánh Công ty CP Mạo Hiểm Việt tại Đà Lạt', '109 Nguyễn Văn Trỗi, TP.Đà Lạt, Lâm Đồng', 1, NULL, NULL, NULL, NULL, NULL),
(42, 1, 1, 'Nguyễn Cường Hiền', 'Ủy viên', NULL, NULL, NULL, 1, NULL, NULL, NULL, NULL),
(43, 1, 1, 'Nguyễn Hữu Trà', 'Ủy viên', NULL, NULL, NULL, 1, NULL, NULL, NULL, NULL),
(44, 1, 1, 'Chu Đức Ảnh', 'Ủy viên', NULL, NULL, NULL, 1, NULL, NULL, NULL, NULL),
(45, 1, 1, 'Phạm Mạnh Cương', 'Trưởng ban', NULL, NULL, NULL, NULL, NULL, 1, 'cuongpm84@gmail.com', 986989661),
(46, 1, 1, 'Nguyễn Quang Trung', 'Trưởng ban', NULL, NULL, NULL, NULL, NULL, 2, 'quangtrung.dl0812@gmail.com', 973581219);

-- --------------------------------------------------------

--
-- Cấu trúc bảng cho bảng `workHistory`
--

CREATE TABLE `workHistory` (
  `id` int(10) UNSIGNED NOT NULL,
  `memberId` int(10) UNSIGNED NOT NULL,
  `elementId` int(10) UNSIGNED NOT NULL,
  `createdAt` timestamp NULL DEFAULT NULL,
  `updatedAt` timestamp NULL DEFAULT NULL
) ENGINE=InnoDB DEFAULT CHARSET=utf8mb4 COLLATE=utf8mb4_unicode_ci;

--
-- Đang đổ dữ liệu cho bảng `workHistory`
--

INSERT INTO `workHistory` (`id`, `memberId`, `elementId`, `createdAt`, `updatedAt`) VALUES
(3, 2, 3, NULL, NULL),
(4, 2, 4, NULL, NULL),
(5, 3, 5, NULL, NULL),
(6, 4, 6, NULL, NULL),
(7, 4, 7, NULL, NULL),
(8, 5, 8, NULL, NULL),
(9, 5, 9, NULL, NULL),
(10, 6, 10, NULL, NULL),
(11, 7, 3, NULL, NULL),
(12, 7, 11, NULL, NULL),
(13, 8, 12, NULL, NULL),
(14, 8, 13, NULL, NULL),
(15, 9, 14, NULL, NULL),
(16, 10, 15, NULL, NULL),
(17, 11, 3, NULL, NULL),
(18, 11, 16, NULL, NULL),
(19, 12, 17, NULL, NULL),
(20, 13, 18, NULL, NULL),
(21, 14, 19, NULL, NULL),
(22, 15, 20, NULL, NULL),
(25, 18, 23, NULL, NULL),
(26, 19, 24, NULL, NULL),
(27, 20, 25, NULL, NULL),
(28, 21, 26, NULL, NULL),
(29, 21, 27, NULL, NULL),
(30, 22, 28, NULL, NULL),
(31, 22, 29, NULL, NULL),
(32, 23, 30, NULL, NULL),
(33, 24, 31, NULL, NULL),
(34, 25, 32, NULL, NULL),
(35, 26, 3, NULL, NULL),
(36, 26, 33, NULL, NULL),
(37, 27, 34, NULL, NULL),
(38, 28, 35, NULL, NULL),
(39, 28, 36, NULL, NULL),
(40, 29, 37, NULL, NULL),
(41, 30, 3, NULL, NULL),
(42, 30, 38, NULL, NULL),
(44, 32, 40, NULL, NULL),
(45, 32, 11, NULL, NULL),
(46, 32, 41, NULL, NULL),
(47, 33, 40, NULL, NULL),
(48, 34, 42, NULL, NULL),
(49, 35, 43, NULL, NULL),
(50, 36, 43, NULL, NULL),
(51, 37, 44, NULL, NULL),
(53, 38, 46, NULL, NULL),
(54, 39, 47, NULL, NULL),
(55, 40, 43, NULL, NULL),
(56, 41, 48, NULL, NULL),
(57, 41, 49, NULL, NULL),
(58, 42, 40, NULL, NULL),
(59, 42, 50, NULL, NULL),
(60, 43, 51, NULL, NULL),
(61, 44, 52, NULL, NULL),
(62, 44, 53, NULL, NULL),
(63, 45, 54, NULL, NULL),
(64, 46, 55, NULL, NULL),
(65, 46, 56, NULL, NULL),
(66, 46, 57, NULL, NULL),
(67, 47, 58, NULL, NULL),
(68, 48, 59, NULL, NULL),
(69, 49, 60, NULL, NULL),
(70, 49, 16, NULL, NULL),
(71, 50, 61, NULL, NULL),
(72, 51, 62, NULL, NULL),
(73, 51, 63, NULL, NULL),
(74, 51, 64, NULL, NULL),
(75, 52, 65, NULL, NULL),
(76, 52, 66, NULL, NULL),
(78, 54, 68, NULL, NULL),
(79, 55, 69, NULL, NULL),
(80, 55, 70, NULL, NULL),
(81, 56, 71, NULL, NULL),
(82, 57, 72, NULL, NULL),
(83, 57, 73, NULL, NULL),
(85, 58, 74, NULL, NULL),
(86, 58, 75, NULL, NULL),
(87, 59, 76, NULL, NULL),
(88, 60, 77, NULL, NULL),
(89, 60, 78, NULL, NULL),
(90, 60, 79, NULL, NULL),
(91, 60, 80, NULL, NULL),
(92, 61, 76, NULL, NULL),
(93, 62, 76, NULL, NULL),
(94, 53, 67, '2018-03-16 04:31:30', '2018-03-16 04:31:30'),
(95, 63, 76, NULL, NULL),
(96, 64, 81, NULL, NULL),
(97, 64, 82, NULL, NULL),
(98, 64, 83, NULL, NULL),
(99, 64, 84, NULL, NULL),
(100, 64, 85, NULL, NULL),
(101, 64, 86, NULL, NULL),
(102, 64, 87, NULL, NULL),
(103, 64, 88, NULL, NULL),
(104, 64, 89, NULL, NULL),
(105, 64, 90, NULL, NULL),
(106, 64, 91, NULL, NULL),
(107, 64, 92, NULL, NULL),
(108, 64, 93, NULL, NULL),
(109, 64, 36, NULL, NULL),
(110, 65, 94, NULL, NULL),
(111, 65, 95, NULL, NULL),
(112, 66, 94, NULL, NULL),
(113, 66, 95, NULL, NULL),
(114, 67, 94, NULL, NULL),
(115, 67, 95, NULL, NULL),
(116, 68, 94, NULL, NULL),
(117, 68, 95, NULL, NULL),
(118, 69, 96, NULL, NULL),
(121, 71, 97, NULL, NULL),
(122, 71, 90, NULL, NULL),
(123, 71, 98, NULL, NULL),
(124, 71, 36, NULL, NULL),
(125, 72, 94, NULL, NULL),
(126, 72, 95, NULL, NULL),
(127, 73, 99, NULL, NULL),
(130, 74, 94, NULL, NULL),
(131, 74, 95, NULL, NULL),
(132, 75, 94, NULL, NULL),
(133, 75, 95, NULL, NULL),
(134, 76, 94, NULL, NULL),
(135, 76, 95, NULL, NULL),
(136, 77, 94, NULL, NULL),
(137, 77, 95, NULL, NULL),
(138, 78, 94, NULL, NULL),
(139, 78, 95, NULL, NULL),
(142, 70, 94, '2018-03-16 08:37:33', '2018-03-16 08:37:33'),
(143, 70, 95, '2018-03-16 08:37:33', '2018-03-16 08:37:33'),
(144, 16, 21, '2018-03-16 08:39:20', '2018-03-16 08:39:20'),
(154, 31, 112, NULL, NULL),
(155, 31, 27, NULL, NULL),
(166, 79, 116, '2018-03-16 10:06:28', '2018-03-16 10:06:28'),
(167, 79, 116, '2018-03-16 10:06:28', '2018-03-16 10:06:28'),
(168, 79, 117, '2018-03-16 10:06:28', '2018-03-16 10:06:28'),
(169, 79, 118, '2018-03-16 10:06:28', '2018-03-16 10:06:28'),
(170, 1, 121, NULL, NULL),
(171, 1, 122, NULL, NULL),
(172, 80, 123, NULL, NULL),
(173, 17, 124, NULL, NULL),
(174, 81, 125, NULL, NULL),
(175, 81, 126, NULL, NULL),
(176, 82, 125, NULL, NULL),
(177, 82, 126, NULL, NULL),
(183, 83, 127, '2018-03-19 08:59:51', '2018-03-19 08:59:51'),
(184, 83, 128, '2018-03-19 08:59:51', '2018-03-19 08:59:51'),
(185, 83, 129, '2018-03-19 08:59:51', '2018-03-19 08:59:51');

-- --------------------------------------------------------

--
-- Cấu trúc bảng cho bảng `works`
--

CREATE TABLE `works` (
  `id` int(10) UNSIGNED NOT NULL,
  `elementName` varchar(191) COLLATE utf8mb4_unicode_ci DEFAULT NULL,
  `typeOfContract` tinyint(4) DEFAULT NULL,
  `fromDate` datetime DEFAULT NULL,
  `toDate` datetime DEFAULT NULL,
  `createdAt` timestamp NULL DEFAULT NULL,
  `updatedAt` timestamp NULL DEFAULT NULL,
  `status` tinyint(4) DEFAULT NULL
) ENGINE=InnoDB DEFAULT CHARSET=utf8mb4 COLLATE=utf8mb4_unicode_ci;

--
-- Đang đổ dữ liệu cho bảng `works`
--

INSERT INTO `works` (`id`, `elementName`, `typeOfContract`, `fromDate`, `toDate`, `createdAt`, `updatedAt`, `status`) VALUES
(3, 'Tên doanh nghiệp 1', 1, '2014-01-01 00:00:00', '2016-01-01 00:00:00', '2018-03-13 02:59:56', '2018-03-13 02:59:56', NULL),
(4, 'Tên doanh nghiệp 2', 2, '2015-01-01 00:00:00', '2016-01-01 00:00:00', '2018-03-13 02:59:56', '2018-03-13 02:59:56', NULL),
(5, 'abc1', 1, '2014-01-01 00:00:00', '2014-01-01 00:00:00', '2018-03-13 03:05:04', '2018-03-13 03:05:04', NULL),
(6, 'abc2', 1, '2014-01-01 00:00:00', '2014-01-01 00:00:00', '2018-03-13 03:10:03', '2018-03-13 03:10:03', NULL),
(7, 'abc2', 2, '2013-01-01 00:00:00', '2014-01-01 00:00:00', '2018-03-13 03:10:03', '2018-03-13 03:10:03', NULL),
(8, 'Tên doanh nghiệp 1', 1, '2015-01-01 00:00:00', '2016-01-01 00:00:00', '2018-03-13 03:11:17', '2018-03-13 03:11:17', NULL),
(9, 'Tên doanh nghieepjj 2', 2, '2014-01-01 00:00:00', '2016-01-01 00:00:00', '2018-03-13 03:11:17', '2018-03-13 03:11:17', NULL),
(10, 'abc3', 1, '2013-01-01 00:00:00', '2013-01-01 00:00:00', '2018-03-13 03:11:40', '2018-03-13 03:11:40', NULL),
(11, 'Tên doanh nghiệp 2', 2, '2016-01-01 00:00:00', '2018-01-01 00:00:00', '2018-03-13 03:14:55', '2018-03-13 03:14:55', NULL),
(12, 'sdfasf', 1, '2014-01-01 00:00:00', '2014-01-01 00:00:00', '2018-03-13 03:35:52', '2018-03-13 03:35:52', NULL),
(13, 'sdfasdfa', 2, NULL, NULL, '2018-03-13 03:35:52', '2018-03-13 03:35:52', NULL),
(14, 'abc4', 2, '2014-01-01 00:00:00', '2014-01-01 00:00:00', '2018-03-13 04:42:24', '2018-03-13 04:42:24', NULL),
(15, 'abc5', 1, '2014-01-01 00:00:00', '2015-01-01 00:00:00', '2018-03-13 06:57:24', '2018-03-13 06:57:24', NULL),
(16, 'Tên doanh nghiệp 2', 2, '2015-01-01 00:00:00', '2017-01-01 00:00:00', '2018-03-13 07:00:48', '2018-03-13 07:00:48', NULL),
(17, 'abc', 1, '2014-01-01 00:00:00', '2013-01-01 00:00:00', '2018-03-13 07:13:06', '2018-03-13 07:13:06', NULL),
(18, 'abc7', 1, '2013-01-01 00:00:00', '2017-01-01 00:00:00', '2018-03-13 07:16:53', '2018-03-13 07:16:53', NULL),
(19, 'abc', 2, '2013-01-01 00:00:00', '2014-01-01 00:00:00', '2018-03-13 07:20:27', '2018-03-13 07:20:27', NULL),
(20, 'abc', 2, '2014-01-01 00:00:00', '2014-01-01 00:00:00', '2018-03-13 07:22:15', '2018-03-13 07:22:15', NULL),
(21, '111111421', 1, '2018-01-01 00:00:00', '2018-01-01 00:00:00', '2018-03-13 15:29:33', '2018-03-13 15:29:33', NULL),
(23, 'abc', 1, '2013-01-01 00:00:00', '2014-01-01 00:00:00', '2018-03-14 02:42:54', '2018-03-14 02:42:54', NULL),
(24, 'abc', 1, '2017-01-01 00:00:00', '2015-01-01 00:00:00', '2018-03-14 03:31:48', '2018-03-14 03:31:48', NULL),
(25, 'absdfsdfdsf', 1, '2014-01-01 00:00:00', '2015-01-01 00:00:00', '2018-03-14 03:34:11', '2018-03-14 03:34:11', NULL),
(26, 'ádfasdf', 1, '2014-01-01 00:00:00', '2015-01-01 00:00:00', '2018-03-14 03:37:23', '2018-03-14 03:37:23', NULL),
(27, 'sdfasdf', 2, NULL, NULL, '2018-03-14 03:37:23', '2018-03-14 03:37:23', NULL),
(28, 'sdfasdfa', 1, '2014-01-01 00:00:00', '2016-01-01 00:00:00', '2018-03-14 03:40:40', '2018-03-14 03:40:40', NULL),
(29, 'ádfasdf', 2, NULL, NULL, '2018-03-14 03:40:40', '2018-03-14 03:40:40', NULL),
(30, 'FSDFSDFDS', 1, '2014-01-01 00:00:00', '2018-01-01 00:00:00', '2018-03-14 03:58:44', '2018-03-14 03:58:44', NULL),
(31, 'àdasd', 1, '2014-01-01 00:00:00', '2015-01-01 00:00:00', '2018-03-14 04:01:34', '2018-03-14 04:01:34', NULL),
(32, 'sdfsdf', 1, '2013-01-01 00:00:00', '2014-01-01 00:00:00', '2018-03-14 04:03:19', '2018-03-14 04:03:19', NULL),
(33, 'Tên doanh nghiệp 2', 2, '2017-01-01 00:00:00', '2018-01-01 00:00:00', '2018-03-14 04:04:03', '2018-03-14 04:04:03', NULL),
(34, 'ádfsd', 1, '2014-01-01 00:00:00', '2013-01-01 00:00:00', '2018-03-14 04:05:08', '2018-03-14 04:05:08', NULL),
(35, 'sadfsdfdsf', 1, '2014-01-01 00:00:00', '2015-01-01 00:00:00', '2018-03-14 04:08:33', '2018-03-14 04:08:33', NULL),
(36, NULL, NULL, NULL, NULL, '2018-03-14 04:08:33', '2018-03-14 04:08:33', NULL),
(37, 'sdf', 1, '2013-01-01 00:00:00', '2014-01-01 00:00:00', '2018-03-14 04:10:14', '2018-03-14 04:10:14', NULL),
(38, 'Tên doanh nghiệp 2', 2, '2016-01-01 00:00:00', '2017-01-01 00:00:00', '2018-03-14 04:11:30', '2018-03-14 04:11:30', NULL),
(40, 'Tên doanh nghiệp 1', 1, '2014-01-01 00:00:00', '2015-01-01 00:00:00', '2018-03-14 04:15:27', '2018-03-14 04:15:27', NULL),
(41, 'Tên doanh nghiệp 3', 1, '2013-01-01 00:00:00', '2015-01-01 00:00:00', '2018-03-14 04:15:27', '2018-03-14 04:15:27', NULL),
(42, 'rrr', 1, '2013-01-01 00:00:00', '2017-01-01 00:00:00', '2018-03-14 04:20:04', '2018-03-14 04:20:04', NULL),
(43, 'Viettrantour', 1, '2013-01-01 00:00:00', '2018-01-01 00:00:00', '2018-03-14 04:22:42', '2018-03-14 04:22:42', NULL),
(44, 'fdf', 1, '2013-01-01 00:00:00', '2017-01-01 00:00:00', '2018-03-14 10:29:23', '2018-03-14 10:29:23', NULL),
(45, 'sdfsd', 1, '2013-01-01 00:00:00', '2014-01-01 00:00:00', '2018-03-14 10:30:16', '2018-03-14 10:30:16', NULL),
(46, 'sdfsd', 1, '2015-01-01 00:00:00', '2015-01-01 00:00:00', '2018-03-14 10:31:14', '2018-03-14 10:31:14', NULL),
(47, '123567895123567895123567895', 2, '2018-01-01 00:00:00', '2018-01-01 00:00:00', '2018-03-15 03:53:49', '2018-03-15 03:53:49', NULL),
(48, 'Viettrantour', 1, '2013-01-01 00:00:00', '2016-01-01 00:00:00', '2018-03-15 04:29:04', '2018-03-15 04:29:04', NULL),
(49, 'qưerrt', 2, '2016-01-01 00:00:00', '2018-01-01 00:00:00', '2018-03-15 04:29:04', '2018-03-15 04:29:04', NULL),
(50, 'Tên doanh nghiệp 2', 2, '2016-01-01 00:00:00', '2020-01-01 00:00:00', '2018-03-15 04:29:59', '2018-03-15 04:29:59', NULL),
(51, 'sdfdsfdsfsd', 1, '2014-01-01 00:00:00', '2014-01-01 00:00:00', '2018-03-15 04:31:40', '2018-03-15 04:31:40', NULL),
(52, 'sdfsdf', 1, '2013-01-01 00:00:00', '2018-01-01 00:00:00', '2018-03-15 04:36:10', '2018-03-15 04:36:10', NULL),
(53, 'adfsdfdsfdsf', 1, '2014-01-01 00:00:00', '2018-01-01 00:00:00', '2018-03-15 04:36:10', '2018-03-15 04:36:10', NULL),
(54, 'Tên doanh nghiệp 1', 1, '2014-01-01 00:00:00', '2018-01-01 00:00:00', '2018-03-15 04:38:59', '2018-03-15 04:38:59', NULL),
(55, 'sadasdasd', 1, '2014-01-01 00:00:00', '2018-01-01 00:00:00', '2018-03-15 04:39:11', '2018-03-15 04:39:11', NULL),
(56, 'ádasdas', 1, '2014-01-01 00:00:00', '2013-01-01 00:00:00', '2018-03-15 04:39:11', '2018-03-15 04:39:11', NULL),
(57, 'ádsadas', 1, '2018-01-01 00:00:00', '2013-01-01 00:00:00', '2018-03-15 04:39:11', '2018-03-15 04:39:11', NULL),
(58, '535353211', 2, '2018-01-01 00:00:00', '2018-01-01 00:00:00', '2018-03-15 04:52:59', '2018-03-15 04:52:59', NULL),
(59, 'Tên doanh nghiệp 1', 2, '2015-01-01 00:00:00', '2017-01-01 00:00:00', '2018-03-15 04:52:59', '2018-03-15 04:52:59', NULL),
(60, 'Tên doanh nghiệp1', 1, '2013-01-01 00:00:00', '2016-01-01 00:00:00', '2018-03-15 06:38:43', '2018-03-15 06:38:43', NULL),
(61, '678978998678978998', 2, '2018-01-01 00:00:00', '2018-01-01 00:00:00', '2018-03-15 06:44:37', '2018-03-15 06:44:37', NULL),
(62, 'DN1', 1, '2018-01-01 00:00:00', '2015-01-01 00:00:00', '2018-03-15 06:53:07', '2018-03-15 06:53:07', NULL),
(63, 'DN22222222222222222222222222222333333333333333333333333334444444444444444444444444444444444444444444', 2, '2015-01-01 00:00:00', '2019-01-01 00:00:00', '2018-03-15 06:53:07', '2018-03-15 06:53:07', NULL),
(64, 'DN3', NULL, NULL, NULL, '2018-03-15 06:53:07', '2018-03-15 06:53:07', NULL),
(65, 'ewewew', 1, '2018-01-01 00:00:00', '2014-01-01 00:00:00', '2018-03-15 07:30:20', '2018-03-15 07:30:20', NULL),
(66, 'ew', 1, '2018-01-01 00:00:00', '2013-01-01 00:00:00', '2018-03-15 07:30:20', '2018-03-15 07:30:20', NULL),
(67, '632222222', 2, '2018-01-01 00:00:00', '2018-01-01 00:00:00', '2018-03-15 07:33:57', '2018-03-15 07:33:57', NULL),
(68, '323232323', 2, '2018-01-01 00:00:00', '2018-01-01 00:00:00', '2018-03-15 07:38:02', '2018-03-15 07:38:02', NULL),
(69, 'vn', 1, '2018-01-01 00:00:00', '2014-01-01 00:00:00', '2018-03-15 09:18:01', '2018-03-15 09:18:01', NULL),
(70, 'fdf', NULL, NULL, NULL, '2018-03-15 09:18:01', '2018-03-15 09:18:01', NULL),
(71, 'ểwr', 1, '2013-01-01 00:00:00', '2015-01-01 00:00:00', '2018-03-15 09:27:16', '2018-03-15 09:27:16', NULL),
(72, 'abc', 1, '2018-01-01 00:00:00', '2013-01-01 00:00:00', '2018-03-15 09:27:39', '2018-03-15 09:27:39', NULL),
(73, 'sdfsdfsdfsddssssssssssssssssssssssssssssssssssssssssssssssssssssssssss', 2, '2018-01-01 00:00:00', '2015-01-01 00:00:00', '2018-03-15 09:27:39', '2018-03-15 09:27:39', NULL),
(74, 'ểwr', 1, '2018-01-01 00:00:00', '2015-01-01 00:00:00', '2018-03-15 09:31:06', '2018-03-15 09:31:06', NULL),
(75, 'dsads', NULL, NULL, NULL, '2018-03-15 09:31:29', '2018-03-15 09:31:29', NULL),
(76, 'vn', 1, '2014-01-01 00:00:00', '2018-01-01 00:00:00', '2018-03-16 02:29:02', '2018-03-16 02:29:02', NULL),
(77, 'Sau nửa thế kỷ, nhiều người Mỹ vẫn chưa thể vượt qua được nỗi ám ảnh của cuộc thảm sát Mỹ Lai. Mike', 1, '2013-01-01 00:00:00', '2014-01-01 00:00:00', '2018-03-16 02:36:06', '2018-03-16 02:36:06', NULL),
(78, 'Sau nửa thế kỷ, nhiều người Mỹ vẫn chưa thể vượt qua được nỗi ám ảnh của cuộc thảm sát Mỹ Lai. Mike', 1, '2014-01-01 00:00:00', '2015-01-01 00:00:00', '2018-03-16 02:36:06', '2018-03-16 02:36:06', NULL),
(79, 'Sau nửa thế kỷ, nhiều người Mỹ vẫn chưa thể vượt qua được nỗi ám ảnh của cuộc thảm sát Mỹ Lai. Mike', 1, '2015-01-01 00:00:00', '2014-01-01 00:00:00', '2018-03-16 02:36:06', '2018-03-16 02:36:06', NULL),
(80, 'Sau nửa thế kỷ, nhiều người Mỹ vẫn chưa thể vượt qua được nỗi ám ảnh của cuộc thảm sát Mỹ Lai. Mike', 1, '2014-01-01 00:00:00', '2014-01-01 00:00:00', '2018-03-16 02:36:06', '2018-03-16 02:36:06', NULL),
(81, 'Tên doanh nghiệp 1Tên doanh nghiệp 1Tên doanh nghiệp 1Tên doanh nghiệp 1Tên doanh nghiệp 1Tên doaEnd', 1, '2014-01-01 00:00:00', '2018-01-01 00:00:00', '2018-03-16 04:34:40', '2018-03-16 04:34:40', NULL),
(82, 'Tên doanh nghiệp 2Tên doanh nghiệp 2Tên doanh nghiệp 2Tên doanh nghiệp 2Tên doanh nghiệp 2Tên doaEnđ', 2, '2015-01-01 00:00:00', '2023-01-01 00:00:00', '2018-03-16 04:34:40', '2018-03-16 04:34:40', NULL),
(83, 'sdfadf', NULL, NULL, NULL, '2018-03-16 04:34:40', '2018-03-16 04:34:40', NULL),
(84, 'ádfadf', NULL, NULL, NULL, '2018-03-16 04:34:40', '2018-03-16 04:34:40', NULL),
(85, 'ádfaf', NULL, NULL, NULL, '2018-03-16 04:34:40', '2018-03-16 04:34:40', NULL),
(86, 'ádfasdf', NULL, NULL, NULL, '2018-03-16 04:34:40', '2018-03-16 04:34:40', NULL),
(87, 'sdfasdf', NULL, NULL, NULL, '2018-03-16 04:34:40', '2018-03-16 04:34:40', NULL),
(88, 'ádfasdfa', NULL, NULL, NULL, '2018-03-16 04:34:40', '2018-03-16 04:34:40', NULL),
(89, 'sdfasdfas', NULL, NULL, NULL, '2018-03-16 04:34:40', '2018-03-16 04:34:40', NULL),
(90, NULL, 2, NULL, NULL, '2018-03-16 04:34:40', '2018-03-16 04:34:40', NULL),
(91, NULL, NULL, '2019-01-01 00:00:00', '2018-01-01 00:00:00', '2018-03-16 04:34:40', '2018-03-16 04:34:40', NULL),
(92, NULL, NULL, '2018-01-01 00:00:00', NULL, '2018-03-16 04:34:40', '2018-03-16 04:34:40', NULL),
(93, NULL, NULL, NULL, '2015-01-01 00:00:00', '2018-03-16 04:34:40', '2018-03-16 04:34:40', NULL),
(94, 'HỘI HƯỚNG DẪN VIÊN DU LỊCH VIỆT NAMHỘI HƯỚNG DẪN VIÊN DU LỊCH VIỆT NAMHỘI HƯỚNG DẪN VIÊN DU LỊCH VIỆ', 1, '2013-01-01 00:00:00', '2018-01-01 00:00:00', '2018-03-16 06:32:45', '2018-03-16 06:32:45', NULL),
(95, 'HỘI HƯỚNG DẪN VIÊN DU LỊCH VIỆT NAMHỘI HƯỚNG DẪN VIÊN DU LỊCH VIỆT NAMHỘI HƯỚNG DẪN VIÊN DU LỊCH VIỆ', 2, '2015-01-01 00:00:00', '2018-01-01 00:00:00', '2018-03-16 06:32:45', '2018-03-16 06:32:45', NULL),
(96, 'sdfsdfdsfsdfsdfdsfdsfdsfdsffffffffffffffffffffffffffffffffffffffffffffffffffffffffffffffffgggggggggg', 1, '2014-01-01 00:00:00', '2014-01-01 00:00:00', '2018-03-16 06:39:48', '2018-03-16 06:39:48', NULL),
(97, 'Tên doanh nghiệp 1Tên doanh nghiệp 1Tên doanh nghiệp 1Tên doanh nghiệp 1Tên doanh nghiệp 1Tên doaEnđ', 1, '2014-01-01 00:00:00', '2018-01-01 00:00:00', '2018-03-16 06:44:56', '2018-03-16 06:44:56', NULL),
(98, NULL, NULL, '2015-01-01 00:00:00', NULL, '2018-03-16 06:44:56', '2018-03-16 06:44:56', NULL),
(99, 'sdfasdf', 1, '2014-01-01 00:00:00', '2015-01-01 00:00:00', '2018-03-16 07:25:47', '2018-03-16 07:25:47', NULL),
(104, 'sdfsdfsd', 1, '2014-01-01 00:00:00', '2014-01-01 00:00:00', '2018-03-16 09:09:19', '2018-03-16 09:09:19', NULL),
(107, 'dsfsdfds sửa', 1, '2014-01-01 00:00:00', '2014-01-01 00:00:00', '2018-03-16 09:25:25', '2018-03-16 09:25:25', NULL),
(108, 'dsfsdfds sửa', 2, '2013-01-01 00:00:00', '2015-01-01 00:00:00', '2018-03-16 09:25:25', '2018-03-16 09:25:25', NULL),
(109, 'dsfsdfds sửa', 1, '2013-01-01 00:00:00', '2015-01-01 00:00:00', '2018-03-16 09:25:25', '2018-03-16 09:25:25', NULL),
(112, 'dsfsdfds', 1, '2014-01-01 00:00:00', '2013-01-01 00:00:00', '2018-03-16 09:28:16', '2018-03-16 09:28:16', NULL),
(113, '11111111111sua2', 1, '2014-01-01 00:00:00', '2014-01-01 00:00:00', '2018-03-16 09:37:41', '2018-03-16 09:37:41', NULL),
(114, '11111111111sua2', 2, '2013-01-01 00:00:00', '2015-01-01 00:00:00', '2018-03-16 09:37:41', '2018-03-16 09:37:41', NULL),
(115, '11111111111sua2', 1, '2013-01-01 00:00:00', '2015-01-01 00:00:00', '2018-03-16 09:37:41', '2018-03-16 09:37:41', NULL),
(116, 'bổ sung thẩm định lần 3', 1, '2014-01-01 00:00:00', '2014-01-01 00:00:00', '2018-03-16 09:55:06', '2018-03-16 09:55:06', NULL),
(117, 'bổ sung thẩm định lần 3', 2, '2013-01-01 00:00:00', '2015-01-01 00:00:00', '2018-03-16 09:55:06', '2018-03-16 09:55:06', NULL),
(118, 'bổ sung thẩm định lần 3', 1, '2013-01-01 00:00:00', '2015-01-01 00:00:00', '2018-03-16 09:55:06', '2018-03-16 09:55:06', NULL),
(121, 'Tên doanh nghiệp 123355', 1, '2014-01-01 00:00:00', '2013-01-01 00:00:00', '2018-03-16 10:10:07', '2018-03-16 10:10:07', NULL),
(122, 'Tên doanh nghiệp 223355', 2, '2013-01-01 00:00:00', '2015-01-01 00:00:00', '2018-03-16 10:10:07', '2018-03-16 10:10:07', NULL),
(123, 'dsfsfdsdf', 1, '2014-01-01 00:00:00', '2015-01-01 00:00:00', '2018-03-16 10:37:11', '2018-03-16 10:37:11', NULL),
(124, 'Viettrantour', 1, '2013-01-01 00:00:00', '2017-01-01 00:00:00', '2018-03-19 01:50:33', '2018-03-19 01:50:33', NULL),
(125, 'Tên doanh nghiệp đã và đang công tác Tên doanh nghiệp đã và đang công tác', 1, '2013-01-01 00:00:00', '2016-01-01 00:00:00', '2018-03-19 04:37:54', '2018-03-19 04:37:54', NULL),
(126, 'Tên doanh nghiệp đã và đang công tác 11111', 2, '2016-01-01 00:00:00', '2018-01-01 00:00:00', '2018-03-19 04:37:54', '2018-03-19 04:37:54', NULL),
(127, 'Tên doanh nghiệp đã và đang công tác Tên doanh nghiệp đã và đang công tác', 1, '2014-01-01 00:00:00', '2015-01-01 00:00:00', '2018-03-19 08:42:18', '2018-03-19 08:42:18', NULL),
(128, 'Tên doanh nghiệp đã và đang công tác 11111', 2, '2014-01-01 00:00:00', '2018-01-01 00:00:00', '2018-03-19 08:42:18', '2018-03-19 08:42:18', NULL),
(129, '222', 1, '2013-01-01 00:00:00', '2014-01-01 00:00:00', '2018-03-19 08:47:46', '2018-03-19 08:47:46', NULL);

--
-- Chỉ mục cho các bảng đã đổ
--

--
-- Chỉ mục cho bảng `achievementFiles`
--
ALTER TABLE `achievementFiles`
  ADD PRIMARY KEY (`id`),
  ADD KEY `achievementfiles_memberid_foreign` (`memberId`),
  ADD KEY `achievementfiles_fileid_foreign` (`fileId`);

--
-- Chỉ mục cho bảng `code`
--
ALTER TABLE `code`
  ADD PRIMARY KEY (`id`);

--
-- Chỉ mục cho bảng `educationBranches`
--
ALTER TABLE `educationBranches`
  ADD PRIMARY KEY (`id`);

--
-- Chỉ mục cho bảng `educationDegrees`
--
ALTER TABLE `educationDegrees`
  ADD PRIMARY KEY (`id`);

--
-- Chỉ mục cho bảng `educations`
--
ALTER TABLE `educations`
  ADD PRIMARY KEY (`id`),
  ADD KEY `educations_memberid_foreign` (`memberId`),
  ADD KEY `educations_branchid_foreign` (`branchId`),
  ADD KEY `educations_degreeid_foreign` (`degreeId`),
  ADD KEY `educations_fileid_foreign` (`fileId`);

--
-- Chỉ mục cho bảng `elements`
--
ALTER TABLE `elements`
  ADD PRIMARY KEY (`id`),
  ADD KEY `elements_memberid_foreign` (`memberId`),
  ADD KEY `elements_typeguideid_foreign` (`typeGuideId`),
  ADD KEY `elements_groupsizeid_foreign` (`groupSizeId`);

--
-- Chỉ mục cho bảng `failed_jobs`
--
ALTER TABLE `failed_jobs`
  ADD PRIMARY KEY (`id`);

--
-- Chỉ mục cho bảng `files`
--
ALTER TABLE `files`
  ADD PRIMARY KEY (`id`);

--
-- Chỉ mục cho bảng `groupSizes`
--
ALTER TABLE `groupSizes`
  ADD PRIMARY KEY (`id`);

--
-- Chỉ mục cho bảng `jobs`
--
ALTER TABLE `jobs`
  ADD PRIMARY KEY (`id`),
  ADD KEY `jobs_queue_index` (`queue`);

--
-- Chỉ mục cho bảng `languageLevels`
--
ALTER TABLE `languageLevels`
  ADD PRIMARY KEY (`id`);

--
-- Chỉ mục cho bảng `languages`
--
ALTER TABLE `languages`
  ADD PRIMARY KEY (`id`);

--
-- Chỉ mục cho bảng `languageSkills`
--
ALTER TABLE `languageSkills`
  ADD PRIMARY KEY (`id`),
  ADD KEY `languageskills_memberid_foreign` (`memberId`),
  ADD KEY `languageskills_languageid_foreign` (`languageId`),
  ADD KEY `languageskills_levelid_foreign` (`levelId`),
  ADD KEY `languageskills_fileid_foreign` (`fileId`);

--
-- Chỉ mục cho bảng `leader_signing_decision`
--
ALTER TABLE `leader_signing_decision`
  ADD PRIMARY KEY (`id`);

--
-- Chỉ mục cho bảng `majors`
--
ALTER TABLE `majors`
  ADD PRIMARY KEY (`id`);

--
-- Chỉ mục cho bảng `majorSkillFiles`
--
ALTER TABLE `majorSkillFiles`
  ADD PRIMARY KEY (`id`),
  ADD KEY `majorskillfiles_memberid_foreign` (`memberId`),
  ADD KEY `majorskillfiles_fileid_foreign` (`fileId`);

--
-- Chỉ mục cho bảng `majorSkills`
--
ALTER TABLE `majorSkills`
  ADD PRIMARY KEY (`id`),
  ADD KEY `majorskills_memberid_foreign` (`memberId`),
  ADD KEY `majorskills_majorid_foreign` (`majorId`);

--
-- Chỉ mục cho bảng `memberAvatars`
--
ALTER TABLE `memberAvatars`
  ADD PRIMARY KEY (`id`),
  ADD KEY `memberavatars_memberid_foreign` (`memberId`),
  ADD KEY `memberavatars_fileid_foreign` (`fileId`);

--
-- Chỉ mục cho bảng `members`
--
ALTER TABLE `members`
  ADD PRIMARY KEY (`id`);

--
-- Chỉ mục cho bảng `members_tmp`
--
ALTER TABLE `members_tmp`
  ADD PRIMARY KEY (`id`);

--
-- Chỉ mục cho bảng `members_tmp_bk`
--
ALTER TABLE `members_tmp_bk`
  ADD PRIMARY KEY (`id`);

--
-- Chỉ mục cho bảng `member_decision_file`
--
ALTER TABLE `member_decision_file`
  ADD PRIMARY KEY (`id`,`memberId`),
  ADD KEY `memberId` (`memberId`);

--
-- Chỉ mục cho bảng `member_payments`
--
ALTER TABLE `member_payments`
  ADD PRIMARY KEY (`id`),
  ADD UNIQUE KEY `memberId` (`memberId`);

--
-- Chỉ mục cho bảng `migrations`
--
ALTER TABLE `migrations`
  ADD PRIMARY KEY (`id`);

--
-- Chỉ mục cho bảng `notes`
--
ALTER TABLE `notes`
  ADD PRIMARY KEY (`id`);

--
-- Chỉ mục cho bảng `password_resets`
--
ALTER TABLE `password_resets`
  ADD KEY `password_resets_email_index` (`email`);

--
-- Chỉ mục cho bảng `typeGuides`
--
ALTER TABLE `typeGuides`
  ADD PRIMARY KEY (`id`);

--
-- Chỉ mục cho bảng `users`
--
ALTER TABLE `users`
  ADD PRIMARY KEY (`id`);

--
-- Chỉ mục cho bảng `vita`
--
ALTER TABLE `vita`
  ADD PRIMARY KEY (`id`);

--
-- Chỉ mục cho bảng `workHistory`
--
ALTER TABLE `workHistory`
  ADD PRIMARY KEY (`id`),
  ADD KEY `workhistory_memberid_foreign` (`memberId`),
  ADD KEY `workhistory_elementid_foreign` (`elementId`);

--
-- Chỉ mục cho bảng `works`
--
ALTER TABLE `works`
  ADD PRIMARY KEY (`id`);

--
-- AUTO_INCREMENT cho các bảng đã đổ
--

--
-- AUTO_INCREMENT cho bảng `achievementFiles`
--
ALTER TABLE `achievementFiles`
  MODIFY `id` int(10) UNSIGNED NOT NULL AUTO_INCREMENT;

--
-- AUTO_INCREMENT cho bảng `code`
--
ALTER TABLE `code`
  MODIFY `id` int(11) NOT NULL AUTO_INCREMENT, AUTO_INCREMENT=5;

--
-- AUTO_INCREMENT cho bảng `educationBranches`
--
ALTER TABLE `educationBranches`
  MODIFY `id` int(10) UNSIGNED NOT NULL AUTO_INCREMENT, AUTO_INCREMENT=4;

--
-- AUTO_INCREMENT cho bảng `educationDegrees`
--
ALTER TABLE `educationDegrees`
  MODIFY `id` int(10) UNSIGNED NOT NULL AUTO_INCREMENT, AUTO_INCREMENT=5;

--
-- AUTO_INCREMENT cho bảng `educations`
--
ALTER TABLE `educations`
  MODIFY `id` int(10) UNSIGNED NOT NULL AUTO_INCREMENT, AUTO_INCREMENT=108;

--
-- AUTO_INCREMENT cho bảng `elements`
--
ALTER TABLE `elements`
  MODIFY `id` int(10) UNSIGNED NOT NULL AUTO_INCREMENT, AUTO_INCREMENT=108;

--
-- AUTO_INCREMENT cho bảng `failed_jobs`
--
ALTER TABLE `failed_jobs`
  MODIFY `id` bigint(20) UNSIGNED NOT NULL AUTO_INCREMENT;

--
-- AUTO_INCREMENT cho bảng `files`
--
ALTER TABLE `files`
  MODIFY `id` int(10) UNSIGNED NOT NULL AUTO_INCREMENT, AUTO_INCREMENT=376;

--
-- AUTO_INCREMENT cho bảng `groupSizes`
--
ALTER TABLE `groupSizes`
  MODIFY `id` int(10) UNSIGNED NOT NULL AUTO_INCREMENT, AUTO_INCREMENT=6;

--
-- AUTO_INCREMENT cho bảng `jobs`
--
ALTER TABLE `jobs`
  MODIFY `id` bigint(20) UNSIGNED NOT NULL AUTO_INCREMENT, AUTO_INCREMENT=91;

--
-- AUTO_INCREMENT cho bảng `languageLevels`
--
ALTER TABLE `languageLevels`
  MODIFY `id` int(10) UNSIGNED NOT NULL AUTO_INCREMENT, AUTO_INCREMENT=9;

--
-- AUTO_INCREMENT cho bảng `languages`
--
ALTER TABLE `languages`
  MODIFY `id` int(10) UNSIGNED NOT NULL AUTO_INCREMENT, AUTO_INCREMENT=11;

--
-- AUTO_INCREMENT cho bảng `languageSkills`
--
ALTER TABLE `languageSkills`
  MODIFY `id` int(10) UNSIGNED NOT NULL AUTO_INCREMENT, AUTO_INCREMENT=59;

--
-- AUTO_INCREMENT cho bảng `leader_signing_decision`
--
ALTER TABLE `leader_signing_decision`
  MODIFY `id` int(10) UNSIGNED NOT NULL AUTO_INCREMENT, AUTO_INCREMENT=5;

--
-- AUTO_INCREMENT cho bảng `majors`
--
ALTER TABLE `majors`
  MODIFY `id` int(10) UNSIGNED NOT NULL AUTO_INCREMENT, AUTO_INCREMENT=9;

--
-- AUTO_INCREMENT cho bảng `majorSkillFiles`
--
ALTER TABLE `majorSkillFiles`
  MODIFY `id` int(10) UNSIGNED NOT NULL AUTO_INCREMENT;

--
-- AUTO_INCREMENT cho bảng `majorSkills`
--
ALTER TABLE `majorSkills`
  MODIFY `id` int(10) UNSIGNED NOT NULL AUTO_INCREMENT, AUTO_INCREMENT=108;

--
-- AUTO_INCREMENT cho bảng `memberAvatars`
--
ALTER TABLE `memberAvatars`
  MODIFY `id` int(10) UNSIGNED NOT NULL AUTO_INCREMENT;

--
-- AUTO_INCREMENT cho bảng `members`
--
ALTER TABLE `members`
  MODIFY `id` int(10) UNSIGNED NOT NULL AUTO_INCREMENT, AUTO_INCREMENT=84;

--
-- AUTO_INCREMENT cho bảng `members_tmp`
--
ALTER TABLE `members_tmp`
  MODIFY `id` int(10) UNSIGNED NOT NULL AUTO_INCREMENT, AUTO_INCREMENT=21;

--
-- AUTO_INCREMENT cho bảng `members_tmp_bk`
--
ALTER TABLE `members_tmp_bk`
  MODIFY `id` int(10) UNSIGNED NOT NULL AUTO_INCREMENT;

--
-- AUTO_INCREMENT cho bảng `member_decision_file`
--
ALTER TABLE `member_decision_file`
  MODIFY `id` int(10) NOT NULL AUTO_INCREMENT, AUTO_INCREMENT=44;

--
-- AUTO_INCREMENT cho bảng `member_payments`
--
ALTER TABLE `member_payments`
  MODIFY `id` int(11) NOT NULL AUTO_INCREMENT, AUTO_INCREMENT=56;

--
-- AUTO_INCREMENT cho bảng `migrations`
--
ALTER TABLE `migrations`
  MODIFY `id` int(10) UNSIGNED NOT NULL AUTO_INCREMENT, AUTO_INCREMENT=24;

--
-- AUTO_INCREMENT cho bảng `notes`
--
ALTER TABLE `notes`
  MODIFY `id` int(11) NOT NULL AUTO_INCREMENT, AUTO_INCREMENT=178;

--
-- AUTO_INCREMENT cho bảng `typeGuides`
--
ALTER TABLE `typeGuides`
  MODIFY `id` int(10) UNSIGNED NOT NULL AUTO_INCREMENT, AUTO_INCREMENT=9;

--
-- AUTO_INCREMENT cho bảng `users`
--
ALTER TABLE `users`
  MODIFY `id` int(10) UNSIGNED NOT NULL AUTO_INCREMENT, AUTO_INCREMENT=130;

--
-- AUTO_INCREMENT cho bảng `vita`
--
ALTER TABLE `vita`
  MODIFY `id` int(11) NOT NULL AUTO_INCREMENT, AUTO_INCREMENT=47;

--
-- AUTO_INCREMENT cho bảng `workHistory`
--
ALTER TABLE `workHistory`
  MODIFY `id` int(10) UNSIGNED NOT NULL AUTO_INCREMENT, AUTO_INCREMENT=186;

--
-- AUTO_INCREMENT cho bảng `works`
--
ALTER TABLE `works`
  MODIFY `id` int(10) UNSIGNED NOT NULL AUTO_INCREMENT, AUTO_INCREMENT=130;

--
-- Các ràng buộc cho các bảng đã đổ
--

--
-- Các ràng buộc cho bảng `achievementFiles`
--
ALTER TABLE `achievementFiles`
  ADD CONSTRAINT `achievementfiles_fileid_foreign` FOREIGN KEY (`fileId`) REFERENCES `files` (`id`) ON DELETE CASCADE ON UPDATE CASCADE,
  ADD CONSTRAINT `achievementfiles_memberid_foreign` FOREIGN KEY (`memberId`) REFERENCES `members` (`id`) ON DELETE CASCADE ON UPDATE CASCADE;

--
-- Các ràng buộc cho bảng `educations`
--
ALTER TABLE `educations`
  ADD CONSTRAINT `educations_branchid_foreign` FOREIGN KEY (`branchId`) REFERENCES `educationBranches` (`id`) ON DELETE CASCADE ON UPDATE CASCADE,
  ADD CONSTRAINT `educations_degreeid_foreign` FOREIGN KEY (`degreeId`) REFERENCES `educationDegrees` (`id`) ON DELETE CASCADE ON UPDATE CASCADE,
  ADD CONSTRAINT `educations_fileid_foreign` FOREIGN KEY (`fileId`) REFERENCES `files` (`id`) ON DELETE SET NULL ON UPDATE CASCADE,
  ADD CONSTRAINT `educations_memberid_foreign` FOREIGN KEY (`memberId`) REFERENCES `members` (`id`) ON DELETE CASCADE ON UPDATE CASCADE;

--
-- Các ràng buộc cho bảng `elements`
--
ALTER TABLE `elements`
  ADD CONSTRAINT `elements_groupsizeid_foreign` FOREIGN KEY (`groupSizeId`) REFERENCES `groupSizes` (`id`) ON DELETE CASCADE ON UPDATE CASCADE,
  ADD CONSTRAINT `elements_memberid_foreign` FOREIGN KEY (`memberId`) REFERENCES `members` (`id`) ON DELETE CASCADE ON UPDATE CASCADE,
  ADD CONSTRAINT `elements_typeguideid_foreign` FOREIGN KEY (`typeGuideId`) REFERENCES `typeGuides` (`id`) ON DELETE CASCADE ON UPDATE CASCADE;

--
-- Các ràng buộc cho bảng `languageSkills`
--
ALTER TABLE `languageSkills`
  ADD CONSTRAINT `languageskills_fileid_foreign` FOREIGN KEY (`fileId`) REFERENCES `files` (`id`) ON DELETE SET NULL ON UPDATE CASCADE,
  ADD CONSTRAINT `languageskills_languageid_foreign` FOREIGN KEY (`languageId`) REFERENCES `languages` (`id`) ON DELETE CASCADE ON UPDATE CASCADE,
  ADD CONSTRAINT `languageskills_levelid_foreign` FOREIGN KEY (`levelId`) REFERENCES `languageLevels` (`id`) ON DELETE CASCADE ON UPDATE CASCADE,
  ADD CONSTRAINT `languageskills_memberid_foreign` FOREIGN KEY (`memberId`) REFERENCES `members` (`id`) ON DELETE CASCADE ON UPDATE CASCADE;

--
-- Các ràng buộc cho bảng `majorSkillFiles`
--
ALTER TABLE `majorSkillFiles`
  ADD CONSTRAINT `majorskillfiles_fileid_foreign` FOREIGN KEY (`fileId`) REFERENCES `files` (`id`) ON DELETE CASCADE ON UPDATE CASCADE,
  ADD CONSTRAINT `majorskillfiles_memberid_foreign` FOREIGN KEY (`memberId`) REFERENCES `members` (`id`) ON DELETE CASCADE ON UPDATE CASCADE;

--
-- Các ràng buộc cho bảng `majorSkills`
--
ALTER TABLE `majorSkills`
  ADD CONSTRAINT `majorskills_majorid_foreign` FOREIGN KEY (`majorId`) REFERENCES `majors` (`id`) ON DELETE CASCADE ON UPDATE CASCADE,
  ADD CONSTRAINT `majorskills_memberid_foreign` FOREIGN KEY (`memberId`) REFERENCES `members` (`id`) ON DELETE CASCADE ON UPDATE CASCADE;

--
-- Các ràng buộc cho bảng `memberAvatars`
--
ALTER TABLE `memberAvatars`
  ADD CONSTRAINT `memberavatars_fileid_foreign` FOREIGN KEY (`fileId`) REFERENCES `files` (`id`) ON DELETE CASCADE ON UPDATE CASCADE,
  ADD CONSTRAINT `memberavatars_memberid_foreign` FOREIGN KEY (`memberId`) REFERENCES `members` (`id`) ON DELETE CASCADE ON UPDATE CASCADE;

--
-- Các ràng buộc cho bảng `member_decision_file`
--
ALTER TABLE `member_decision_file`
  ADD CONSTRAINT `member_decision_file_ibfk_1` FOREIGN KEY (`memberId`) REFERENCES `members` (`id`) ON DELETE CASCADE ON UPDATE CASCADE;

--
-- Các ràng buộc cho bảng `member_payments`
--
ALTER TABLE `member_payments`
  ADD CONSTRAINT `member_payments_ibfk_1` FOREIGN KEY (`memberId`) REFERENCES `members` (`id`) ON DELETE CASCADE ON UPDATE CASCADE;
COMMIT;

/*!40101 SET CHARACTER_SET_CLIENT=@OLD_CHARACTER_SET_CLIENT */;
/*!40101 SET CHARACTER_SET_RESULTS=@OLD_CHARACTER_SET_RESULTS */;
/*!40101 SET COLLATION_CONNECTION=@OLD_COLLATION_CONNECTION */;
